(0,0,0,2): 11662
(0,0,1,2): 14994
(0,0,2,2): 19159
(0,0,3,2): 22491
(0,0,4,2): 26656
(0,0,5,2): 29988
(0,0,6,2): 22491
(0,0,7,2): 25823
(0,0,8,2): 14994
(0,0,9,2): 18326
(0,0,10,2): 7497
(0,0,11,2): 10829
(0,0,12,2): 14994
(0,0,13,2): 18326
(0,0,14,2): 22491
(0,0,15,2): 25823
(0,0,16,2): 29988
(0,0,17,2): 33320
(0,0,18,2): 22491
(0,0,19,2): 25823
(0,0,20,2): 19992
(0,0,21,2): 19992
(0,0,22,2): 19992
(0,0,23,2): 19992
(0,1,0,3): 10820.5
(0,1,1,3): 13912.1
(0,1,2,3): 17776.6
(0,1,3,3): 20868.1
(0,1,4,3): 24732.6
(0,1,5,3): 27824.2
(0,1,6,3): 20868.1
(0,1,7,3): 23959.7
(0,1,8,3): 13912.1
(0,1,9,3): 17003.7
(0,1,10,3): 6956.05
(0,1,11,3): 10047.6
(0,1,12,3): 13912.1
(0,1,13,3): 17003.7
(0,1,14,3): 20868.1
(0,1,15,3): 23959.7
(0,1,16,3): 27824.2
(0,1,17,3): 30915.8
(0,1,18,3): 20868.1
(0,1,19,3): 23959.7
(0,1,20,3): 18549.5
(0,1,21,3): 18549.5
(0,1,22,3): 18549.5
(0,1,23,3): 18549.5
(0,2,0,4): 12503.5
(0,2,1,4): 16075.9
(0,2,2,4): 20541.4
(0,2,3,4): 24113.9
(0,2,4,4): 28579.4
(0,2,5,4): 32151.8
(0,2,6,4): 24113.9
(0,2,7,4): 27686.3
(0,2,8,4): 16075.9
(0,2,9,4): 19648.3
(0,2,10,4): 8037.95
(0,2,11,4): 11610.4
(0,2,12,4): 16075.9
(0,2,13,4): 19648.3
(0,2,14,4): 24113.9
(0,2,15,4): 27686.3
(0,2,16,4): 32151.8
(0,2,17,4): 35724.2
(0,2,18,4): 24113.9
(0,2,19,4): 27686.3
(0,2,20,4): 21434.5
(0,2,21,4): 21434.5
(0,2,22,4): 21434.5
(0,2,23,4): 21434.5
(0,3,0,6): 10820.5
(0,3,1,6): 13912.1
(0,3,2,6): 17776.6
(0,3,3,6): 20868.1
(0,3,4,6): 24732.6
(0,3,5,6): 27824.2
(0,3,6,6): 20868.1
(0,3,7,6): 23959.7
(0,3,8,6): 13912.1
(0,3,9,6): 17003.7
(0,3,10,6): 6956.05
(0,3,11,6): 10047.6
(0,3,12,6): 13912.1
(0,3,13,6): 17003.7
(0,3,14,6): 20868.1
(0,3,15,6): 23959.7
(0,3,16,6): 27824.2
(0,3,17,6): 30915.8
(0,3,18,6): 20868.1
(0,3,19,6): 23959.7
(0,3,20,6): 18549.5
(0,3,21,6): 18549.5
(0,3,22,6): 18549.5
(0,3,23,6): 18549.5
(0,4,0,6): 12503.5
(0,4,1,6): 16075.9
(0,4,2,6): 20541.4
(0,4,3,6): 24113.9
(0,4,4,6): 28579.4
(0,4,5,6): 32151.8
(0,4,6,6): 24113.9
(0,4,7,6): 27686.3
(0,4,8,6): 16075.9
(0,4,9,6): 19648.3
(0,4,10,6): 8037.95
(0,4,11,6): 11610.4
(0,4,12,6): 16075.9
(0,4,13,6): 19648.3
(0,4,14,6): 24113.9
(0,4,15,6): 27686.3
(0,4,16,6): 32151.8
(0,4,17,6): 35724.2
(0,4,18,6): 24113.9
(0,4,19,6): 27686.3
(0,4,20,6): 21434.5
(0,4,21,6): 21434.5
(0,4,22,6): 21434.5
(0,4,23,6): 21434.5
(0,5,0,7): 4791.14
(0,5,0,8): 18532.9
(0,5,1,7): 6160.04
(0,5,1,8): 23828
(0,5,2,7): 7871.16
(0,5,2,8): 30446.8
(0,5,3,7): 9240.06
(0,5,3,8): 35741.9
(0,5,4,7): 10951.2
(0,5,4,8): 42360.8
(0,5,5,7): 12320.1
(0,5,5,8): 47655.9
(0,5,6,7): 9240.06
(0,5,6,8): 35741.9
(0,5,7,7): 10609
(0,5,7,8): 41037
(0,5,8,7): 6160.04
(0,5,8,8): 23828
(0,5,9,7): 7528.94
(0,5,9,8): 29123.1
(0,5,10,7): 3080.02
(0,5,10,8): 11914
(0,5,11,7): 4448.92
(0,5,11,8): 17209.1
(0,5,12,7): 6160.04
(0,5,12,8): 23828
(0,5,13,7): 7528.94
(0,5,13,8): 29123.1
(0,5,14,7): 9240.06
(0,5,14,8): 35741.9
(0,5,15,7): 10609
(0,5,15,8): 41037
(0,5,16,7): 12320.1
(0,5,16,8): 47655.9
(0,5,17,7): 13689
(0,5,17,8): 52951
(0,5,18,7): 9240.06
(0,5,18,8): 35741.9
(0,5,19,7): 10609
(0,5,19,8): 41037
(0,5,20,7): 8213.38
(0,5,20,8): 31770.6
(0,5,21,7): 8213.38
(0,5,21,8): 31770.6
(0,5,22,7): 8213.38
(0,5,22,8): 31770.6
(0,5,23,7): 8213.38
(0,5,23,8): 31770.6
(0,6,0,10): 11662
(0,6,0,17): 11662
(0,6,1,10): 14994
(0,6,1,17): 14994
(0,6,2,10): 19159
(0,6,2,17): 19159
(0,6,3,10): 22491
(0,6,3,17): 22491
(0,6,4,10): 26656
(0,6,4,17): 26656
(0,6,5,10): 29988
(0,6,5,17): 29988
(0,6,6,10): 22491
(0,6,6,17): 22491
(0,6,7,10): 25823
(0,6,7,17): 25823
(0,6,8,10): 14994
(0,6,8,17): 14994
(0,6,9,10): 18326
(0,6,9,17): 18326
(0,6,10,10): 7497
(0,6,10,17): 7497
(0,6,11,10): 10829
(0,6,11,17): 10829
(0,6,12,10): 14994
(0,6,12,17): 14994
(0,6,13,10): 18326
(0,6,13,17): 18326
(0,6,14,10): 22491
(0,6,14,17): 22491
(0,6,15,10): 25823
(0,6,15,17): 25823
(0,6,16,10): 29988
(0,6,16,17): 29988
(0,6,17,10): 33320
(0,6,17,17): 33320
(0,6,18,10): 22491
(0,6,18,17): 22491
(0,6,19,10): 25823
(0,6,19,17): 25823
(0,6,20,10): 19992
(0,6,20,17): 19992
(0,6,21,10): 19992
(0,6,21,17): 19992
(0,6,22,10): 19992
(0,6,22,17): 19992
(0,6,23,10): 19992
(0,6,23,17): 19992
(0,7,0,9): 4791.14
(0,7,1,9): 6160.04
(0,7,2,9): 7871.16
(0,7,3,9): 9240.06
(0,7,4,9): 10951.2
(0,7,5,9): 12320.1
(0,7,6,9): 9240.06
(0,7,7,9): 10609
(0,7,8,9): 6160.04
(0,7,9,9): 7528.94
(0,7,10,9): 3080.02
(0,7,11,9): 4448.92
(0,7,12,9): 6160.04
(0,7,13,9): 7528.94
(0,7,14,9): 9240.06
(0,7,15,9): 10609
(0,7,16,9): 12320.1
(0,7,17,9): 13689
(0,7,18,9): 9240.06
(0,7,19,9): 10609
(0,7,20,9): 8213.38
(0,7,21,9): 8213.38
(0,7,22,9): 8213.38
(0,7,23,9): 8213.38
(0,8,0,9): 6870.86
(0,8,0,16): 11662
(0,8,1,9): 8833.96
(0,8,1,16): 14994
(0,8,2,9): 11287.8
(0,8,2,16): 19159
(0,8,3,9): 13250.9
(0,8,3,16): 22491
(0,8,4,9): 15704.8
(0,8,4,16): 26656
(0,8,5,9): 17667.9
(0,8,5,16): 29988
(0,8,6,9): 13250.9
(0,8,6,16): 22491
(0,8,7,9): 15214
(0,8,7,16): 25823
(0,8,8,9): 8833.96
(0,8,8,16): 14994
(0,8,9,9): 10797.1
(0,8,9,16): 18326
(0,8,10,9): 4416.98
(0,8,10,16): 7497
(0,8,11,9): 6380.08
(0,8,11,16): 10829
(0,8,12,9): 8833.96
(0,8,12,16): 14994
(0,8,13,9): 10797.1
(0,8,13,16): 18326
(0,8,14,9): 13250.9
(0,8,14,16): 22491
(0,8,15,9): 15214
(0,8,15,16): 25823
(0,8,16,9): 17667.9
(0,8,16,16): 29988
(0,8,17,9): 19631
(0,8,17,16): 33320
(0,8,18,9): 13250.9
(0,8,18,16): 22491
(0,8,19,9): 15214
(0,8,19,16): 25823
(0,8,20,9): 11778.6
(0,8,20,16): 19992
(0,8,21,9): 11778.6
(0,8,21,16): 19992
(0,8,22,9): 11778.6
(0,8,22,16): 19992
(0,8,23,9): 11778.6
(0,8,23,16): 19992
(0,9,0,5): 11662
(0,9,1,5): 14994
(0,9,2,5): 19159
(0,9,3,5): 22491
(0,9,4,5): 26656
(0,9,5,5): 29988
(0,9,6,5): 22491
(0,9,7,5): 25823
(0,9,8,5): 14994
(0,9,9,5): 18326
(0,9,10,5): 7497
(0,9,11,5): 10829
(0,9,12,5): 14994
(0,9,13,5): 18326
(0,9,14,5): 22491
(0,9,15,5): 25823
(0,9,16,5): 29988
(0,9,17,5): 33320
(0,9,18,5): 22491
(0,9,19,5): 25823
(0,9,20,5): 19992
(0,9,21,5): 19992
(0,9,22,5): 19992
(0,9,23,5): 19992
(0,10,0,12): 11662
(0,10,1,12): 14994
(0,10,2,12): 19159
(0,10,3,12): 22491
(0,10,4,12): 26656
(0,10,5,12): 29988
(0,10,6,12): 22491
(0,10,7,12): 25823
(0,10,8,12): 14994
(0,10,9,12): 18326
(0,10,10,12): 7497
(0,10,11,12): 10829
(0,10,12,12): 14994
(0,10,13,12): 18326
(0,10,14,12): 22491
(0,10,15,12): 25823
(0,10,16,12): 29988
(0,10,17,12): 33320
(0,10,18,12): 22491
(0,10,19,12): 25823
(0,10,20,12): 19992
(0,10,21,12): 19992
(0,10,22,12): 19992
(0,10,23,12): 19992
(0,11,0,18): 1998.03
(0,11,1,18): 2568.9
(0,11,2,18): 3282.48
(0,11,3,18): 3853.34
(0,11,4,18): 4566.93
(0,11,5,18): 5137.79
(0,11,6,18): 3853.34
(0,11,7,18): 4424.21
(0,11,8,18): 2568.9
(0,11,9,18): 3139.76
(0,11,10,18): 1284.45
(0,11,11,18): 1855.31
(0,11,12,18): 2568.9
(0,11,13,18): 3139.76
(0,11,14,18): 3853.34
(0,11,15,18): 4424.21
(0,11,16,18): 5137.79
(0,11,17,18): 5708.66
(0,11,18,18): 3853.34
(0,11,19,18): 4424.21
(0,11,20,18): 3425.19
(0,11,21,18): 3425.19
(0,11,22,18): 3425.19
(0,11,23,18): 3425.19
(0,12,0,13): 11662
(0,12,0,18): 9663.97
(0,12,1,13): 14994
(0,12,1,18): 12425.1
(0,12,2,13): 19159
(0,12,2,18): 15876.5
(0,12,3,13): 22491
(0,12,3,18): 18637.7
(0,12,4,13): 26656
(0,12,4,18): 22089.1
(0,12,5,13): 29988
(0,12,5,18): 24850.2
(0,12,6,13): 22491
(0,12,6,18): 18637.7
(0,12,7,13): 25823
(0,12,7,18): 21398.8
(0,12,8,13): 14994
(0,12,8,18): 12425.1
(0,12,9,13): 18326
(0,12,9,18): 15186.2
(0,12,10,13): 7497
(0,12,10,18): 6212.55
(0,12,11,13): 10829
(0,12,11,18): 8973.69
(0,12,12,13): 14994
(0,12,12,18): 12425.1
(0,12,13,13): 18326
(0,12,13,18): 15186.2
(0,12,14,13): 22491
(0,12,14,18): 18637.7
(0,12,15,13): 25823
(0,12,15,18): 21398.8
(0,12,16,13): 29988
(0,12,16,18): 24850.2
(0,12,17,13): 33320
(0,12,17,18): 27611.3
(0,12,18,13): 22491
(0,12,18,18): 18637.7
(0,12,19,13): 25823
(0,12,19,18): 21398.8
(0,12,20,13): 19992
(0,12,20,18): 16566.8
(0,12,21,13): 19992
(0,12,21,18): 16566.8
(0,12,22,13): 19992
(0,12,22,18): 16566.8
(0,12,23,13): 19992
(0,12,23,18): 16566.8
(0,13,0,14): 11662
(0,13,1,14): 14994
(0,13,2,14): 19159
(0,13,3,14): 22491
(0,13,4,14): 26656
(0,13,5,14): 29988
(0,13,6,14): 22491
(0,13,7,14): 25823
(0,13,8,14): 14994
(0,13,9,14): 18326
(0,13,10,14): 7497
(0,13,11,14): 10829
(0,13,12,14): 14994
(0,13,13,14): 18326
(0,13,14,14): 22491
(0,13,15,14): 25823
(0,13,16,14): 29988
(0,13,17,14): 33320
(0,13,18,14): 22491
(0,13,19,14): 25823
(0,13,20,14): 19992
(0,13,21,14): 19992
(0,13,22,14): 19992
(0,13,23,14): 19992
(0,14,0,20): 10201.4
(0,14,0,21): 1460.55
(0,14,1,20): 13116.1
(0,14,1,21): 1877.86
(0,14,2,20): 16759.5
(0,14,2,21): 2399.48
(0,14,3,20): 19674.2
(0,14,3,21): 2816.78
(0,14,4,20): 23317.6
(0,14,4,21): 3338.41
(0,14,5,20): 26232.3
(0,14,5,21): 3755.71
(0,14,6,20): 19674.2
(0,14,6,21): 2816.78
(0,14,7,20): 22588.9
(0,14,7,21): 3234.08
(0,14,8,20): 13116.1
(0,14,8,21): 1877.86
(0,14,9,20): 16030.8
(0,14,9,21): 2295.16
(0,14,10,20): 6558.07
(0,14,10,21): 938.928
(0,14,11,20): 9472.77
(0,14,11,21): 1356.23
(0,14,12,20): 13116.1
(0,14,12,21): 1877.86
(0,14,13,20): 16030.8
(0,14,13,21): 2295.16
(0,14,14,20): 19674.2
(0,14,14,21): 2816.78
(0,14,15,20): 22588.9
(0,14,15,21): 3234.08
(0,14,16,20): 26232.3
(0,14,16,21): 3755.71
(0,14,17,20): 29147
(0,14,17,21): 4173.01
(0,14,18,20): 19674.2
(0,14,18,21): 2816.78
(0,14,19,20): 22588.9
(0,14,19,21): 3234.08
(0,14,20,20): 17488.2
(0,14,20,21): 2503.81
(0,14,21,20): 17488.2
(0,14,21,21): 2503.81
(0,14,22,20): 17488.2
(0,14,22,21): 2503.81
(0,14,23,20): 17488.2
(0,14,23,21): 2503.81
(0,15,0,1): 10820.5
(0,15,0,2): 841.479
(0,15,1,1): 13912.1
(0,15,1,2): 1081.9
(0,15,2,1): 17776.6
(0,15,2,2): 1382.43
(0,15,3,1): 20868.1
(0,15,3,2): 1622.85
(0,15,4,1): 24732.6
(0,15,4,2): 1923.38
(0,15,5,1): 27824.2
(0,15,5,2): 2163.8
(0,15,6,1): 20868.1
(0,15,6,2): 1622.85
(0,15,7,1): 23959.7
(0,15,7,2): 1863.28
(0,15,8,1): 13912.1
(0,15,8,2): 1081.9
(0,15,9,1): 17003.7
(0,15,9,2): 1322.32
(0,15,10,1): 6956.05
(0,15,10,2): 540.951
(0,15,11,1): 10047.6
(0,15,11,2): 781.374
(0,15,12,1): 13912.1
(0,15,12,2): 1081.9
(0,15,13,1): 17003.7
(0,15,13,2): 1322.32
(0,15,14,1): 20868.1
(0,15,14,2): 1622.85
(0,15,15,1): 23959.7
(0,15,15,2): 1863.28
(0,15,16,1): 27824.2
(0,15,16,2): 2163.8
(0,15,17,1): 30915.8
(0,15,17,2): 2404.23
(0,15,18,1): 20868.1
(0,15,18,2): 1622.85
(0,15,19,1): 23959.7
(0,15,19,2): 1863.28
(0,15,20,1): 18549.5
(0,15,20,2): 1442.54
(0,15,21,1): 18549.5
(0,15,21,2): 1442.54
(0,15,22,1): 18549.5
(0,15,22,2): 1442.54
(0,15,23,1): 18549.5
(0,15,23,2): 1442.54
(0,16,0,5): 11662
(0,16,1,5): 14994
(0,16,2,5): 19159
(0,16,3,5): 22491
(0,16,4,5): 26656
(0,16,5,5): 29988
(0,16,6,5): 22491
(0,16,7,5): 25823
(0,16,8,5): 14994
(0,16,9,5): 18326
(0,16,10,5): 7497
(0,16,11,5): 10829
(0,16,12,5): 14994
(0,16,13,5): 18326
(0,16,14,5): 22491
(0,16,15,5): 25823
(0,16,16,5): 29988
(0,16,17,5): 33320
(0,16,18,5): 22491
(0,16,19,5): 25823
(0,16,20,5): 19992
(0,16,21,5): 19992
(0,16,22,5): 19992
(0,16,23,5): 19992
(0,17,0,11): 1998.03
(0,17,0,12): 9663.97
(0,17,1,11): 2568.9
(0,17,1,12): 12425.1
(0,17,2,11): 3282.48
(0,17,2,12): 15876.5
(0,17,3,11): 3853.34
(0,17,3,12): 18637.7
(0,17,4,11): 4566.93
(0,17,4,12): 22089.1
(0,17,5,11): 5137.79
(0,17,5,12): 24850.2
(0,17,6,11): 3853.34
(0,17,6,12): 18637.7
(0,17,7,11): 4424.21
(0,17,7,12): 21398.8
(0,17,8,11): 2568.9
(0,17,8,12): 12425.1
(0,17,9,11): 3139.76
(0,17,9,12): 15186.2
(0,17,10,11): 1284.45
(0,17,10,12): 6212.55
(0,17,11,11): 1855.31
(0,17,11,12): 8973.69
(0,17,12,11): 2568.9
(0,17,12,12): 12425.1
(0,17,13,11): 3139.76
(0,17,13,12): 15186.2
(0,17,14,11): 3853.34
(0,17,14,12): 18637.7
(0,17,15,11): 4424.21
(0,17,15,12): 21398.8
(0,17,16,11): 5137.79
(0,17,16,12): 24850.2
(0,17,17,11): 5708.66
(0,17,17,12): 27611.3
(0,17,18,11): 3853.34
(0,17,18,12): 18637.7
(0,17,19,11): 4424.21
(0,17,19,12): 21398.8
(0,17,20,11): 3425.19
(0,17,20,12): 16566.8
(0,17,21,11): 3425.19
(0,17,21,12): 16566.8
(0,17,22,11): 3425.19
(0,17,22,12): 16566.8
(0,17,23,11): 3425.19
(0,17,23,12): 16566.8
(0,18,0,19): 11662
(0,18,1,19): 14994
(0,18,2,19): 19159
(0,18,3,19): 22491
(0,18,4,19): 26656
(0,18,5,19): 29988
(0,18,6,19): 22491
(0,18,7,19): 25823
(0,18,8,19): 14994
(0,18,9,19): 18326
(0,18,10,19): 7497
(0,18,11,19): 10829
(0,18,12,19): 14994
(0,18,13,19): 18326
(0,18,14,19): 22491
(0,18,15,19): 25823
(0,18,16,19): 29988
(0,18,17,19): 33320
(0,18,18,19): 22491
(0,18,19,19): 25823
(0,18,20,19): 19992
(0,18,21,19): 19992
(0,18,22,19): 19992
(0,18,23,19): 19992
(0,19,0,22): 10201.4
(0,19,0,23): 1460.55
(0,19,1,22): 13116.1
(0,19,1,23): 1877.86
(0,19,2,22): 16759.5
(0,19,2,23): 2399.48
(0,19,3,22): 19674.2
(0,19,3,23): 2816.78
(0,19,4,22): 23317.6
(0,19,4,23): 3338.41
(0,19,5,22): 26232.3
(0,19,5,23): 3755.71
(0,19,6,22): 19674.2
(0,19,6,23): 2816.78
(0,19,7,22): 22588.9
(0,19,7,23): 3234.08
(0,19,8,22): 13116.1
(0,19,8,23): 1877.86
(0,19,9,22): 16030.8
(0,19,9,23): 2295.16
(0,19,10,22): 6558.07
(0,19,10,23): 938.928
(0,19,11,22): 9472.77
(0,19,11,23): 1356.23
(0,19,12,22): 13116.1
(0,19,12,23): 1877.86
(0,19,13,22): 16030.8
(0,19,13,23): 2295.16
(0,19,14,22): 19674.2
(0,19,14,23): 2816.78
(0,19,15,22): 22588.9
(0,19,15,23): 3234.08
(0,19,16,22): 26232.3
(0,19,16,23): 3755.71
(0,19,17,22): 29147
(0,19,17,23): 4173.01
(0,19,18,22): 19674.2
(0,19,18,23): 2816.78
(0,19,19,22): 22588.9
(0,19,19,23): 3234.08
(0,19,20,22): 17488.2
(0,19,20,23): 2503.81
(0,19,21,22): 17488.2
(0,19,21,23): 2503.81
(0,19,22,22): 17488.2
(0,19,22,23): 2503.81
(0,19,23,22): 17488.2
(0,19,23,23): 2503.81
(0,20,0,0): 10201.4
(0,20,1,0): 13116.1
(0,20,2,0): 16759.5
(0,20,3,0): 19674.2
(0,20,4,0): 23317.6
(0,20,5,0): 26232.3
(0,20,6,0): 19674.2
(0,20,7,0): 22588.9
(0,20,8,0): 13116.1
(0,20,9,0): 16030.8
(0,20,10,0): 6558.07
(0,20,11,0): 9472.77
(0,20,12,0): 13116.1
(0,20,13,0): 16030.8
(0,20,14,0): 19674.2
(0,20,15,0): 22588.9
(0,20,16,0): 26232.3
(0,20,17,0): 29147
(0,20,18,0): 19674.2
(0,20,19,0): 22588.9
(0,20,20,0): 17488.2
(0,20,21,0): 17488.2
(0,20,22,0): 17488.2
(0,20,23,0): 17488.2
(0,21,0,0): 1460.55
(0,21,1,0): 1877.86
(0,21,2,0): 2399.48
(0,21,3,0): 2816.78
(0,21,4,0): 3338.41
(0,21,5,0): 3755.71
(0,21,6,0): 2816.78
(0,21,7,0): 3234.08
(0,21,8,0): 1877.86
(0,21,9,0): 2295.16
(0,21,10,0): 938.928
(0,21,11,0): 1356.23
(0,21,12,0): 1877.86
(0,21,13,0): 2295.16
(0,21,14,0): 2816.78
(0,21,15,0): 3234.08
(0,21,16,0): 3755.71
(0,21,17,0): 4173.01
(0,21,18,0): 2816.78
(0,21,19,0): 3234.08
(0,21,20,0): 2503.81
(0,21,21,0): 2503.81
(0,21,22,0): 2503.81
(0,21,23,0): 2503.81
(0,22,0,15): 10201.4
(0,22,1,15): 13116.1
(0,22,2,15): 16759.5
(0,22,3,15): 19674.2
(0,22,4,15): 23317.6
(0,22,5,15): 26232.3
(0,22,6,15): 19674.2
(0,22,7,15): 22588.9
(0,22,8,15): 13116.1
(0,22,9,15): 16030.8
(0,22,10,15): 6558.07
(0,22,11,15): 9472.77
(0,22,12,15): 13116.1
(0,22,13,15): 16030.8
(0,22,14,15): 19674.2
(0,22,15,15): 22588.9
(0,22,16,15): 26232.3
(0,22,17,15): 29147
(0,22,18,15): 19674.2
(0,22,19,15): 22588.9
(0,22,20,15): 17488.2
(0,22,21,15): 17488.2
(0,22,22,15): 17488.2
(0,22,23,15): 17488.2
(0,23,0,15): 1460.55
(0,23,1,15): 1877.86
(0,23,2,15): 2399.48
(0,23,3,15): 2816.78
(0,23,4,15): 3338.41
(0,23,5,15): 3755.71
(0,23,6,15): 2816.78
(0,23,7,15): 3234.08
(0,23,8,15): 1877.86
(0,23,9,15): 2295.16
(0,23,10,15): 938.928
(0,23,11,15): 1356.23
(0,23,12,15): 1877.86
(0,23,13,15): 2295.16
(0,23,14,15): 2816.78
(0,23,15,15): 3234.08
(0,23,16,15): 3755.71
(0,23,17,15): 4173.01
(0,23,18,15): 2816.78
(0,23,19,15): 3234.08
(0,23,20,15): 2503.81
(0,23,21,15): 2503.81
(0,23,22,15): 2503.81
(0,23,23,15): 2503.81
(1,0,0,2): 14994
(1,0,1,2): 18326
(1,0,2,2): 22491
(1,0,3,2): 25823
(1,0,4,2): 29988
(1,0,5,2): 33320
(1,0,6,2): 25823
(1,0,7,2): 29155
(1,0,8,2): 18326
(1,0,9,2): 21658
(1,0,10,2): 10829
(1,0,11,2): 14161
(1,0,12,2): 18326
(1,0,13,2): 21658
(1,0,14,2): 25823
(1,0,15,2): 29155
(1,0,16,2): 33320
(1,0,17,2): 36652
(1,0,18,2): 25823
(1,0,19,2): 29155
(1,0,20,2): 23324
(1,0,21,2): 23324
(1,0,22,2): 23324
(1,0,23,2): 23324
(1,1,0,3): 13912.1
(1,1,1,3): 17003.7
(1,1,2,3): 20868.1
(1,1,3,3): 23959.7
(1,1,4,3): 27824.2
(1,1,5,3): 30915.8
(1,1,6,3): 23959.7
(1,1,7,3): 27051.3
(1,1,8,3): 17003.7
(1,1,9,3): 20095.3
(1,1,10,3): 10047.6
(1,1,11,3): 13139.2
(1,1,12,3): 17003.7
(1,1,13,3): 20095.3
(1,1,14,3): 23959.7
(1,1,15,3): 27051.3
(1,1,16,3): 30915.8
(1,1,17,3): 34007.4
(1,1,18,3): 23959.7
(1,1,19,3): 27051.3
(1,1,20,3): 21641
(1,1,21,3): 21641
(1,1,22,3): 21641
(1,1,23,3): 21641
(1,2,0,4): 16075.9
(1,2,1,4): 19648.3
(1,2,2,4): 24113.9
(1,2,3,4): 27686.3
(1,2,4,4): 32151.8
(1,2,5,4): 35724.2
(1,2,6,4): 27686.3
(1,2,7,4): 31258.7
(1,2,8,4): 19648.3
(1,2,9,4): 23220.7
(1,2,10,4): 11610.4
(1,2,11,4): 15182.8
(1,2,12,4): 19648.3
(1,2,13,4): 23220.7
(1,2,14,4): 27686.3
(1,2,15,4): 31258.7
(1,2,16,4): 35724.2
(1,2,17,4): 39296.6
(1,2,18,4): 27686.3
(1,2,19,4): 31258.7
(1,2,20,4): 25007
(1,2,21,4): 25007
(1,2,22,4): 25007
(1,2,23,4): 25007
(1,3,0,6): 13912.1
(1,3,1,6): 17003.7
(1,3,2,6): 20868.1
(1,3,3,6): 23959.7
(1,3,4,6): 27824.2
(1,3,5,6): 30915.8
(1,3,6,6): 23959.7
(1,3,7,6): 27051.3
(1,3,8,6): 17003.7
(1,3,9,6): 20095.3
(1,3,10,6): 10047.6
(1,3,11,6): 13139.2
(1,3,12,6): 17003.7
(1,3,13,6): 20095.3
(1,3,14,6): 23959.7
(1,3,15,6): 27051.3
(1,3,16,6): 30915.8
(1,3,17,6): 34007.4
(1,3,18,6): 23959.7
(1,3,19,6): 27051.3
(1,3,20,6): 21641
(1,3,21,6): 21641
(1,3,22,6): 21641
(1,3,23,6): 21641
(1,4,0,6): 16075.9
(1,4,1,6): 19648.3
(1,4,2,6): 24113.9
(1,4,3,6): 27686.3
(1,4,4,6): 32151.8
(1,4,5,6): 35724.2
(1,4,6,6): 27686.3
(1,4,7,6): 31258.7
(1,4,8,6): 19648.3
(1,4,9,6): 23220.7
(1,4,10,6): 11610.4
(1,4,11,6): 15182.8
(1,4,12,6): 19648.3
(1,4,13,6): 23220.7
(1,4,14,6): 27686.3
(1,4,15,6): 31258.7
(1,4,16,6): 35724.2
(1,4,17,6): 39296.6
(1,4,18,6): 27686.3
(1,4,19,6): 31258.7
(1,4,20,6): 25007
(1,4,21,6): 25007
(1,4,22,6): 25007
(1,4,23,6): 25007
(1,5,0,7): 6160.04
(1,5,0,8): 23828
(1,5,1,7): 7528.94
(1,5,1,8): 29123.1
(1,5,2,7): 9240.06
(1,5,2,8): 35741.9
(1,5,3,7): 10609
(1,5,3,8): 41037
(1,5,4,7): 12320.1
(1,5,4,8): 47655.9
(1,5,5,7): 13689
(1,5,5,8): 52951
(1,5,6,7): 10609
(1,5,6,8): 41037
(1,5,7,7): 11977.9
(1,5,7,8): 46332.1
(1,5,8,7): 7528.94
(1,5,8,8): 29123.1
(1,5,9,7): 8897.83
(1,5,9,8): 34418.2
(1,5,10,7): 4448.92
(1,5,10,8): 17209.1
(1,5,11,7): 5817.81
(1,5,11,8): 22504.2
(1,5,12,7): 7528.94
(1,5,12,8): 29123.1
(1,5,13,7): 8897.83
(1,5,13,8): 34418.2
(1,5,14,7): 10609
(1,5,14,8): 41037
(1,5,15,7): 11977.9
(1,5,15,8): 46332.1
(1,5,16,7): 13689
(1,5,16,8): 52951
(1,5,17,7): 15057.9
(1,5,17,8): 58246.1
(1,5,18,7): 10609
(1,5,18,8): 41037
(1,5,19,7): 11977.9
(1,5,19,8): 46332.1
(1,5,20,7): 9582.28
(1,5,20,8): 37065.7
(1,5,21,7): 9582.28
(1,5,21,8): 37065.7
(1,5,22,7): 9582.28
(1,5,22,8): 37065.7
(1,5,23,7): 9582.28
(1,5,23,8): 37065.7
(1,6,0,10): 14994
(1,6,0,17): 14994
(1,6,1,10): 18326
(1,6,1,17): 18326
(1,6,2,10): 22491
(1,6,2,17): 22491
(1,6,3,10): 25823
(1,6,3,17): 25823
(1,6,4,10): 29988
(1,6,4,17): 29988
(1,6,5,10): 33320
(1,6,5,17): 33320
(1,6,6,10): 25823
(1,6,6,17): 25823
(1,6,7,10): 29155
(1,6,7,17): 29155
(1,6,8,10): 18326
(1,6,8,17): 18326
(1,6,9,10): 21658
(1,6,9,17): 21658
(1,6,10,10): 10829
(1,6,10,17): 10829
(1,6,11,10): 14161
(1,6,11,17): 14161
(1,6,12,10): 18326
(1,6,12,17): 18326
(1,6,13,10): 21658
(1,6,13,17): 21658
(1,6,14,10): 25823
(1,6,14,17): 25823
(1,6,15,10): 29155
(1,6,15,17): 29155
(1,6,16,10): 33320
(1,6,16,17): 33320
(1,6,17,10): 36652
(1,6,17,17): 36652
(1,6,18,10): 25823
(1,6,18,17): 25823
(1,6,19,10): 29155
(1,6,19,17): 29155
(1,6,20,10): 23324
(1,6,20,17): 23324
(1,6,21,10): 23324
(1,6,21,17): 23324
(1,6,22,10): 23324
(1,6,22,17): 23324
(1,6,23,10): 23324
(1,6,23,17): 23324
(1,7,0,9): 6160.04
(1,7,1,9): 7528.94
(1,7,2,9): 9240.06
(1,7,3,9): 10609
(1,7,4,9): 12320.1
(1,7,5,9): 13689
(1,7,6,9): 10609
(1,7,7,9): 11977.9
(1,7,8,9): 7528.94
(1,7,9,9): 8897.83
(1,7,10,9): 4448.92
(1,7,11,9): 5817.81
(1,7,12,9): 7528.94
(1,7,13,9): 8897.83
(1,7,14,9): 10609
(1,7,15,9): 11977.9
(1,7,16,9): 13689
(1,7,17,9): 15057.9
(1,7,18,9): 10609
(1,7,19,9): 11977.9
(1,7,20,9): 9582.28
(1,7,21,9): 9582.28
(1,7,22,9): 9582.28
(1,7,23,9): 9582.28
(1,8,0,9): 8833.96
(1,8,0,16): 14994
(1,8,1,9): 10797.1
(1,8,1,16): 18326
(1,8,2,9): 13250.9
(1,8,2,16): 22491
(1,8,3,9): 15214
(1,8,3,16): 25823
(1,8,4,9): 17667.9
(1,8,4,16): 29988
(1,8,5,9): 19631
(1,8,5,16): 33320
(1,8,6,9): 15214
(1,8,6,16): 25823
(1,8,7,9): 17177.1
(1,8,7,16): 29155
(1,8,8,9): 10797.1
(1,8,8,16): 18326
(1,8,9,9): 12760.2
(1,8,9,16): 21658
(1,8,10,9): 6380.08
(1,8,10,16): 10829
(1,8,11,9): 8343.19
(1,8,11,16): 14161
(1,8,12,9): 10797.1
(1,8,12,16): 18326
(1,8,13,9): 12760.2
(1,8,13,16): 21658
(1,8,14,9): 15214
(1,8,14,16): 25823
(1,8,15,9): 17177.1
(1,8,15,16): 29155
(1,8,16,9): 19631
(1,8,16,16): 33320
(1,8,17,9): 21594.1
(1,8,17,16): 36652
(1,8,18,9): 15214
(1,8,18,16): 25823
(1,8,19,9): 17177.1
(1,8,19,16): 29155
(1,8,20,9): 13741.7
(1,8,20,16): 23324
(1,8,21,9): 13741.7
(1,8,21,16): 23324
(1,8,22,9): 13741.7
(1,8,22,16): 23324
(1,8,23,9): 13741.7
(1,8,23,16): 23324
(1,9,0,5): 14994
(1,9,1,5): 18326
(1,9,2,5): 22491
(1,9,3,5): 25823
(1,9,4,5): 29988
(1,9,5,5): 33320
(1,9,6,5): 25823
(1,9,7,5): 29155
(1,9,8,5): 18326
(1,9,9,5): 21658
(1,9,10,5): 10829
(1,9,11,5): 14161
(1,9,12,5): 18326
(1,9,13,5): 21658
(1,9,14,5): 25823
(1,9,15,5): 29155
(1,9,16,5): 33320
(1,9,17,5): 36652
(1,9,18,5): 25823
(1,9,19,5): 29155
(1,9,20,5): 23324
(1,9,21,5): 23324
(1,9,22,5): 23324
(1,9,23,5): 23324
(1,10,0,12): 14994
(1,10,1,12): 18326
(1,10,2,12): 22491
(1,10,3,12): 25823
(1,10,4,12): 29988
(1,10,5,12): 33320
(1,10,6,12): 25823
(1,10,7,12): 29155
(1,10,8,12): 18326
(1,10,9,12): 21658
(1,10,10,12): 10829
(1,10,11,12): 14161
(1,10,12,12): 18326
(1,10,13,12): 21658
(1,10,14,12): 25823
(1,10,15,12): 29155
(1,10,16,12): 33320
(1,10,17,12): 36652
(1,10,18,12): 25823
(1,10,19,12): 29155
(1,10,20,12): 23324
(1,10,21,12): 23324
(1,10,22,12): 23324
(1,10,23,12): 23324
(1,11,0,18): 2568.9
(1,11,1,18): 3139.76
(1,11,2,18): 3853.34
(1,11,3,18): 4424.21
(1,11,4,18): 5137.79
(1,11,5,18): 5708.66
(1,11,6,18): 4424.21
(1,11,7,18): 4995.07
(1,11,8,18): 3139.76
(1,11,9,18): 3710.63
(1,11,10,18): 1855.31
(1,11,11,18): 2426.18
(1,11,12,18): 3139.76
(1,11,13,18): 3710.63
(1,11,14,18): 4424.21
(1,11,15,18): 4995.07
(1,11,16,18): 5708.66
(1,11,17,18): 6279.52
(1,11,18,18): 4424.21
(1,11,19,18): 4995.07
(1,11,20,18): 3996.06
(1,11,21,18): 3996.06
(1,11,22,18): 3996.06
(1,11,23,18): 3996.06
(1,12,0,13): 14994
(1,12,0,18): 12425.1
(1,12,1,13): 18326
(1,12,1,18): 15186.2
(1,12,2,13): 22491
(1,12,2,18): 18637.7
(1,12,3,13): 25823
(1,12,3,18): 21398.8
(1,12,4,13): 29988
(1,12,4,18): 24850.2
(1,12,5,13): 33320
(1,12,5,18): 27611.3
(1,12,6,13): 25823
(1,12,6,18): 21398.8
(1,12,7,13): 29155
(1,12,7,18): 24159.9
(1,12,8,13): 18326
(1,12,8,18): 15186.2
(1,12,9,13): 21658
(1,12,9,18): 17947.4
(1,12,10,13): 10829
(1,12,10,18): 8973.69
(1,12,11,13): 14161
(1,12,11,18): 11734.8
(1,12,12,13): 18326
(1,12,12,18): 15186.2
(1,12,13,13): 21658
(1,12,13,18): 17947.4
(1,12,14,13): 25823
(1,12,14,18): 21398.8
(1,12,15,13): 29155
(1,12,15,18): 24159.9
(1,12,16,13): 33320
(1,12,16,18): 27611.3
(1,12,17,13): 36652
(1,12,17,18): 30372.5
(1,12,18,13): 25823
(1,12,18,18): 21398.8
(1,12,19,13): 29155
(1,12,19,18): 24159.9
(1,12,20,13): 23324
(1,12,20,18): 19327.9
(1,12,21,13): 23324
(1,12,21,18): 19327.9
(1,12,22,13): 23324
(1,12,22,18): 19327.9
(1,12,23,13): 23324
(1,12,23,18): 19327.9
(1,13,0,14): 14994
(1,13,1,14): 18326
(1,13,2,14): 22491
(1,13,3,14): 25823
(1,13,4,14): 29988
(1,13,5,14): 33320
(1,13,6,14): 25823
(1,13,7,14): 29155
(1,13,8,14): 18326
(1,13,9,14): 21658
(1,13,10,14): 10829
(1,13,11,14): 14161
(1,13,12,14): 18326
(1,13,13,14): 21658
(1,13,14,14): 25823
(1,13,15,14): 29155
(1,13,16,14): 33320
(1,13,17,14): 36652
(1,13,18,14): 25823
(1,13,19,14): 29155
(1,13,20,14): 23324
(1,13,21,14): 23324
(1,13,22,14): 23324
(1,13,23,14): 23324
(1,14,0,20): 13116.1
(1,14,0,21): 1877.86
(1,14,1,20): 16030.8
(1,14,1,21): 2295.16
(1,14,2,20): 19674.2
(1,14,2,21): 2816.78
(1,14,3,20): 22588.9
(1,14,3,21): 3234.08
(1,14,4,20): 26232.3
(1,14,4,21): 3755.71
(1,14,5,20): 29147
(1,14,5,21): 4173.01
(1,14,6,20): 22588.9
(1,14,6,21): 3234.08
(1,14,7,20): 25503.6
(1,14,7,21): 3651.39
(1,14,8,20): 16030.8
(1,14,8,21): 2295.16
(1,14,9,20): 18945.5
(1,14,9,21): 2712.46
(1,14,10,20): 9472.77
(1,14,10,21): 1356.23
(1,14,11,20): 12387.5
(1,14,11,21): 1773.53
(1,14,12,20): 16030.8
(1,14,12,21): 2295.16
(1,14,13,20): 18945.5
(1,14,13,21): 2712.46
(1,14,14,20): 22588.9
(1,14,14,21): 3234.08
(1,14,15,20): 25503.6
(1,14,15,21): 3651.39
(1,14,16,20): 29147
(1,14,16,21): 4173.01
(1,14,17,20): 32061.7
(1,14,17,21): 4590.31
(1,14,18,20): 22588.9
(1,14,18,21): 3234.08
(1,14,19,20): 25503.6
(1,14,19,21): 3651.39
(1,14,20,20): 20402.9
(1,14,20,21): 2921.11
(1,14,21,20): 20402.9
(1,14,21,21): 2921.11
(1,14,22,20): 20402.9
(1,14,22,21): 2921.11
(1,14,23,20): 20402.9
(1,14,23,21): 2921.11
(1,15,0,1): 13912.1
(1,15,0,2): 1081.9
(1,15,1,1): 17003.7
(1,15,1,2): 1322.32
(1,15,2,1): 20868.1
(1,15,2,2): 1622.85
(1,15,3,1): 23959.7
(1,15,3,2): 1863.28
(1,15,4,1): 27824.2
(1,15,4,2): 2163.8
(1,15,5,1): 30915.8
(1,15,5,2): 2404.23
(1,15,6,1): 23959.7
(1,15,6,2): 1863.28
(1,15,7,1): 27051.3
(1,15,7,2): 2103.7
(1,15,8,1): 17003.7
(1,15,8,2): 1322.32
(1,15,9,1): 20095.3
(1,15,9,2): 1562.75
(1,15,10,1): 10047.6
(1,15,10,2): 781.374
(1,15,11,1): 13139.2
(1,15,11,2): 1021.8
(1,15,12,1): 17003.7
(1,15,12,2): 1322.32
(1,15,13,1): 20095.3
(1,15,13,2): 1562.75
(1,15,14,1): 23959.7
(1,15,14,2): 1863.28
(1,15,15,1): 27051.3
(1,15,15,2): 2103.7
(1,15,16,1): 30915.8
(1,15,16,2): 2404.23
(1,15,17,1): 34007.4
(1,15,17,2): 2644.65
(1,15,18,1): 23959.7
(1,15,18,2): 1863.28
(1,15,19,1): 27051.3
(1,15,19,2): 2103.7
(1,15,20,1): 21641
(1,15,20,2): 1682.96
(1,15,21,1): 21641
(1,15,21,2): 1682.96
(1,15,22,1): 21641
(1,15,22,2): 1682.96
(1,15,23,1): 21641
(1,15,23,2): 1682.96
(1,16,0,5): 14994
(1,16,1,5): 18326
(1,16,2,5): 22491
(1,16,3,5): 25823
(1,16,4,5): 29988
(1,16,5,5): 33320
(1,16,6,5): 25823
(1,16,7,5): 29155
(1,16,8,5): 18326
(1,16,9,5): 21658
(1,16,10,5): 10829
(1,16,11,5): 14161
(1,16,12,5): 18326
(1,16,13,5): 21658
(1,16,14,5): 25823
(1,16,15,5): 29155
(1,16,16,5): 33320
(1,16,17,5): 36652
(1,16,18,5): 25823
(1,16,19,5): 29155
(1,16,20,5): 23324
(1,16,21,5): 23324
(1,16,22,5): 23324
(1,16,23,5): 23324
(1,17,0,11): 2568.9
(1,17,0,12): 12425.1
(1,17,1,11): 3139.76
(1,17,1,12): 15186.2
(1,17,2,11): 3853.34
(1,17,2,12): 18637.7
(1,17,3,11): 4424.21
(1,17,3,12): 21398.8
(1,17,4,11): 5137.79
(1,17,4,12): 24850.2
(1,17,5,11): 5708.66
(1,17,5,12): 27611.3
(1,17,6,11): 4424.21
(1,17,6,12): 21398.8
(1,17,7,11): 4995.07
(1,17,7,12): 24159.9
(1,17,8,11): 3139.76
(1,17,8,12): 15186.2
(1,17,9,11): 3710.63
(1,17,9,12): 17947.4
(1,17,10,11): 1855.31
(1,17,10,12): 8973.69
(1,17,11,11): 2426.18
(1,17,11,12): 11734.8
(1,17,12,11): 3139.76
(1,17,12,12): 15186.2
(1,17,13,11): 3710.63
(1,17,13,12): 17947.4
(1,17,14,11): 4424.21
(1,17,14,12): 21398.8
(1,17,15,11): 4995.07
(1,17,15,12): 24159.9
(1,17,16,11): 5708.66
(1,17,16,12): 27611.3
(1,17,17,11): 6279.52
(1,17,17,12): 30372.5
(1,17,18,11): 4424.21
(1,17,18,12): 21398.8
(1,17,19,11): 4995.07
(1,17,19,12): 24159.9
(1,17,20,11): 3996.06
(1,17,20,12): 19327.9
(1,17,21,11): 3996.06
(1,17,21,12): 19327.9
(1,17,22,11): 3996.06
(1,17,22,12): 19327.9
(1,17,23,11): 3996.06
(1,17,23,12): 19327.9
(1,18,0,19): 14994
(1,18,1,19): 18326
(1,18,2,19): 22491
(1,18,3,19): 25823
(1,18,4,19): 29988
(1,18,5,19): 33320
(1,18,6,19): 25823
(1,18,7,19): 29155
(1,18,8,19): 18326
(1,18,9,19): 21658
(1,18,10,19): 10829
(1,18,11,19): 14161
(1,18,12,19): 18326
(1,18,13,19): 21658
(1,18,14,19): 25823
(1,18,15,19): 29155
(1,18,16,19): 33320
(1,18,17,19): 36652
(1,18,18,19): 25823
(1,18,19,19): 29155
(1,18,20,19): 23324
(1,18,21,19): 23324
(1,18,22,19): 23324
(1,18,23,19): 23324
(1,19,0,22): 13116.1
(1,19,0,23): 1877.86
(1,19,1,22): 16030.8
(1,19,1,23): 2295.16
(1,19,2,22): 19674.2
(1,19,2,23): 2816.78
(1,19,3,22): 22588.9
(1,19,3,23): 3234.08
(1,19,4,22): 26232.3
(1,19,4,23): 3755.71
(1,19,5,22): 29147
(1,19,5,23): 4173.01
(1,19,6,22): 22588.9
(1,19,6,23): 3234.08
(1,19,7,22): 25503.6
(1,19,7,23): 3651.39
(1,19,8,22): 16030.8
(1,19,8,23): 2295.16
(1,19,9,22): 18945.5
(1,19,9,23): 2712.46
(1,19,10,22): 9472.77
(1,19,10,23): 1356.23
(1,19,11,22): 12387.5
(1,19,11,23): 1773.53
(1,19,12,22): 16030.8
(1,19,12,23): 2295.16
(1,19,13,22): 18945.5
(1,19,13,23): 2712.46
(1,19,14,22): 22588.9
(1,19,14,23): 3234.08
(1,19,15,22): 25503.6
(1,19,15,23): 3651.39
(1,19,16,22): 29147
(1,19,16,23): 4173.01
(1,19,17,22): 32061.7
(1,19,17,23): 4590.31
(1,19,18,22): 22588.9
(1,19,18,23): 3234.08
(1,19,19,22): 25503.6
(1,19,19,23): 3651.39
(1,19,20,22): 20402.9
(1,19,20,23): 2921.11
(1,19,21,22): 20402.9
(1,19,21,23): 2921.11
(1,19,22,22): 20402.9
(1,19,22,23): 2921.11
(1,19,23,22): 20402.9
(1,19,23,23): 2921.11
(1,20,0,0): 13116.1
(1,20,1,0): 16030.8
(1,20,2,0): 19674.2
(1,20,3,0): 22588.9
(1,20,4,0): 26232.3
(1,20,5,0): 29147
(1,20,6,0): 22588.9
(1,20,7,0): 25503.6
(1,20,8,0): 16030.8
(1,20,9,0): 18945.5
(1,20,10,0): 9472.77
(1,20,11,0): 12387.5
(1,20,12,0): 16030.8
(1,20,13,0): 18945.5
(1,20,14,0): 22588.9
(1,20,15,0): 25503.6
(1,20,16,0): 29147
(1,20,17,0): 32061.7
(1,20,18,0): 22588.9
(1,20,19,0): 25503.6
(1,20,20,0): 20402.9
(1,20,21,0): 20402.9
(1,20,22,0): 20402.9
(1,20,23,0): 20402.9
(1,21,0,0): 1877.86
(1,21,1,0): 2295.16
(1,21,2,0): 2816.78
(1,21,3,0): 3234.08
(1,21,4,0): 3755.71
(1,21,5,0): 4173.01
(1,21,6,0): 3234.08
(1,21,7,0): 3651.39
(1,21,8,0): 2295.16
(1,21,9,0): 2712.46
(1,21,10,0): 1356.23
(1,21,11,0): 1773.53
(1,21,12,0): 2295.16
(1,21,13,0): 2712.46
(1,21,14,0): 3234.08
(1,21,15,0): 3651.39
(1,21,16,0): 4173.01
(1,21,17,0): 4590.31
(1,21,18,0): 3234.08
(1,21,19,0): 3651.39
(1,21,20,0): 2921.11
(1,21,21,0): 2921.11
(1,21,22,0): 2921.11
(1,21,23,0): 2921.11
(1,22,0,15): 13116.1
(1,22,1,15): 16030.8
(1,22,2,15): 19674.2
(1,22,3,15): 22588.9
(1,22,4,15): 26232.3
(1,22,5,15): 29147
(1,22,6,15): 22588.9
(1,22,7,15): 25503.6
(1,22,8,15): 16030.8
(1,22,9,15): 18945.5
(1,22,10,15): 9472.77
(1,22,11,15): 12387.5
(1,22,12,15): 16030.8
(1,22,13,15): 18945.5
(1,22,14,15): 22588.9
(1,22,15,15): 25503.6
(1,22,16,15): 29147
(1,22,17,15): 32061.7
(1,22,18,15): 22588.9
(1,22,19,15): 25503.6
(1,22,20,15): 20402.9
(1,22,21,15): 20402.9
(1,22,22,15): 20402.9
(1,22,23,15): 20402.9
(1,23,0,15): 1877.86
(1,23,1,15): 2295.16
(1,23,2,15): 2816.78
(1,23,3,15): 3234.08
(1,23,4,15): 3755.71
(1,23,5,15): 4173.01
(1,23,6,15): 3234.08
(1,23,7,15): 3651.39
(1,23,8,15): 2295.16
(1,23,9,15): 2712.46
(1,23,10,15): 1356.23
(1,23,11,15): 1773.53
(1,23,12,15): 2295.16
(1,23,13,15): 2712.46
(1,23,14,15): 3234.08
(1,23,15,15): 3651.39
(1,23,16,15): 4173.01
(1,23,17,15): 4590.31
(1,23,18,15): 3234.08
(1,23,19,15): 3651.39
(1,23,20,15): 2921.11
(1,23,21,15): 2921.11
(1,23,22,15): 2921.11
(1,23,23,15): 2921.11
(2,0,0,2): 19159
(2,0,1,2): 22491
(2,0,2,2): 11662
(2,0,3,2): 14994
(2,0,4,2): 19159
(2,0,5,2): 22491
(2,0,6,2): 26656
(2,0,7,2): 29988
(2,0,8,2): 22491
(2,0,9,2): 25823
(2,0,10,2): 14994
(2,0,11,2): 18326
(2,0,12,2): 7497
(2,0,13,2): 10829
(2,0,14,2): 14994
(2,0,15,2): 18326
(2,0,16,2): 22491
(2,0,17,2): 25823
(2,0,18,2): 29988
(2,0,19,2): 33320
(2,0,20,2): 24157
(2,0,21,2): 24157
(2,0,22,2): 24157
(2,0,23,2): 24157
(2,1,0,3): 17776.6
(2,1,1,3): 20868.1
(2,1,2,3): 10820.5
(2,1,3,3): 13912.1
(2,1,4,3): 17776.6
(2,1,5,3): 20868.1
(2,1,6,3): 24732.6
(2,1,7,3): 27824.2
(2,1,8,3): 20868.1
(2,1,9,3): 23959.7
(2,1,10,3): 13912.1
(2,1,11,3): 17003.7
(2,1,12,3): 6956.05
(2,1,13,3): 10047.6
(2,1,14,3): 13912.1
(2,1,15,3): 17003.7
(2,1,16,3): 20868.1
(2,1,17,3): 23959.7
(2,1,18,3): 27824.2
(2,1,19,3): 30915.8
(2,1,20,3): 22413.9
(2,1,21,3): 22413.9
(2,1,22,3): 22413.9
(2,1,23,3): 22413.9
(2,2,0,4): 20541.4
(2,2,1,4): 24113.9
(2,2,2,4): 12503.5
(2,2,3,4): 16075.9
(2,2,4,4): 20541.4
(2,2,5,4): 24113.9
(2,2,6,4): 28579.4
(2,2,7,4): 32151.8
(2,2,8,4): 24113.9
(2,2,9,4): 27686.3
(2,2,10,4): 16075.9
(2,2,11,4): 19648.3
(2,2,12,4): 8037.95
(2,2,13,4): 11610.4
(2,2,14,4): 16075.9
(2,2,15,4): 19648.3
(2,2,16,4): 24113.9
(2,2,17,4): 27686.3
(2,2,18,4): 32151.8
(2,2,19,4): 35724.2
(2,2,20,4): 25900.1
(2,2,21,4): 25900.1
(2,2,22,4): 25900.1
(2,2,23,4): 25900.1
(2,3,0,6): 17776.6
(2,3,1,6): 20868.1
(2,3,2,6): 10820.5
(2,3,3,6): 13912.1
(2,3,4,6): 17776.6
(2,3,5,6): 20868.1
(2,3,6,6): 24732.6
(2,3,7,6): 27824.2
(2,3,8,6): 20868.1
(2,3,9,6): 23959.7
(2,3,10,6): 13912.1
(2,3,11,6): 17003.7
(2,3,12,6): 6956.05
(2,3,13,6): 10047.6
(2,3,14,6): 13912.1
(2,3,15,6): 17003.7
(2,3,16,6): 20868.1
(2,3,17,6): 23959.7
(2,3,18,6): 27824.2
(2,3,19,6): 30915.8
(2,3,20,6): 22413.9
(2,3,21,6): 22413.9
(2,3,22,6): 22413.9
(2,3,23,6): 22413.9
(2,4,0,6): 20541.4
(2,4,1,6): 24113.9
(2,4,2,6): 12503.5
(2,4,3,6): 16075.9
(2,4,4,6): 20541.4
(2,4,5,6): 24113.9
(2,4,6,6): 28579.4
(2,4,7,6): 32151.8
(2,4,8,6): 24113.9
(2,4,9,6): 27686.3
(2,4,10,6): 16075.9
(2,4,11,6): 19648.3
(2,4,12,6): 8037.95
(2,4,13,6): 11610.4
(2,4,14,6): 16075.9
(2,4,15,6): 19648.3
(2,4,16,6): 24113.9
(2,4,17,6): 27686.3
(2,4,18,6): 32151.8
(2,4,19,6): 35724.2
(2,4,20,6): 25900.1
(2,4,21,6): 25900.1
(2,4,22,6): 25900.1
(2,4,23,6): 25900.1
(2,5,0,7): 7871.16
(2,5,0,8): 30446.8
(2,5,1,7): 9240.06
(2,5,1,8): 35741.9
(2,5,2,7): 4791.14
(2,5,2,8): 18532.9
(2,5,3,7): 6160.04
(2,5,3,8): 23828
(2,5,4,7): 7871.16
(2,5,4,8): 30446.8
(2,5,5,7): 9240.06
(2,5,5,8): 35741.9
(2,5,6,7): 10951.2
(2,5,6,8): 42360.8
(2,5,7,7): 12320.1
(2,5,7,8): 47655.9
(2,5,8,7): 9240.06
(2,5,8,8): 35741.9
(2,5,9,7): 10609
(2,5,9,8): 41037
(2,5,10,7): 6160.04
(2,5,10,8): 23828
(2,5,11,7): 7528.94
(2,5,11,8): 29123.1
(2,5,12,7): 3080.02
(2,5,12,8): 11914
(2,5,13,7): 4448.92
(2,5,13,8): 17209.1
(2,5,14,7): 6160.04
(2,5,14,8): 23828
(2,5,15,7): 7528.94
(2,5,15,8): 29123.1
(2,5,16,7): 9240.06
(2,5,16,8): 35741.9
(2,5,17,7): 10609
(2,5,17,8): 41037
(2,5,18,7): 12320.1
(2,5,18,8): 47655.9
(2,5,19,7): 13689
(2,5,19,8): 52951
(2,5,20,7): 9924.51
(2,5,20,8): 38389.5
(2,5,21,7): 9924.51
(2,5,21,8): 38389.5
(2,5,22,7): 9924.51
(2,5,22,8): 38389.5
(2,5,23,7): 9924.51
(2,5,23,8): 38389.5
(2,6,0,10): 19159
(2,6,0,17): 19159
(2,6,1,10): 22491
(2,6,1,17): 22491
(2,6,2,10): 11662
(2,6,2,17): 11662
(2,6,3,10): 14994
(2,6,3,17): 14994
(2,6,4,10): 19159
(2,6,4,17): 19159
(2,6,5,10): 22491
(2,6,5,17): 22491
(2,6,6,10): 26656
(2,6,6,17): 26656
(2,6,7,10): 29988
(2,6,7,17): 29988
(2,6,8,10): 22491
(2,6,8,17): 22491
(2,6,9,10): 25823
(2,6,9,17): 25823
(2,6,10,10): 14994
(2,6,10,17): 14994
(2,6,11,10): 18326
(2,6,11,17): 18326
(2,6,12,10): 7497
(2,6,12,17): 7497
(2,6,13,10): 10829
(2,6,13,17): 10829
(2,6,14,10): 14994
(2,6,14,17): 14994
(2,6,15,10): 18326
(2,6,15,17): 18326
(2,6,16,10): 22491
(2,6,16,17): 22491
(2,6,17,10): 25823
(2,6,17,17): 25823
(2,6,18,10): 29988
(2,6,18,17): 29988
(2,6,19,10): 33320
(2,6,19,17): 33320
(2,6,20,10): 24157
(2,6,20,17): 24157
(2,6,21,10): 24157
(2,6,21,17): 24157
(2,6,22,10): 24157
(2,6,22,17): 24157
(2,6,23,10): 24157
(2,6,23,17): 24157
(2,7,0,9): 7871.16
(2,7,1,9): 9240.06
(2,7,2,9): 4791.14
(2,7,3,9): 6160.04
(2,7,4,9): 7871.16
(2,7,5,9): 9240.06
(2,7,6,9): 10951.2
(2,7,7,9): 12320.1
(2,7,8,9): 9240.06
(2,7,9,9): 10609
(2,7,10,9): 6160.04
(2,7,11,9): 7528.94
(2,7,12,9): 3080.02
(2,7,13,9): 4448.92
(2,7,14,9): 6160.04
(2,7,15,9): 7528.94
(2,7,16,9): 9240.06
(2,7,17,9): 10609
(2,7,18,9): 12320.1
(2,7,19,9): 13689
(2,7,20,9): 9924.51
(2,7,21,9): 9924.51
(2,7,22,9): 9924.51
(2,7,23,9): 9924.51
(2,8,0,9): 11287.8
(2,8,0,16): 19159
(2,8,1,9): 13250.9
(2,8,1,16): 22491
(2,8,2,9): 6870.86
(2,8,2,16): 11662
(2,8,3,9): 8833.96
(2,8,3,16): 14994
(2,8,4,9): 11287.8
(2,8,4,16): 19159
(2,8,5,9): 13250.9
(2,8,5,16): 22491
(2,8,6,9): 15704.8
(2,8,6,16): 26656
(2,8,7,9): 17667.9
(2,8,7,16): 29988
(2,8,8,9): 13250.9
(2,8,8,16): 22491
(2,8,9,9): 15214
(2,8,9,16): 25823
(2,8,10,9): 8833.96
(2,8,10,16): 14994
(2,8,11,9): 10797.1
(2,8,11,16): 18326
(2,8,12,9): 4416.98
(2,8,12,16): 7497
(2,8,13,9): 6380.08
(2,8,13,16): 10829
(2,8,14,9): 8833.96
(2,8,14,16): 14994
(2,8,15,9): 10797.1
(2,8,15,16): 18326
(2,8,16,9): 13250.9
(2,8,16,16): 22491
(2,8,17,9): 15214
(2,8,17,16): 25823
(2,8,18,9): 17667.9
(2,8,18,16): 29988
(2,8,19,9): 19631
(2,8,19,16): 33320
(2,8,20,9): 14232.5
(2,8,20,16): 24157
(2,8,21,9): 14232.5
(2,8,21,16): 24157
(2,8,22,9): 14232.5
(2,8,22,16): 24157
(2,8,23,9): 14232.5
(2,8,23,16): 24157
(2,9,0,5): 19159
(2,9,1,5): 22491
(2,9,2,5): 11662
(2,9,3,5): 14994
(2,9,4,5): 19159
(2,9,5,5): 22491
(2,9,6,5): 26656
(2,9,7,5): 29988
(2,9,8,5): 22491
(2,9,9,5): 25823
(2,9,10,5): 14994
(2,9,11,5): 18326
(2,9,12,5): 7497
(2,9,13,5): 10829
(2,9,14,5): 14994
(2,9,15,5): 18326
(2,9,16,5): 22491
(2,9,17,5): 25823
(2,9,18,5): 29988
(2,9,19,5): 33320
(2,9,20,5): 24157
(2,9,21,5): 24157
(2,9,22,5): 24157
(2,9,23,5): 24157
(2,10,0,12): 19159
(2,10,1,12): 22491
(2,10,2,12): 11662
(2,10,3,12): 14994
(2,10,4,12): 19159
(2,10,5,12): 22491
(2,10,6,12): 26656
(2,10,7,12): 29988
(2,10,8,12): 22491
(2,10,9,12): 25823
(2,10,10,12): 14994
(2,10,11,12): 18326
(2,10,12,12): 7497
(2,10,13,12): 10829
(2,10,14,12): 14994
(2,10,15,12): 18326
(2,10,16,12): 22491
(2,10,17,12): 25823
(2,10,18,12): 29988
(2,10,19,12): 33320
(2,10,20,12): 24157
(2,10,21,12): 24157
(2,10,22,12): 24157
(2,10,23,12): 24157
(2,11,0,18): 3282.48
(2,11,1,18): 3853.34
(2,11,2,18): 1998.03
(2,11,3,18): 2568.9
(2,11,4,18): 3282.48
(2,11,5,18): 3853.34
(2,11,6,18): 4566.93
(2,11,7,18): 5137.79
(2,11,8,18): 3853.34
(2,11,9,18): 4424.21
(2,11,10,18): 2568.9
(2,11,11,18): 3139.76
(2,11,12,18): 1284.45
(2,11,13,18): 1855.31
(2,11,14,18): 2568.9
(2,11,15,18): 3139.76
(2,11,16,18): 3853.34
(2,11,17,18): 4424.21
(2,11,18,18): 5137.79
(2,11,19,18): 5708.66
(2,11,20,18): 4138.78
(2,11,21,18): 4138.78
(2,11,22,18): 4138.78
(2,11,23,18): 4138.78
(2,12,0,13): 19159
(2,12,0,18): 15876.5
(2,12,1,13): 22491
(2,12,1,18): 18637.7
(2,12,2,13): 11662
(2,12,2,18): 9663.97
(2,12,3,13): 14994
(2,12,3,18): 12425.1
(2,12,4,13): 19159
(2,12,4,18): 15876.5
(2,12,5,13): 22491
(2,12,5,18): 18637.7
(2,12,6,13): 26656
(2,12,6,18): 22089.1
(2,12,7,13): 29988
(2,12,7,18): 24850.2
(2,12,8,13): 22491
(2,12,8,18): 18637.7
(2,12,9,13): 25823
(2,12,9,18): 21398.8
(2,12,10,13): 14994
(2,12,10,18): 12425.1
(2,12,11,13): 18326
(2,12,11,18): 15186.2
(2,12,12,13): 7497
(2,12,12,18): 6212.55
(2,12,13,13): 10829
(2,12,13,18): 8973.69
(2,12,14,13): 14994
(2,12,14,18): 12425.1
(2,12,15,13): 18326
(2,12,15,18): 15186.2
(2,12,16,13): 22491
(2,12,16,18): 18637.7
(2,12,17,13): 25823
(2,12,17,18): 21398.8
(2,12,18,13): 29988
(2,12,18,18): 24850.2
(2,12,19,13): 33320
(2,12,19,18): 27611.3
(2,12,20,13): 24157
(2,12,20,18): 20018.2
(2,12,21,13): 24157
(2,12,21,18): 20018.2
(2,12,22,13): 24157
(2,12,22,18): 20018.2
(2,12,23,13): 24157
(2,12,23,18): 20018.2
(2,13,0,14): 19159
(2,13,1,14): 22491
(2,13,2,14): 11662
(2,13,3,14): 14994
(2,13,4,14): 19159
(2,13,5,14): 22491
(2,13,6,14): 26656
(2,13,7,14): 29988
(2,13,8,14): 22491
(2,13,9,14): 25823
(2,13,10,14): 14994
(2,13,11,14): 18326
(2,13,12,14): 7497
(2,13,13,14): 10829
(2,13,14,14): 14994
(2,13,15,14): 18326
(2,13,16,14): 22491
(2,13,17,14): 25823
(2,13,18,14): 29988
(2,13,19,14): 33320
(2,13,20,14): 24157
(2,13,21,14): 24157
(2,13,22,14): 24157
(2,13,23,14): 24157
(2,14,0,20): 16759.5
(2,14,0,21): 2399.48
(2,14,1,20): 19674.2
(2,14,1,21): 2816.78
(2,14,2,20): 10201.4
(2,14,2,21): 1460.55
(2,14,3,20): 13116.1
(2,14,3,21): 1877.86
(2,14,4,20): 16759.5
(2,14,4,21): 2399.48
(2,14,5,20): 19674.2
(2,14,5,21): 2816.78
(2,14,6,20): 23317.6
(2,14,6,21): 3338.41
(2,14,7,20): 26232.3
(2,14,7,21): 3755.71
(2,14,8,20): 19674.2
(2,14,8,21): 2816.78
(2,14,9,20): 22588.9
(2,14,9,21): 3234.08
(2,14,10,20): 13116.1
(2,14,10,21): 1877.86
(2,14,11,20): 16030.8
(2,14,11,21): 2295.16
(2,14,12,20): 6558.07
(2,14,12,21): 938.928
(2,14,13,20): 9472.77
(2,14,13,21): 1356.23
(2,14,14,20): 13116.1
(2,14,14,21): 1877.86
(2,14,15,20): 16030.8
(2,14,15,21): 2295.16
(2,14,16,20): 19674.2
(2,14,16,21): 2816.78
(2,14,17,20): 22588.9
(2,14,17,21): 3234.08
(2,14,18,20): 26232.3
(2,14,18,21): 3755.71
(2,14,19,20): 29147
(2,14,19,21): 4173.01
(2,14,20,20): 21131.6
(2,14,20,21): 3025.43
(2,14,21,20): 21131.6
(2,14,21,21): 3025.43
(2,14,22,20): 21131.6
(2,14,22,21): 3025.43
(2,14,23,20): 21131.6
(2,14,23,21): 3025.43
(2,15,0,1): 17776.6
(2,15,0,2): 1382.43
(2,15,1,1): 20868.1
(2,15,1,2): 1622.85
(2,15,2,1): 10820.5
(2,15,2,2): 841.479
(2,15,3,1): 13912.1
(2,15,3,2): 1081.9
(2,15,4,1): 17776.6
(2,15,4,2): 1382.43
(2,15,5,1): 20868.1
(2,15,5,2): 1622.85
(2,15,6,1): 24732.6
(2,15,6,2): 1923.38
(2,15,7,1): 27824.2
(2,15,7,2): 2163.8
(2,15,8,1): 20868.1
(2,15,8,2): 1622.85
(2,15,9,1): 23959.7
(2,15,9,2): 1863.28
(2,15,10,1): 13912.1
(2,15,10,2): 1081.9
(2,15,11,1): 17003.7
(2,15,11,2): 1322.32
(2,15,12,1): 6956.05
(2,15,12,2): 540.951
(2,15,13,1): 10047.6
(2,15,13,2): 781.374
(2,15,14,1): 13912.1
(2,15,14,2): 1081.9
(2,15,15,1): 17003.7
(2,15,15,2): 1322.32
(2,15,16,1): 20868.1
(2,15,16,2): 1622.85
(2,15,17,1): 23959.7
(2,15,17,2): 1863.28
(2,15,18,1): 27824.2
(2,15,18,2): 2163.8
(2,15,19,1): 30915.8
(2,15,19,2): 2404.23
(2,15,20,1): 22413.9
(2,15,20,2): 1743.06
(2,15,21,1): 22413.9
(2,15,21,2): 1743.06
(2,15,22,1): 22413.9
(2,15,22,2): 1743.06
(2,15,23,1): 22413.9
(2,15,23,2): 1743.06
(2,16,0,5): 19159
(2,16,1,5): 22491
(2,16,2,5): 11662
(2,16,3,5): 14994
(2,16,4,5): 19159
(2,16,5,5): 22491
(2,16,6,5): 26656
(2,16,7,5): 29988
(2,16,8,5): 22491
(2,16,9,5): 25823
(2,16,10,5): 14994
(2,16,11,5): 18326
(2,16,12,5): 7497
(2,16,13,5): 10829
(2,16,14,5): 14994
(2,16,15,5): 18326
(2,16,16,5): 22491
(2,16,17,5): 25823
(2,16,18,5): 29988
(2,16,19,5): 33320
(2,16,20,5): 24157
(2,16,21,5): 24157
(2,16,22,5): 24157
(2,16,23,5): 24157
(2,17,0,11): 3282.48
(2,17,0,12): 15876.5
(2,17,1,11): 3853.34
(2,17,1,12): 18637.7
(2,17,2,11): 1998.03
(2,17,2,12): 9663.97
(2,17,3,11): 2568.9
(2,17,3,12): 12425.1
(2,17,4,11): 3282.48
(2,17,4,12): 15876.5
(2,17,5,11): 3853.34
(2,17,5,12): 18637.7
(2,17,6,11): 4566.93
(2,17,6,12): 22089.1
(2,17,7,11): 5137.79
(2,17,7,12): 24850.2
(2,17,8,11): 3853.34
(2,17,8,12): 18637.7
(2,17,9,11): 4424.21
(2,17,9,12): 21398.8
(2,17,10,11): 2568.9
(2,17,10,12): 12425.1
(2,17,11,11): 3139.76
(2,17,11,12): 15186.2
(2,17,12,11): 1284.45
(2,17,12,12): 6212.55
(2,17,13,11): 1855.31
(2,17,13,12): 8973.69
(2,17,14,11): 2568.9
(2,17,14,12): 12425.1
(2,17,15,11): 3139.76
(2,17,15,12): 15186.2
(2,17,16,11): 3853.34
(2,17,16,12): 18637.7
(2,17,17,11): 4424.21
(2,17,17,12): 21398.8
(2,17,18,11): 5137.79
(2,17,18,12): 24850.2
(2,17,19,11): 5708.66
(2,17,19,12): 27611.3
(2,17,20,11): 4138.78
(2,17,20,12): 20018.2
(2,17,21,11): 4138.78
(2,17,21,12): 20018.2
(2,17,22,11): 4138.78
(2,17,22,12): 20018.2
(2,17,23,11): 4138.78
(2,17,23,12): 20018.2
(2,18,0,19): 19159
(2,18,1,19): 22491
(2,18,2,19): 11662
(2,18,3,19): 14994
(2,18,4,19): 19159
(2,18,5,19): 22491
(2,18,6,19): 26656
(2,18,7,19): 29988
(2,18,8,19): 22491
(2,18,9,19): 25823
(2,18,10,19): 14994
(2,18,11,19): 18326
(2,18,12,19): 7497
(2,18,13,19): 10829
(2,18,14,19): 14994
(2,18,15,19): 18326
(2,18,16,19): 22491
(2,18,17,19): 25823
(2,18,18,19): 29988
(2,18,19,19): 33320
(2,18,20,19): 24157
(2,18,21,19): 24157
(2,18,22,19): 24157
(2,18,23,19): 24157
(2,19,0,22): 16759.5
(2,19,0,23): 2399.48
(2,19,1,22): 19674.2
(2,19,1,23): 2816.78
(2,19,2,22): 10201.4
(2,19,2,23): 1460.55
(2,19,3,22): 13116.1
(2,19,3,23): 1877.86
(2,19,4,22): 16759.5
(2,19,4,23): 2399.48
(2,19,5,22): 19674.2
(2,19,5,23): 2816.78
(2,19,6,22): 23317.6
(2,19,6,23): 3338.41
(2,19,7,22): 26232.3
(2,19,7,23): 3755.71
(2,19,8,22): 19674.2
(2,19,8,23): 2816.78
(2,19,9,22): 22588.9
(2,19,9,23): 3234.08
(2,19,10,22): 13116.1
(2,19,10,23): 1877.86
(2,19,11,22): 16030.8
(2,19,11,23): 2295.16
(2,19,12,22): 6558.07
(2,19,12,23): 938.928
(2,19,13,22): 9472.77
(2,19,13,23): 1356.23
(2,19,14,22): 13116.1
(2,19,14,23): 1877.86
(2,19,15,22): 16030.8
(2,19,15,23): 2295.16
(2,19,16,22): 19674.2
(2,19,16,23): 2816.78
(2,19,17,22): 22588.9
(2,19,17,23): 3234.08
(2,19,18,22): 26232.3
(2,19,18,23): 3755.71
(2,19,19,22): 29147
(2,19,19,23): 4173.01
(2,19,20,22): 21131.6
(2,19,20,23): 3025.43
(2,19,21,22): 21131.6
(2,19,21,23): 3025.43
(2,19,22,22): 21131.6
(2,19,22,23): 3025.43
(2,19,23,22): 21131.6
(2,19,23,23): 3025.43
(2,20,0,0): 16759.5
(2,20,1,0): 19674.2
(2,20,2,0): 10201.4
(2,20,3,0): 13116.1
(2,20,4,0): 16759.5
(2,20,5,0): 19674.2
(2,20,6,0): 23317.6
(2,20,7,0): 26232.3
(2,20,8,0): 19674.2
(2,20,9,0): 22588.9
(2,20,10,0): 13116.1
(2,20,11,0): 16030.8
(2,20,12,0): 6558.07
(2,20,13,0): 9472.77
(2,20,14,0): 13116.1
(2,20,15,0): 16030.8
(2,20,16,0): 19674.2
(2,20,17,0): 22588.9
(2,20,18,0): 26232.3
(2,20,19,0): 29147
(2,20,20,0): 21131.6
(2,20,21,0): 21131.6
(2,20,22,0): 21131.6
(2,20,23,0): 21131.6
(2,21,0,0): 2399.48
(2,21,1,0): 2816.78
(2,21,2,0): 1460.55
(2,21,3,0): 1877.86
(2,21,4,0): 2399.48
(2,21,5,0): 2816.78
(2,21,6,0): 3338.41
(2,21,7,0): 3755.71
(2,21,8,0): 2816.78
(2,21,9,0): 3234.08
(2,21,10,0): 1877.86
(2,21,11,0): 2295.16
(2,21,12,0): 938.928
(2,21,13,0): 1356.23
(2,21,14,0): 1877.86
(2,21,15,0): 2295.16
(2,21,16,0): 2816.78
(2,21,17,0): 3234.08
(2,21,18,0): 3755.71
(2,21,19,0): 4173.01
(2,21,20,0): 3025.43
(2,21,21,0): 3025.43
(2,21,22,0): 3025.43
(2,21,23,0): 3025.43
(2,22,0,15): 16759.5
(2,22,1,15): 19674.2
(2,22,2,15): 10201.4
(2,22,3,15): 13116.1
(2,22,4,15): 16759.5
(2,22,5,15): 19674.2
(2,22,6,15): 23317.6
(2,22,7,15): 26232.3
(2,22,8,15): 19674.2
(2,22,9,15): 22588.9
(2,22,10,15): 13116.1
(2,22,11,15): 16030.8
(2,22,12,15): 6558.07
(2,22,13,15): 9472.77
(2,22,14,15): 13116.1
(2,22,15,15): 16030.8
(2,22,16,15): 19674.2
(2,22,17,15): 22588.9
(2,22,18,15): 26232.3
(2,22,19,15): 29147
(2,22,20,15): 21131.6
(2,22,21,15): 21131.6
(2,22,22,15): 21131.6
(2,22,23,15): 21131.6
(2,23,0,15): 2399.48
(2,23,1,15): 2816.78
(2,23,2,15): 1460.55
(2,23,3,15): 1877.86
(2,23,4,15): 2399.48
(2,23,5,15): 2816.78
(2,23,6,15): 3338.41
(2,23,7,15): 3755.71
(2,23,8,15): 2816.78
(2,23,9,15): 3234.08
(2,23,10,15): 1877.86
(2,23,11,15): 2295.16
(2,23,12,15): 938.928
(2,23,13,15): 1356.23
(2,23,14,15): 1877.86
(2,23,15,15): 2295.16
(2,23,16,15): 2816.78
(2,23,17,15): 3234.08
(2,23,18,15): 3755.71
(2,23,19,15): 4173.01
(2,23,20,15): 3025.43
(2,23,21,15): 3025.43
(2,23,22,15): 3025.43
(2,23,23,15): 3025.43
(3,0,0,2): 22491
(3,0,1,2): 25823
(3,0,2,2): 14994
(3,0,3,2): 18326
(3,0,4,2): 22491
(3,0,5,2): 25823
(3,0,6,2): 29988
(3,0,7,2): 33320
(3,0,8,2): 25823
(3,0,9,2): 29155
(3,0,10,2): 18326
(3,0,11,2): 21658
(3,0,12,2): 10829
(3,0,13,2): 14161
(3,0,14,2): 18326
(3,0,15,2): 21658
(3,0,16,2): 25823
(3,0,17,2): 29155
(3,0,18,2): 33320
(3,0,19,2): 36652
(3,0,20,2): 27489
(3,0,21,2): 27489
(3,0,22,2): 27489
(3,0,23,2): 27489
(3,1,0,3): 20868.1
(3,1,1,3): 23959.7
(3,1,2,3): 13912.1
(3,1,3,3): 17003.7
(3,1,4,3): 20868.1
(3,1,5,3): 23959.7
(3,1,6,3): 27824.2
(3,1,7,3): 30915.8
(3,1,8,3): 23959.7
(3,1,9,3): 27051.3
(3,1,10,3): 17003.7
(3,1,11,3): 20095.3
(3,1,12,3): 10047.6
(3,1,13,3): 13139.2
(3,1,14,3): 17003.7
(3,1,15,3): 20095.3
(3,1,16,3): 23959.7
(3,1,17,3): 27051.3
(3,1,18,3): 30915.8
(3,1,19,3): 34007.4
(3,1,20,3): 25505.5
(3,1,21,3): 25505.5
(3,1,22,3): 25505.5
(3,1,23,3): 25505.5
(3,2,0,4): 24113.9
(3,2,1,4): 27686.3
(3,2,2,4): 16075.9
(3,2,3,4): 19648.3
(3,2,4,4): 24113.9
(3,2,5,4): 27686.3
(3,2,6,4): 32151.8
(3,2,7,4): 35724.2
(3,2,8,4): 27686.3
(3,2,9,4): 31258.7
(3,2,10,4): 19648.3
(3,2,11,4): 23220.7
(3,2,12,4): 11610.4
(3,2,13,4): 15182.8
(3,2,14,4): 19648.3
(3,2,15,4): 23220.7
(3,2,16,4): 27686.3
(3,2,17,4): 31258.7
(3,2,18,4): 35724.2
(3,2,19,4): 39296.6
(3,2,20,4): 29472.5
(3,2,21,4): 29472.5
(3,2,22,4): 29472.5
(3,2,23,4): 29472.5
(3,3,0,6): 20868.1
(3,3,1,6): 23959.7
(3,3,2,6): 13912.1
(3,3,3,6): 17003.7
(3,3,4,6): 20868.1
(3,3,5,6): 23959.7
(3,3,6,6): 27824.2
(3,3,7,6): 30915.8
(3,3,8,6): 23959.7
(3,3,9,6): 27051.3
(3,3,10,6): 17003.7
(3,3,11,6): 20095.3
(3,3,12,6): 10047.6
(3,3,13,6): 13139.2
(3,3,14,6): 17003.7
(3,3,15,6): 20095.3
(3,3,16,6): 23959.7
(3,3,17,6): 27051.3
(3,3,18,6): 30915.8
(3,3,19,6): 34007.4
(3,3,20,6): 25505.5
(3,3,21,6): 25505.5
(3,3,22,6): 25505.5
(3,3,23,6): 25505.5
(3,4,0,6): 24113.9
(3,4,1,6): 27686.3
(3,4,2,6): 16075.9
(3,4,3,6): 19648.3
(3,4,4,6): 24113.9
(3,4,5,6): 27686.3
(3,4,6,6): 32151.8
(3,4,7,6): 35724.2
(3,4,8,6): 27686.3
(3,4,9,6): 31258.7
(3,4,10,6): 19648.3
(3,4,11,6): 23220.7
(3,4,12,6): 11610.4
(3,4,13,6): 15182.8
(3,4,14,6): 19648.3
(3,4,15,6): 23220.7
(3,4,16,6): 27686.3
(3,4,17,6): 31258.7
(3,4,18,6): 35724.2
(3,4,19,6): 39296.6
(3,4,20,6): 29472.5
(3,4,21,6): 29472.5
(3,4,22,6): 29472.5
(3,4,23,6): 29472.5
(3,5,0,7): 9240.06
(3,5,0,8): 35741.9
(3,5,1,7): 10609
(3,5,1,8): 41037
(3,5,2,7): 6160.04
(3,5,2,8): 23828
(3,5,3,7): 7528.94
(3,5,3,8): 29123.1
(3,5,4,7): 9240.06
(3,5,4,8): 35741.9
(3,5,5,7): 10609
(3,5,5,8): 41037
(3,5,6,7): 12320.1
(3,5,6,8): 47655.9
(3,5,7,7): 13689
(3,5,7,8): 52951
(3,5,8,7): 10609
(3,5,8,8): 41037
(3,5,9,7): 11977.9
(3,5,9,8): 46332.1
(3,5,10,7): 7528.94
(3,5,10,8): 29123.1
(3,5,11,7): 8897.83
(3,5,11,8): 34418.2
(3,5,12,7): 4448.92
(3,5,12,8): 17209.1
(3,5,13,7): 5817.81
(3,5,13,8): 22504.2
(3,5,14,7): 7528.94
(3,5,14,8): 29123.1
(3,5,15,7): 8897.83
(3,5,15,8): 34418.2
(3,5,16,7): 10609
(3,5,16,8): 41037
(3,5,17,7): 11977.9
(3,5,17,8): 46332.1
(3,5,18,7): 13689
(3,5,18,8): 52951
(3,5,19,7): 15057.9
(3,5,19,8): 58246.1
(3,5,20,7): 11293.4
(3,5,20,8): 43684.6
(3,5,21,7): 11293.4
(3,5,21,8): 43684.6
(3,5,22,7): 11293.4
(3,5,22,8): 43684.6
(3,5,23,7): 11293.4
(3,5,23,8): 43684.6
(3,6,0,10): 22491
(3,6,0,17): 22491
(3,6,1,10): 25823
(3,6,1,17): 25823
(3,6,2,10): 14994
(3,6,2,17): 14994
(3,6,3,10): 18326
(3,6,3,17): 18326
(3,6,4,10): 22491
(3,6,4,17): 22491
(3,6,5,10): 25823
(3,6,5,17): 25823
(3,6,6,10): 29988
(3,6,6,17): 29988
(3,6,7,10): 33320
(3,6,7,17): 33320
(3,6,8,10): 25823
(3,6,8,17): 25823
(3,6,9,10): 29155
(3,6,9,17): 29155
(3,6,10,10): 18326
(3,6,10,17): 18326
(3,6,11,10): 21658
(3,6,11,17): 21658
(3,6,12,10): 10829
(3,6,12,17): 10829
(3,6,13,10): 14161
(3,6,13,17): 14161
(3,6,14,10): 18326
(3,6,14,17): 18326
(3,6,15,10): 21658
(3,6,15,17): 21658
(3,6,16,10): 25823
(3,6,16,17): 25823
(3,6,17,10): 29155
(3,6,17,17): 29155
(3,6,18,10): 33320
(3,6,18,17): 33320
(3,6,19,10): 36652
(3,6,19,17): 36652
(3,6,20,10): 27489
(3,6,20,17): 27489
(3,6,21,10): 27489
(3,6,21,17): 27489
(3,6,22,10): 27489
(3,6,22,17): 27489
(3,6,23,10): 27489
(3,6,23,17): 27489
(3,7,0,9): 9240.06
(3,7,1,9): 10609
(3,7,2,9): 6160.04
(3,7,3,9): 7528.94
(3,7,4,9): 9240.06
(3,7,5,9): 10609
(3,7,6,9): 12320.1
(3,7,7,9): 13689
(3,7,8,9): 10609
(3,7,9,9): 11977.9
(3,7,10,9): 7528.94
(3,7,11,9): 8897.83
(3,7,12,9): 4448.92
(3,7,13,9): 5817.81
(3,7,14,9): 7528.94
(3,7,15,9): 8897.83
(3,7,16,9): 10609
(3,7,17,9): 11977.9
(3,7,18,9): 13689
(3,7,19,9): 15057.9
(3,7,20,9): 11293.4
(3,7,21,9): 11293.4
(3,7,22,9): 11293.4
(3,7,23,9): 11293.4
(3,8,0,9): 13250.9
(3,8,0,16): 22491
(3,8,1,9): 15214
(3,8,1,16): 25823
(3,8,2,9): 8833.96
(3,8,2,16): 14994
(3,8,3,9): 10797.1
(3,8,3,16): 18326
(3,8,4,9): 13250.9
(3,8,4,16): 22491
(3,8,5,9): 15214
(3,8,5,16): 25823
(3,8,6,9): 17667.9
(3,8,6,16): 29988
(3,8,7,9): 19631
(3,8,7,16): 33320
(3,8,8,9): 15214
(3,8,8,16): 25823
(3,8,9,9): 17177.1
(3,8,9,16): 29155
(3,8,10,9): 10797.1
(3,8,10,16): 18326
(3,8,11,9): 12760.2
(3,8,11,16): 21658
(3,8,12,9): 6380.08
(3,8,12,16): 10829
(3,8,13,9): 8343.19
(3,8,13,16): 14161
(3,8,14,9): 10797.1
(3,8,14,16): 18326
(3,8,15,9): 12760.2
(3,8,15,16): 21658
(3,8,16,9): 15214
(3,8,16,16): 25823
(3,8,17,9): 17177.1
(3,8,17,16): 29155
(3,8,18,9): 19631
(3,8,18,16): 33320
(3,8,19,9): 21594.1
(3,8,19,16): 36652
(3,8,20,9): 16195.6
(3,8,20,16): 27489
(3,8,21,9): 16195.6
(3,8,21,16): 27489
(3,8,22,9): 16195.6
(3,8,22,16): 27489
(3,8,23,9): 16195.6
(3,8,23,16): 27489
(3,9,0,5): 22491
(3,9,1,5): 25823
(3,9,2,5): 14994
(3,9,3,5): 18326
(3,9,4,5): 22491
(3,9,5,5): 25823
(3,9,6,5): 29988
(3,9,7,5): 33320
(3,9,8,5): 25823
(3,9,9,5): 29155
(3,9,10,5): 18326
(3,9,11,5): 21658
(3,9,12,5): 10829
(3,9,13,5): 14161
(3,9,14,5): 18326
(3,9,15,5): 21658
(3,9,16,5): 25823
(3,9,17,5): 29155
(3,9,18,5): 33320
(3,9,19,5): 36652
(3,9,20,5): 27489
(3,9,21,5): 27489
(3,9,22,5): 27489
(3,9,23,5): 27489
(3,10,0,12): 22491
(3,10,1,12): 25823
(3,10,2,12): 14994
(3,10,3,12): 18326
(3,10,4,12): 22491
(3,10,5,12): 25823
(3,10,6,12): 29988
(3,10,7,12): 33320
(3,10,8,12): 25823
(3,10,9,12): 29155
(3,10,10,12): 18326
(3,10,11,12): 21658
(3,10,12,12): 10829
(3,10,13,12): 14161
(3,10,14,12): 18326
(3,10,15,12): 21658
(3,10,16,12): 25823
(3,10,17,12): 29155
(3,10,18,12): 33320
(3,10,19,12): 36652
(3,10,20,12): 27489
(3,10,21,12): 27489
(3,10,22,12): 27489
(3,10,23,12): 27489
(3,11,0,18): 3853.34
(3,11,1,18): 4424.21
(3,11,2,18): 2568.9
(3,11,3,18): 3139.76
(3,11,4,18): 3853.34
(3,11,5,18): 4424.21
(3,11,6,18): 5137.79
(3,11,7,18): 5708.66
(3,11,8,18): 4424.21
(3,11,9,18): 4995.07
(3,11,10,18): 3139.76
(3,11,11,18): 3710.63
(3,11,12,18): 1855.31
(3,11,13,18): 2426.18
(3,11,14,18): 3139.76
(3,11,15,18): 3710.63
(3,11,16,18): 4424.21
(3,11,17,18): 4995.07
(3,11,18,18): 5708.66
(3,11,19,18): 6279.52
(3,11,20,18): 4709.64
(3,11,21,18): 4709.64
(3,11,22,18): 4709.64
(3,11,23,18): 4709.64
(3,12,0,13): 22491
(3,12,0,18): 18637.7
(3,12,1,13): 25823
(3,12,1,18): 21398.8
(3,12,2,13): 14994
(3,12,2,18): 12425.1
(3,12,3,13): 18326
(3,12,3,18): 15186.2
(3,12,4,13): 22491
(3,12,4,18): 18637.7
(3,12,5,13): 25823
(3,12,5,18): 21398.8
(3,12,6,13): 29988
(3,12,6,18): 24850.2
(3,12,7,13): 33320
(3,12,7,18): 27611.3
(3,12,8,13): 25823
(3,12,8,18): 21398.8
(3,12,9,13): 29155
(3,12,9,18): 24159.9
(3,12,10,13): 18326
(3,12,10,18): 15186.2
(3,12,11,13): 21658
(3,12,11,18): 17947.4
(3,12,12,13): 10829
(3,12,12,18): 8973.69
(3,12,13,13): 14161
(3,12,13,18): 11734.8
(3,12,14,13): 18326
(3,12,14,18): 15186.2
(3,12,15,13): 21658
(3,12,15,18): 17947.4
(3,12,16,13): 25823
(3,12,16,18): 21398.8
(3,12,17,13): 29155
(3,12,17,18): 24159.9
(3,12,18,13): 33320
(3,12,18,18): 27611.3
(3,12,19,13): 36652
(3,12,19,18): 30372.5
(3,12,20,13): 27489
(3,12,20,18): 22779.4
(3,12,21,13): 27489
(3,12,21,18): 22779.4
(3,12,22,13): 27489
(3,12,22,18): 22779.4
(3,12,23,13): 27489
(3,12,23,18): 22779.4
(3,13,0,14): 22491
(3,13,1,14): 25823
(3,13,2,14): 14994
(3,13,3,14): 18326
(3,13,4,14): 22491
(3,13,5,14): 25823
(3,13,6,14): 29988
(3,13,7,14): 33320
(3,13,8,14): 25823
(3,13,9,14): 29155
(3,13,10,14): 18326
(3,13,11,14): 21658
(3,13,12,14): 10829
(3,13,13,14): 14161
(3,13,14,14): 18326
(3,13,15,14): 21658
(3,13,16,14): 25823
(3,13,17,14): 29155
(3,13,18,14): 33320
(3,13,19,14): 36652
(3,13,20,14): 27489
(3,13,21,14): 27489
(3,13,22,14): 27489
(3,13,23,14): 27489
(3,14,0,20): 19674.2
(3,14,0,21): 2816.78
(3,14,1,20): 22588.9
(3,14,1,21): 3234.08
(3,14,2,20): 13116.1
(3,14,2,21): 1877.86
(3,14,3,20): 16030.8
(3,14,3,21): 2295.16
(3,14,4,20): 19674.2
(3,14,4,21): 2816.78
(3,14,5,20): 22588.9
(3,14,5,21): 3234.08
(3,14,6,20): 26232.3
(3,14,6,21): 3755.71
(3,14,7,20): 29147
(3,14,7,21): 4173.01
(3,14,8,20): 22588.9
(3,14,8,21): 3234.08
(3,14,9,20): 25503.6
(3,14,9,21): 3651.39
(3,14,10,20): 16030.8
(3,14,10,21): 2295.16
(3,14,11,20): 18945.5
(3,14,11,21): 2712.46
(3,14,12,20): 9472.77
(3,14,12,21): 1356.23
(3,14,13,20): 12387.5
(3,14,13,21): 1773.53
(3,14,14,20): 16030.8
(3,14,14,21): 2295.16
(3,14,15,20): 18945.5
(3,14,15,21): 2712.46
(3,14,16,20): 22588.9
(3,14,16,21): 3234.08
(3,14,17,20): 25503.6
(3,14,17,21): 3651.39
(3,14,18,20): 29147
(3,14,18,21): 4173.01
(3,14,19,20): 32061.7
(3,14,19,21): 4590.31
(3,14,20,20): 24046.3
(3,14,20,21): 3442.73
(3,14,21,20): 24046.3
(3,14,21,21): 3442.73
(3,14,22,20): 24046.3
(3,14,22,21): 3442.73
(3,14,23,20): 24046.3
(3,14,23,21): 3442.73
(3,15,0,1): 20868.1
(3,15,0,2): 1622.85
(3,15,1,1): 23959.7
(3,15,1,2): 1863.28
(3,15,2,1): 13912.1
(3,15,2,2): 1081.9
(3,15,3,1): 17003.7
(3,15,3,2): 1322.32
(3,15,4,1): 20868.1
(3,15,4,2): 1622.85
(3,15,5,1): 23959.7
(3,15,5,2): 1863.28
(3,15,6,1): 27824.2
(3,15,6,2): 2163.8
(3,15,7,1): 30915.8
(3,15,7,2): 2404.23
(3,15,8,1): 23959.7
(3,15,8,2): 1863.28
(3,15,9,1): 27051.3
(3,15,9,2): 2103.7
(3,15,10,1): 17003.7
(3,15,10,2): 1322.32
(3,15,11,1): 20095.3
(3,15,11,2): 1562.75
(3,15,12,1): 10047.6
(3,15,12,2): 781.374
(3,15,13,1): 13139.2
(3,15,13,2): 1021.8
(3,15,14,1): 17003.7
(3,15,14,2): 1322.32
(3,15,15,1): 20095.3
(3,15,15,2): 1562.75
(3,15,16,1): 23959.7
(3,15,16,2): 1863.28
(3,15,17,1): 27051.3
(3,15,17,2): 2103.7
(3,15,18,1): 30915.8
(3,15,18,2): 2404.23
(3,15,19,1): 34007.4
(3,15,19,2): 2644.65
(3,15,20,1): 25505.5
(3,15,20,2): 1983.49
(3,15,21,1): 25505.5
(3,15,21,2): 1983.49
(3,15,22,1): 25505.5
(3,15,22,2): 1983.49
(3,15,23,1): 25505.5
(3,15,23,2): 1983.49
(3,16,0,5): 22491
(3,16,1,5): 25823
(3,16,2,5): 14994
(3,16,3,5): 18326
(3,16,4,5): 22491
(3,16,5,5): 25823
(3,16,6,5): 29988
(3,16,7,5): 33320
(3,16,8,5): 25823
(3,16,9,5): 29155
(3,16,10,5): 18326
(3,16,11,5): 21658
(3,16,12,5): 10829
(3,16,13,5): 14161
(3,16,14,5): 18326
(3,16,15,5): 21658
(3,16,16,5): 25823
(3,16,17,5): 29155
(3,16,18,5): 33320
(3,16,19,5): 36652
(3,16,20,5): 27489
(3,16,21,5): 27489
(3,16,22,5): 27489
(3,16,23,5): 27489
(3,17,0,11): 3853.34
(3,17,0,12): 18637.7
(3,17,1,11): 4424.21
(3,17,1,12): 21398.8
(3,17,2,11): 2568.9
(3,17,2,12): 12425.1
(3,17,3,11): 3139.76
(3,17,3,12): 15186.2
(3,17,4,11): 3853.34
(3,17,4,12): 18637.7
(3,17,5,11): 4424.21
(3,17,5,12): 21398.8
(3,17,6,11): 5137.79
(3,17,6,12): 24850.2
(3,17,7,11): 5708.66
(3,17,7,12): 27611.3
(3,17,8,11): 4424.21
(3,17,8,12): 21398.8
(3,17,9,11): 4995.07
(3,17,9,12): 24159.9
(3,17,10,11): 3139.76
(3,17,10,12): 15186.2
(3,17,11,11): 3710.63
(3,17,11,12): 17947.4
(3,17,12,11): 1855.31
(3,17,12,12): 8973.69
(3,17,13,11): 2426.18
(3,17,13,12): 11734.8
(3,17,14,11): 3139.76
(3,17,14,12): 15186.2
(3,17,15,11): 3710.63
(3,17,15,12): 17947.4
(3,17,16,11): 4424.21
(3,17,16,12): 21398.8
(3,17,17,11): 4995.07
(3,17,17,12): 24159.9
(3,17,18,11): 5708.66
(3,17,18,12): 27611.3
(3,17,19,11): 6279.52
(3,17,19,12): 30372.5
(3,17,20,11): 4709.64
(3,17,20,12): 22779.4
(3,17,21,11): 4709.64
(3,17,21,12): 22779.4
(3,17,22,11): 4709.64
(3,17,22,12): 22779.4
(3,17,23,11): 4709.64
(3,17,23,12): 22779.4
(3,18,0,19): 22491
(3,18,1,19): 25823
(3,18,2,19): 14994
(3,18,3,19): 18326
(3,18,4,19): 22491
(3,18,5,19): 25823
(3,18,6,19): 29988
(3,18,7,19): 33320
(3,18,8,19): 25823
(3,18,9,19): 29155
(3,18,10,19): 18326
(3,18,11,19): 21658
(3,18,12,19): 10829
(3,18,13,19): 14161
(3,18,14,19): 18326
(3,18,15,19): 21658
(3,18,16,19): 25823
(3,18,17,19): 29155
(3,18,18,19): 33320
(3,18,19,19): 36652
(3,18,20,19): 27489
(3,18,21,19): 27489
(3,18,22,19): 27489
(3,18,23,19): 27489
(3,19,0,22): 19674.2
(3,19,0,23): 2816.78
(3,19,1,22): 22588.9
(3,19,1,23): 3234.08
(3,19,2,22): 13116.1
(3,19,2,23): 1877.86
(3,19,3,22): 16030.8
(3,19,3,23): 2295.16
(3,19,4,22): 19674.2
(3,19,4,23): 2816.78
(3,19,5,22): 22588.9
(3,19,5,23): 3234.08
(3,19,6,22): 26232.3
(3,19,6,23): 3755.71
(3,19,7,22): 29147
(3,19,7,23): 4173.01
(3,19,8,22): 22588.9
(3,19,8,23): 3234.08
(3,19,9,22): 25503.6
(3,19,9,23): 3651.39
(3,19,10,22): 16030.8
(3,19,10,23): 2295.16
(3,19,11,22): 18945.5
(3,19,11,23): 2712.46
(3,19,12,22): 9472.77
(3,19,12,23): 1356.23
(3,19,13,22): 12387.5
(3,19,13,23): 1773.53
(3,19,14,22): 16030.8
(3,19,14,23): 2295.16
(3,19,15,22): 18945.5
(3,19,15,23): 2712.46
(3,19,16,22): 22588.9
(3,19,16,23): 3234.08
(3,19,17,22): 25503.6
(3,19,17,23): 3651.39
(3,19,18,22): 29147
(3,19,18,23): 4173.01
(3,19,19,22): 32061.7
(3,19,19,23): 4590.31
(3,19,20,22): 24046.3
(3,19,20,23): 3442.73
(3,19,21,22): 24046.3
(3,19,21,23): 3442.73
(3,19,22,22): 24046.3
(3,19,22,23): 3442.73
(3,19,23,22): 24046.3
(3,19,23,23): 3442.73
(3,20,0,0): 19674.2
(3,20,1,0): 22588.9
(3,20,2,0): 13116.1
(3,20,3,0): 16030.8
(3,20,4,0): 19674.2
(3,20,5,0): 22588.9
(3,20,6,0): 26232.3
(3,20,7,0): 29147
(3,20,8,0): 22588.9
(3,20,9,0): 25503.6
(3,20,10,0): 16030.8
(3,20,11,0): 18945.5
(3,20,12,0): 9472.77
(3,20,13,0): 12387.5
(3,20,14,0): 16030.8
(3,20,15,0): 18945.5
(3,20,16,0): 22588.9
(3,20,17,0): 25503.6
(3,20,18,0): 29147
(3,20,19,0): 32061.7
(3,20,20,0): 24046.3
(3,20,21,0): 24046.3
(3,20,22,0): 24046.3
(3,20,23,0): 24046.3
(3,21,0,0): 2816.78
(3,21,1,0): 3234.08
(3,21,2,0): 1877.86
(3,21,3,0): 2295.16
(3,21,4,0): 2816.78
(3,21,5,0): 3234.08
(3,21,6,0): 3755.71
(3,21,7,0): 4173.01
(3,21,8,0): 3234.08
(3,21,9,0): 3651.39
(3,21,10,0): 2295.16
(3,21,11,0): 2712.46
(3,21,12,0): 1356.23
(3,21,13,0): 1773.53
(3,21,14,0): 2295.16
(3,21,15,0): 2712.46
(3,21,16,0): 3234.08
(3,21,17,0): 3651.39
(3,21,18,0): 4173.01
(3,21,19,0): 4590.31
(3,21,20,0): 3442.73
(3,21,21,0): 3442.73
(3,21,22,0): 3442.73
(3,21,23,0): 3442.73
(3,22,0,15): 19674.2
(3,22,1,15): 22588.9
(3,22,2,15): 13116.1
(3,22,3,15): 16030.8
(3,22,4,15): 19674.2
(3,22,5,15): 22588.9
(3,22,6,15): 26232.3
(3,22,7,15): 29147
(3,22,8,15): 22588.9
(3,22,9,15): 25503.6
(3,22,10,15): 16030.8
(3,22,11,15): 18945.5
(3,22,12,15): 9472.77
(3,22,13,15): 12387.5
(3,22,14,15): 16030.8
(3,22,15,15): 18945.5
(3,22,16,15): 22588.9
(3,22,17,15): 25503.6
(3,22,18,15): 29147
(3,22,19,15): 32061.7
(3,22,20,15): 24046.3
(3,22,21,15): 24046.3
(3,22,22,15): 24046.3
(3,22,23,15): 24046.3
(3,23,0,15): 2816.78
(3,23,1,15): 3234.08
(3,23,2,15): 1877.86
(3,23,3,15): 2295.16
(3,23,4,15): 2816.78
(3,23,5,15): 3234.08
(3,23,6,15): 3755.71
(3,23,7,15): 4173.01
(3,23,8,15): 3234.08
(3,23,9,15): 3651.39
(3,23,10,15): 2295.16
(3,23,11,15): 2712.46
(3,23,12,15): 1356.23
(3,23,13,15): 1773.53
(3,23,14,15): 2295.16
(3,23,15,15): 2712.46
(3,23,16,15): 3234.08
(3,23,17,15): 3651.39
(3,23,18,15): 4173.01
(3,23,19,15): 4590.31
(3,23,20,15): 3442.73
(3,23,21,15): 3442.73
(3,23,22,15): 3442.73
(3,23,23,15): 3442.73
(4,0,0,2): 26656
(4,0,1,2): 29988
(4,0,2,2): 19159
(4,0,3,2): 22491
(4,0,4,2): 11662
(4,0,5,2): 14994
(4,0,6,2): 19159
(4,0,7,2): 22491
(4,0,8,2): 26656
(4,0,9,2): 29988
(4,0,10,2): 22491
(4,0,11,2): 25823
(4,0,12,2): 14994
(4,0,13,2): 18326
(4,0,14,2): 7497
(4,0,15,2): 10829
(4,0,16,2): 14994
(4,0,17,2): 18326
(4,0,18,2): 22491
(4,0,19,2): 25823
(4,0,20,2): 31654
(4,0,21,2): 31654
(4,0,22,2): 31654
(4,0,23,2): 31654
(4,1,0,3): 24732.6
(4,1,1,3): 27824.2
(4,1,2,3): 17776.6
(4,1,3,3): 20868.1
(4,1,4,3): 10820.5
(4,1,5,3): 13912.1
(4,1,6,3): 17776.6
(4,1,7,3): 20868.1
(4,1,8,3): 24732.6
(4,1,9,3): 27824.2
(4,1,10,3): 20868.1
(4,1,11,3): 23959.7
(4,1,12,3): 13912.1
(4,1,13,3): 17003.7
(4,1,14,3): 6956.05
(4,1,15,3): 10047.6
(4,1,16,3): 13912.1
(4,1,17,3): 17003.7
(4,1,18,3): 20868.1
(4,1,19,3): 23959.7
(4,1,20,3): 29370
(4,1,21,3): 29370
(4,1,22,3): 29370
(4,1,23,3): 29370
(4,2,0,4): 28579.4
(4,2,1,4): 32151.8
(4,2,2,4): 20541.4
(4,2,3,4): 24113.9
(4,2,4,4): 12503.5
(4,2,5,4): 16075.9
(4,2,6,4): 20541.4
(4,2,7,4): 24113.9
(4,2,8,4): 28579.4
(4,2,9,4): 32151.8
(4,2,10,4): 24113.9
(4,2,11,4): 27686.3
(4,2,12,4): 16075.9
(4,2,13,4): 19648.3
(4,2,14,4): 8037.95
(4,2,15,4): 11610.4
(4,2,16,4): 16075.9
(4,2,17,4): 19648.3
(4,2,18,4): 24113.9
(4,2,19,4): 27686.3
(4,2,20,4): 33938
(4,2,21,4): 33938
(4,2,22,4): 33938
(4,2,23,4): 33938
(4,3,0,6): 24732.6
(4,3,1,6): 27824.2
(4,3,2,6): 17776.6
(4,3,3,6): 20868.1
(4,3,4,6): 10820.5
(4,3,5,6): 13912.1
(4,3,6,6): 17776.6
(4,3,7,6): 20868.1
(4,3,8,6): 24732.6
(4,3,9,6): 27824.2
(4,3,10,6): 20868.1
(4,3,11,6): 23959.7
(4,3,12,6): 13912.1
(4,3,13,6): 17003.7
(4,3,14,6): 6956.05
(4,3,15,6): 10047.6
(4,3,16,6): 13912.1
(4,3,17,6): 17003.7
(4,3,18,6): 20868.1
(4,3,19,6): 23959.7
(4,3,20,6): 29370
(4,3,21,6): 29370
(4,3,22,6): 29370
(4,3,23,6): 29370
(4,4,0,6): 28579.4
(4,4,1,6): 32151.8
(4,4,2,6): 20541.4
(4,4,3,6): 24113.9
(4,4,4,6): 12503.5
(4,4,5,6): 16075.9
(4,4,6,6): 20541.4
(4,4,7,6): 24113.9
(4,4,8,6): 28579.4
(4,4,9,6): 32151.8
(4,4,10,6): 24113.9
(4,4,11,6): 27686.3
(4,4,12,6): 16075.9
(4,4,13,6): 19648.3
(4,4,14,6): 8037.95
(4,4,15,6): 11610.4
(4,4,16,6): 16075.9
(4,4,17,6): 19648.3
(4,4,18,6): 24113.9
(4,4,19,6): 27686.3
(4,4,20,6): 33938
(4,4,21,6): 33938
(4,4,22,6): 33938
(4,4,23,6): 33938
(4,5,0,7): 10951.2
(4,5,0,8): 42360.8
(4,5,1,7): 12320.1
(4,5,1,8): 47655.9
(4,5,2,7): 7871.16
(4,5,2,8): 30446.8
(4,5,3,7): 9240.06
(4,5,3,8): 35741.9
(4,5,4,7): 4791.14
(4,5,4,8): 18532.9
(4,5,5,7): 6160.04
(4,5,5,8): 23828
(4,5,6,7): 7871.16
(4,5,6,8): 30446.8
(4,5,7,7): 9240.06
(4,5,7,8): 35741.9
(4,5,8,7): 10951.2
(4,5,8,8): 42360.8
(4,5,9,7): 12320.1
(4,5,9,8): 47655.9
(4,5,10,7): 9240.06
(4,5,10,8): 35741.9
(4,5,11,7): 10609
(4,5,11,8): 41037
(4,5,12,7): 6160.04
(4,5,12,8): 23828
(4,5,13,7): 7528.94
(4,5,13,8): 29123.1
(4,5,14,7): 3080.02
(4,5,14,8): 11914
(4,5,15,7): 4448.92
(4,5,15,8): 17209.1
(4,5,16,7): 6160.04
(4,5,16,8): 23828
(4,5,17,7): 7528.94
(4,5,17,8): 29123.1
(4,5,18,7): 9240.06
(4,5,18,8): 35741.9
(4,5,19,7): 10609
(4,5,19,8): 41037
(4,5,20,7): 13004.5
(4,5,20,8): 50303.5
(4,5,21,7): 13004.5
(4,5,21,8): 50303.5
(4,5,22,7): 13004.5
(4,5,22,8): 50303.5
(4,5,23,7): 13004.5
(4,5,23,8): 50303.5
(4,6,0,10): 26656
(4,6,0,17): 26656
(4,6,1,10): 29988
(4,6,1,17): 29988
(4,6,2,10): 19159
(4,6,2,17): 19159
(4,6,3,10): 22491
(4,6,3,17): 22491
(4,6,4,10): 11662
(4,6,4,17): 11662
(4,6,5,10): 14994
(4,6,5,17): 14994
(4,6,6,10): 19159
(4,6,6,17): 19159
(4,6,7,10): 22491
(4,6,7,17): 22491
(4,6,8,10): 26656
(4,6,8,17): 26656
(4,6,9,10): 29988
(4,6,9,17): 29988
(4,6,10,10): 22491
(4,6,10,17): 22491
(4,6,11,10): 25823
(4,6,11,17): 25823
(4,6,12,10): 14994
(4,6,12,17): 14994
(4,6,13,10): 18326
(4,6,13,17): 18326
(4,6,14,10): 7497
(4,6,14,17): 7497
(4,6,15,10): 10829
(4,6,15,17): 10829
(4,6,16,10): 14994
(4,6,16,17): 14994
(4,6,17,10): 18326
(4,6,17,17): 18326
(4,6,18,10): 22491
(4,6,18,17): 22491
(4,6,19,10): 25823
(4,6,19,17): 25823
(4,6,20,10): 31654
(4,6,20,17): 31654
(4,6,21,10): 31654
(4,6,21,17): 31654
(4,6,22,10): 31654
(4,6,22,17): 31654
(4,6,23,10): 31654
(4,6,23,17): 31654
(4,7,0,9): 10951.2
(4,7,1,9): 12320.1
(4,7,2,9): 7871.16
(4,7,3,9): 9240.06
(4,7,4,9): 4791.14
(4,7,5,9): 6160.04
(4,7,6,9): 7871.16
(4,7,7,9): 9240.06
(4,7,8,9): 10951.2
(4,7,9,9): 12320.1
(4,7,10,9): 9240.06
(4,7,11,9): 10609
(4,7,12,9): 6160.04
(4,7,13,9): 7528.94
(4,7,14,9): 3080.02
(4,7,15,9): 4448.92
(4,7,16,9): 6160.04
(4,7,17,9): 7528.94
(4,7,18,9): 9240.06
(4,7,19,9): 10609
(4,7,20,9): 13004.5
(4,7,21,9): 13004.5
(4,7,22,9): 13004.5
(4,7,23,9): 13004.5
(4,8,0,9): 15704.8
(4,8,0,16): 26656
(4,8,1,9): 17667.9
(4,8,1,16): 29988
(4,8,2,9): 11287.8
(4,8,2,16): 19159
(4,8,3,9): 13250.9
(4,8,3,16): 22491
(4,8,4,9): 6870.86
(4,8,4,16): 11662
(4,8,5,9): 8833.96
(4,8,5,16): 14994
(4,8,6,9): 11287.8
(4,8,6,16): 19159
(4,8,7,9): 13250.9
(4,8,7,16): 22491
(4,8,8,9): 15704.8
(4,8,8,16): 26656
(4,8,9,9): 17667.9
(4,8,9,16): 29988
(4,8,10,9): 13250.9
(4,8,10,16): 22491
(4,8,11,9): 15214
(4,8,11,16): 25823
(4,8,12,9): 8833.96
(4,8,12,16): 14994
(4,8,13,9): 10797.1
(4,8,13,16): 18326
(4,8,14,9): 4416.98
(4,8,14,16): 7497
(4,8,15,9): 6380.08
(4,8,15,16): 10829
(4,8,16,9): 8833.96
(4,8,16,16): 14994
(4,8,17,9): 10797.1
(4,8,17,16): 18326
(4,8,18,9): 13250.9
(4,8,18,16): 22491
(4,8,19,9): 15214
(4,8,19,16): 25823
(4,8,20,9): 18649.5
(4,8,20,16): 31654
(4,8,21,9): 18649.5
(4,8,21,16): 31654
(4,8,22,9): 18649.5
(4,8,22,16): 31654
(4,8,23,9): 18649.5
(4,8,23,16): 31654
(4,9,0,5): 26656
(4,9,1,5): 29988
(4,9,2,5): 19159
(4,9,3,5): 22491
(4,9,4,5): 11662
(4,9,5,5): 14994
(4,9,6,5): 19159
(4,9,7,5): 22491
(4,9,8,5): 26656
(4,9,9,5): 29988
(4,9,10,5): 22491
(4,9,11,5): 25823
(4,9,12,5): 14994
(4,9,13,5): 18326
(4,9,14,5): 7497
(4,9,15,5): 10829
(4,9,16,5): 14994
(4,9,17,5): 18326
(4,9,18,5): 22491
(4,9,19,5): 25823
(4,9,20,5): 31654
(4,9,21,5): 31654
(4,9,22,5): 31654
(4,9,23,5): 31654
(4,10,0,12): 26656
(4,10,1,12): 29988
(4,10,2,12): 19159
(4,10,3,12): 22491
(4,10,4,12): 11662
(4,10,5,12): 14994
(4,10,6,12): 19159
(4,10,7,12): 22491
(4,10,8,12): 26656
(4,10,9,12): 29988
(4,10,10,12): 22491
(4,10,11,12): 25823
(4,10,12,12): 14994
(4,10,13,12): 18326
(4,10,14,12): 7497
(4,10,15,12): 10829
(4,10,16,12): 14994
(4,10,17,12): 18326
(4,10,18,12): 22491
(4,10,19,12): 25823
(4,10,20,12): 31654
(4,10,21,12): 31654
(4,10,22,12): 31654
(4,10,23,12): 31654
(4,11,0,18): 4566.93
(4,11,1,18): 5137.79
(4,11,2,18): 3282.48
(4,11,3,18): 3853.34
(4,11,4,18): 1998.03
(4,11,5,18): 2568.9
(4,11,6,18): 3282.48
(4,11,7,18): 3853.34
(4,11,8,18): 4566.93
(4,11,9,18): 5137.79
(4,11,10,18): 3853.34
(4,11,11,18): 4424.21
(4,11,12,18): 2568.9
(4,11,13,18): 3139.76
(4,11,14,18): 1284.45
(4,11,15,18): 1855.31
(4,11,16,18): 2568.9
(4,11,17,18): 3139.76
(4,11,18,18): 3853.34
(4,11,19,18): 4424.21
(4,11,20,18): 5423.22
(4,11,21,18): 5423.22
(4,11,22,18): 5423.22
(4,11,23,18): 5423.22
(4,12,0,13): 26656
(4,12,0,18): 22089.1
(4,12,1,13): 29988
(4,12,1,18): 24850.2
(4,12,2,13): 19159
(4,12,2,18): 15876.5
(4,12,3,13): 22491
(4,12,3,18): 18637.7
(4,12,4,13): 11662
(4,12,4,18): 9663.97
(4,12,5,13): 14994
(4,12,5,18): 12425.1
(4,12,6,13): 19159
(4,12,6,18): 15876.5
(4,12,7,13): 22491
(4,12,7,18): 18637.7
(4,12,8,13): 26656
(4,12,8,18): 22089.1
(4,12,9,13): 29988
(4,12,9,18): 24850.2
(4,12,10,13): 22491
(4,12,10,18): 18637.7
(4,12,11,13): 25823
(4,12,11,18): 21398.8
(4,12,12,13): 14994
(4,12,12,18): 12425.1
(4,12,13,13): 18326
(4,12,13,18): 15186.2
(4,12,14,13): 7497
(4,12,14,18): 6212.55
(4,12,15,13): 10829
(4,12,15,18): 8973.69
(4,12,16,13): 14994
(4,12,16,18): 12425.1
(4,12,17,13): 18326
(4,12,17,18): 15186.2
(4,12,18,13): 22491
(4,12,18,18): 18637.7
(4,12,19,13): 25823
(4,12,19,18): 21398.8
(4,12,20,13): 31654
(4,12,20,18): 26230.8
(4,12,21,13): 31654
(4,12,21,18): 26230.8
(4,12,22,13): 31654
(4,12,22,18): 26230.8
(4,12,23,13): 31654
(4,12,23,18): 26230.8
(4,13,0,14): 26656
(4,13,1,14): 29988
(4,13,2,14): 19159
(4,13,3,14): 22491
(4,13,4,14): 11662
(4,13,5,14): 14994
(4,13,6,14): 19159
(4,13,7,14): 22491
(4,13,8,14): 26656
(4,13,9,14): 29988
(4,13,10,14): 22491
(4,13,11,14): 25823
(4,13,12,14): 14994
(4,13,13,14): 18326
(4,13,14,14): 7497
(4,13,15,14): 10829
(4,13,16,14): 14994
(4,13,17,14): 18326
(4,13,18,14): 22491
(4,13,19,14): 25823
(4,13,20,14): 31654
(4,13,21,14): 31654
(4,13,22,14): 31654
(4,13,23,14): 31654
(4,14,0,20): 23317.6
(4,14,0,21): 3338.41
(4,14,1,20): 26232.3
(4,14,1,21): 3755.71
(4,14,2,20): 16759.5
(4,14,2,21): 2399.48
(4,14,3,20): 19674.2
(4,14,3,21): 2816.78
(4,14,4,20): 10201.4
(4,14,4,21): 1460.55
(4,14,5,20): 13116.1
(4,14,5,21): 1877.86
(4,14,6,20): 16759.5
(4,14,6,21): 2399.48
(4,14,7,20): 19674.2
(4,14,7,21): 2816.78
(4,14,8,20): 23317.6
(4,14,8,21): 3338.41
(4,14,9,20): 26232.3
(4,14,9,21): 3755.71
(4,14,10,20): 19674.2
(4,14,10,21): 2816.78
(4,14,11,20): 22588.9
(4,14,11,21): 3234.08
(4,14,12,20): 13116.1
(4,14,12,21): 1877.86
(4,14,13,20): 16030.8
(4,14,13,21): 2295.16
(4,14,14,20): 6558.07
(4,14,14,21): 938.928
(4,14,15,20): 9472.77
(4,14,15,21): 1356.23
(4,14,16,20): 13116.1
(4,14,16,21): 1877.86
(4,14,17,20): 16030.8
(4,14,17,21): 2295.16
(4,14,18,20): 19674.2
(4,14,18,21): 2816.78
(4,14,19,20): 22588.9
(4,14,19,21): 3234.08
(4,14,20,20): 27689.6
(4,14,20,21): 3964.36
(4,14,21,20): 27689.6
(4,14,21,21): 3964.36
(4,14,22,20): 27689.6
(4,14,22,21): 3964.36
(4,14,23,20): 27689.6
(4,14,23,21): 3964.36
(4,15,0,1): 24732.6
(4,15,0,2): 1923.38
(4,15,1,1): 27824.2
(4,15,1,2): 2163.8
(4,15,2,1): 17776.6
(4,15,2,2): 1382.43
(4,15,3,1): 20868.1
(4,15,3,2): 1622.85
(4,15,4,1): 10820.5
(4,15,4,2): 841.479
(4,15,5,1): 13912.1
(4,15,5,2): 1081.9
(4,15,6,1): 17776.6
(4,15,6,2): 1382.43
(4,15,7,1): 20868.1
(4,15,7,2): 1622.85
(4,15,8,1): 24732.6
(4,15,8,2): 1923.38
(4,15,9,1): 27824.2
(4,15,9,2): 2163.8
(4,15,10,1): 20868.1
(4,15,10,2): 1622.85
(4,15,11,1): 23959.7
(4,15,11,2): 1863.28
(4,15,12,1): 13912.1
(4,15,12,2): 1081.9
(4,15,13,1): 17003.7
(4,15,13,2): 1322.32
(4,15,14,1): 6956.05
(4,15,14,2): 540.951
(4,15,15,1): 10047.6
(4,15,15,2): 781.374
(4,15,16,1): 13912.1
(4,15,16,2): 1081.9
(4,15,17,1): 17003.7
(4,15,17,2): 1322.32
(4,15,18,1): 20868.1
(4,15,18,2): 1622.85
(4,15,19,1): 23959.7
(4,15,19,2): 1863.28
(4,15,20,1): 29370
(4,15,20,2): 2284.02
(4,15,21,1): 29370
(4,15,21,2): 2284.02
(4,15,22,1): 29370
(4,15,22,2): 2284.02
(4,15,23,1): 29370
(4,15,23,2): 2284.02
(4,16,0,5): 26656
(4,16,1,5): 29988
(4,16,2,5): 19159
(4,16,3,5): 22491
(4,16,4,5): 11662
(4,16,5,5): 14994
(4,16,6,5): 19159
(4,16,7,5): 22491
(4,16,8,5): 26656
(4,16,9,5): 29988
(4,16,10,5): 22491
(4,16,11,5): 25823
(4,16,12,5): 14994
(4,16,13,5): 18326
(4,16,14,5): 7497
(4,16,15,5): 10829
(4,16,16,5): 14994
(4,16,17,5): 18326
(4,16,18,5): 22491
(4,16,19,5): 25823
(4,16,20,5): 31654
(4,16,21,5): 31654
(4,16,22,5): 31654
(4,16,23,5): 31654
(4,17,0,11): 4566.93
(4,17,0,12): 22089.1
(4,17,1,11): 5137.79
(4,17,1,12): 24850.2
(4,17,2,11): 3282.48
(4,17,2,12): 15876.5
(4,17,3,11): 3853.34
(4,17,3,12): 18637.7
(4,17,4,11): 1998.03
(4,17,4,12): 9663.97
(4,17,5,11): 2568.9
(4,17,5,12): 12425.1
(4,17,6,11): 3282.48
(4,17,6,12): 15876.5
(4,17,7,11): 3853.34
(4,17,7,12): 18637.7
(4,17,8,11): 4566.93
(4,17,8,12): 22089.1
(4,17,9,11): 5137.79
(4,17,9,12): 24850.2
(4,17,10,11): 3853.34
(4,17,10,12): 18637.7
(4,17,11,11): 4424.21
(4,17,11,12): 21398.8
(4,17,12,11): 2568.9
(4,17,12,12): 12425.1
(4,17,13,11): 3139.76
(4,17,13,12): 15186.2
(4,17,14,11): 1284.45
(4,17,14,12): 6212.55
(4,17,15,11): 1855.31
(4,17,15,12): 8973.69
(4,17,16,11): 2568.9
(4,17,16,12): 12425.1
(4,17,17,11): 3139.76
(4,17,17,12): 15186.2
(4,17,18,11): 3853.34
(4,17,18,12): 18637.7
(4,17,19,11): 4424.21
(4,17,19,12): 21398.8
(4,17,20,11): 5423.22
(4,17,20,12): 26230.8
(4,17,21,11): 5423.22
(4,17,21,12): 26230.8
(4,17,22,11): 5423.22
(4,17,22,12): 26230.8
(4,17,23,11): 5423.22
(4,17,23,12): 26230.8
(4,18,0,19): 26656
(4,18,1,19): 29988
(4,18,2,19): 19159
(4,18,3,19): 22491
(4,18,4,19): 11662
(4,18,5,19): 14994
(4,18,6,19): 19159
(4,18,7,19): 22491
(4,18,8,19): 26656
(4,18,9,19): 29988
(4,18,10,19): 22491
(4,18,11,19): 25823
(4,18,12,19): 14994
(4,18,13,19): 18326
(4,18,14,19): 7497
(4,18,15,19): 10829
(4,18,16,19): 14994
(4,18,17,19): 18326
(4,18,18,19): 22491
(4,18,19,19): 25823
(4,18,20,19): 31654
(4,18,21,19): 31654
(4,18,22,19): 31654
(4,18,23,19): 31654
(4,19,0,22): 23317.6
(4,19,0,23): 3338.41
(4,19,1,22): 26232.3
(4,19,1,23): 3755.71
(4,19,2,22): 16759.5
(4,19,2,23): 2399.48
(4,19,3,22): 19674.2
(4,19,3,23): 2816.78
(4,19,4,22): 10201.4
(4,19,4,23): 1460.55
(4,19,5,22): 13116.1
(4,19,5,23): 1877.86
(4,19,6,22): 16759.5
(4,19,6,23): 2399.48
(4,19,7,22): 19674.2
(4,19,7,23): 2816.78
(4,19,8,22): 23317.6
(4,19,8,23): 3338.41
(4,19,9,22): 26232.3
(4,19,9,23): 3755.71
(4,19,10,22): 19674.2
(4,19,10,23): 2816.78
(4,19,11,22): 22588.9
(4,19,11,23): 3234.08
(4,19,12,22): 13116.1
(4,19,12,23): 1877.86
(4,19,13,22): 16030.8
(4,19,13,23): 2295.16
(4,19,14,22): 6558.07
(4,19,14,23): 938.928
(4,19,15,22): 9472.77
(4,19,15,23): 1356.23
(4,19,16,22): 13116.1
(4,19,16,23): 1877.86
(4,19,17,22): 16030.8
(4,19,17,23): 2295.16
(4,19,18,22): 19674.2
(4,19,18,23): 2816.78
(4,19,19,22): 22588.9
(4,19,19,23): 3234.08
(4,19,20,22): 27689.6
(4,19,20,23): 3964.36
(4,19,21,22): 27689.6
(4,19,21,23): 3964.36
(4,19,22,22): 27689.6
(4,19,22,23): 3964.36
(4,19,23,22): 27689.6
(4,19,23,23): 3964.36
(4,20,0,0): 23317.6
(4,20,1,0): 26232.3
(4,20,2,0): 16759.5
(4,20,3,0): 19674.2
(4,20,4,0): 10201.4
(4,20,5,0): 13116.1
(4,20,6,0): 16759.5
(4,20,7,0): 19674.2
(4,20,8,0): 23317.6
(4,20,9,0): 26232.3
(4,20,10,0): 19674.2
(4,20,11,0): 22588.9
(4,20,12,0): 13116.1
(4,20,13,0): 16030.8
(4,20,14,0): 6558.07
(4,20,15,0): 9472.77
(4,20,16,0): 13116.1
(4,20,17,0): 16030.8
(4,20,18,0): 19674.2
(4,20,19,0): 22588.9
(4,20,20,0): 27689.6
(4,20,21,0): 27689.6
(4,20,22,0): 27689.6
(4,20,23,0): 27689.6
(4,21,0,0): 3338.41
(4,21,1,0): 3755.71
(4,21,2,0): 2399.48
(4,21,3,0): 2816.78
(4,21,4,0): 1460.55
(4,21,5,0): 1877.86
(4,21,6,0): 2399.48
(4,21,7,0): 2816.78
(4,21,8,0): 3338.41
(4,21,9,0): 3755.71
(4,21,10,0): 2816.78
(4,21,11,0): 3234.08
(4,21,12,0): 1877.86
(4,21,13,0): 2295.16
(4,21,14,0): 938.928
(4,21,15,0): 1356.23
(4,21,16,0): 1877.86
(4,21,17,0): 2295.16
(4,21,18,0): 2816.78
(4,21,19,0): 3234.08
(4,21,20,0): 3964.36
(4,21,21,0): 3964.36
(4,21,22,0): 3964.36
(4,21,23,0): 3964.36
(4,22,0,15): 23317.6
(4,22,1,15): 26232.3
(4,22,2,15): 16759.5
(4,22,3,15): 19674.2
(4,22,4,15): 10201.4
(4,22,5,15): 13116.1
(4,22,6,15): 16759.5
(4,22,7,15): 19674.2
(4,22,8,15): 23317.6
(4,22,9,15): 26232.3
(4,22,10,15): 19674.2
(4,22,11,15): 22588.9
(4,22,12,15): 13116.1
(4,22,13,15): 16030.8
(4,22,14,15): 6558.07
(4,22,15,15): 9472.77
(4,22,16,15): 13116.1
(4,22,17,15): 16030.8
(4,22,18,15): 19674.2
(4,22,19,15): 22588.9
(4,22,20,15): 27689.6
(4,22,21,15): 27689.6
(4,22,22,15): 27689.6
(4,22,23,15): 27689.6
(4,23,0,15): 3338.41
(4,23,1,15): 3755.71
(4,23,2,15): 2399.48
(4,23,3,15): 2816.78
(4,23,4,15): 1460.55
(4,23,5,15): 1877.86
(4,23,6,15): 2399.48
(4,23,7,15): 2816.78
(4,23,8,15): 3338.41
(4,23,9,15): 3755.71
(4,23,10,15): 2816.78
(4,23,11,15): 3234.08
(4,23,12,15): 1877.86
(4,23,13,15): 2295.16
(4,23,14,15): 938.928
(4,23,15,15): 1356.23
(4,23,16,15): 1877.86
(4,23,17,15): 2295.16
(4,23,18,15): 2816.78
(4,23,19,15): 3234.08
(4,23,20,15): 3964.36
(4,23,21,15): 3964.36
(4,23,22,15): 3964.36
(4,23,23,15): 3964.36
(5,0,0,2): 29988
(5,0,1,2): 33320
(5,0,2,2): 22491
(5,0,3,2): 25823
(5,0,4,2): 14994
(5,0,5,2): 18326
(5,0,6,2): 22491
(5,0,7,2): 25823
(5,0,8,2): 29988
(5,0,9,2): 33320
(5,0,10,2): 25823
(5,0,11,2): 29155
(5,0,12,2): 18326
(5,0,13,2): 21658
(5,0,14,2): 10829
(5,0,15,2): 14161
(5,0,16,2): 18326
(5,0,17,2): 21658
(5,0,18,2): 25823
(5,0,19,2): 29155
(5,0,20,2): 34986
(5,0,21,2): 34986
(5,0,22,2): 34986
(5,0,23,2): 34986
(5,1,0,3): 27824.2
(5,1,1,3): 30915.8
(5,1,2,3): 20868.1
(5,1,3,3): 23959.7
(5,1,4,3): 13912.1
(5,1,5,3): 17003.7
(5,1,6,3): 20868.1
(5,1,7,3): 23959.7
(5,1,8,3): 27824.2
(5,1,9,3): 30915.8
(5,1,10,3): 23959.7
(5,1,11,3): 27051.3
(5,1,12,3): 17003.7
(5,1,13,3): 20095.3
(5,1,14,3): 10047.6
(5,1,15,3): 13139.2
(5,1,16,3): 17003.7
(5,1,17,3): 20095.3
(5,1,18,3): 23959.7
(5,1,19,3): 27051.3
(5,1,20,3): 32461.6
(5,1,21,3): 32461.6
(5,1,22,3): 32461.6
(5,1,23,3): 32461.6
(5,2,0,4): 32151.8
(5,2,1,4): 35724.2
(5,2,2,4): 24113.9
(5,2,3,4): 27686.3
(5,2,4,4): 16075.9
(5,2,5,4): 19648.3
(5,2,6,4): 24113.9
(5,2,7,4): 27686.3
(5,2,8,4): 32151.8
(5,2,9,4): 35724.2
(5,2,10,4): 27686.3
(5,2,11,4): 31258.7
(5,2,12,4): 19648.3
(5,2,13,4): 23220.7
(5,2,14,4): 11610.4
(5,2,15,4): 15182.8
(5,2,16,4): 19648.3
(5,2,17,4): 23220.7
(5,2,18,4): 27686.3
(5,2,19,4): 31258.7
(5,2,20,4): 37510.4
(5,2,21,4): 37510.4
(5,2,22,4): 37510.4
(5,2,23,4): 37510.4
(5,3,0,6): 27824.2
(5,3,1,6): 30915.8
(5,3,2,6): 20868.1
(5,3,3,6): 23959.7
(5,3,4,6): 13912.1
(5,3,5,6): 17003.7
(5,3,6,6): 20868.1
(5,3,7,6): 23959.7
(5,3,8,6): 27824.2
(5,3,9,6): 30915.8
(5,3,10,6): 23959.7
(5,3,11,6): 27051.3
(5,3,12,6): 17003.7
(5,3,13,6): 20095.3
(5,3,14,6): 10047.6
(5,3,15,6): 13139.2
(5,3,16,6): 17003.7
(5,3,17,6): 20095.3
(5,3,18,6): 23959.7
(5,3,19,6): 27051.3
(5,3,20,6): 32461.6
(5,3,21,6): 32461.6
(5,3,22,6): 32461.6
(5,3,23,6): 32461.6
(5,4,0,6): 32151.8
(5,4,1,6): 35724.2
(5,4,2,6): 24113.9
(5,4,3,6): 27686.3
(5,4,4,6): 16075.9
(5,4,5,6): 19648.3
(5,4,6,6): 24113.9
(5,4,7,6): 27686.3
(5,4,8,6): 32151.8
(5,4,9,6): 35724.2
(5,4,10,6): 27686.3
(5,4,11,6): 31258.7
(5,4,12,6): 19648.3
(5,4,13,6): 23220.7
(5,4,14,6): 11610.4
(5,4,15,6): 15182.8
(5,4,16,6): 19648.3
(5,4,17,6): 23220.7
(5,4,18,6): 27686.3
(5,4,19,6): 31258.7
(5,4,20,6): 37510.4
(5,4,21,6): 37510.4
(5,4,22,6): 37510.4
(5,4,23,6): 37510.4
(5,5,0,7): 12320.1
(5,5,0,8): 47655.9
(5,5,1,7): 13689
(5,5,1,8): 52951
(5,5,2,7): 9240.06
(5,5,2,8): 35741.9
(5,5,3,7): 10609
(5,5,3,8): 41037
(5,5,4,7): 6160.04
(5,5,4,8): 23828
(5,5,5,7): 7528.94
(5,5,5,8): 29123.1
(5,5,6,7): 9240.06
(5,5,6,8): 35741.9
(5,5,7,7): 10609
(5,5,7,8): 41037
(5,5,8,7): 12320.1
(5,5,8,8): 47655.9
(5,5,9,7): 13689
(5,5,9,8): 52951
(5,5,10,7): 10609
(5,5,10,8): 41037
(5,5,11,7): 11977.9
(5,5,11,8): 46332.1
(5,5,12,7): 7528.94
(5,5,12,8): 29123.1
(5,5,13,7): 8897.83
(5,5,13,8): 34418.2
(5,5,14,7): 4448.92
(5,5,14,8): 17209.1
(5,5,15,7): 5817.81
(5,5,15,8): 22504.2
(5,5,16,7): 7528.94
(5,5,16,8): 29123.1
(5,5,17,7): 8897.83
(5,5,17,8): 34418.2
(5,5,18,7): 10609
(5,5,18,8): 41037
(5,5,19,7): 11977.9
(5,5,19,8): 46332.1
(5,5,20,7): 14373.4
(5,5,20,8): 55598.6
(5,5,21,7): 14373.4
(5,5,21,8): 55598.6
(5,5,22,7): 14373.4
(5,5,22,8): 55598.6
(5,5,23,7): 14373.4
(5,5,23,8): 55598.6
(5,6,0,10): 29988
(5,6,0,17): 29988
(5,6,1,10): 33320
(5,6,1,17): 33320
(5,6,2,10): 22491
(5,6,2,17): 22491
(5,6,3,10): 25823
(5,6,3,17): 25823
(5,6,4,10): 14994
(5,6,4,17): 14994
(5,6,5,10): 18326
(5,6,5,17): 18326
(5,6,6,10): 22491
(5,6,6,17): 22491
(5,6,7,10): 25823
(5,6,7,17): 25823
(5,6,8,10): 29988
(5,6,8,17): 29988
(5,6,9,10): 33320
(5,6,9,17): 33320
(5,6,10,10): 25823
(5,6,10,17): 25823
(5,6,11,10): 29155
(5,6,11,17): 29155
(5,6,12,10): 18326
(5,6,12,17): 18326
(5,6,13,10): 21658
(5,6,13,17): 21658
(5,6,14,10): 10829
(5,6,14,17): 10829
(5,6,15,10): 14161
(5,6,15,17): 14161
(5,6,16,10): 18326
(5,6,16,17): 18326
(5,6,17,10): 21658
(5,6,17,17): 21658
(5,6,18,10): 25823
(5,6,18,17): 25823
(5,6,19,10): 29155
(5,6,19,17): 29155
(5,6,20,10): 34986
(5,6,20,17): 34986
(5,6,21,10): 34986
(5,6,21,17): 34986
(5,6,22,10): 34986
(5,6,22,17): 34986
(5,6,23,10): 34986
(5,6,23,17): 34986
(5,7,0,9): 12320.1
(5,7,1,9): 13689
(5,7,2,9): 9240.06
(5,7,3,9): 10609
(5,7,4,9): 6160.04
(5,7,5,9): 7528.94
(5,7,6,9): 9240.06
(5,7,7,9): 10609
(5,7,8,9): 12320.1
(5,7,9,9): 13689
(5,7,10,9): 10609
(5,7,11,9): 11977.9
(5,7,12,9): 7528.94
(5,7,13,9): 8897.83
(5,7,14,9): 4448.92
(5,7,15,9): 5817.81
(5,7,16,9): 7528.94
(5,7,17,9): 8897.83
(5,7,18,9): 10609
(5,7,19,9): 11977.9
(5,7,20,9): 14373.4
(5,7,21,9): 14373.4
(5,7,22,9): 14373.4
(5,7,23,9): 14373.4
(5,8,0,9): 17667.9
(5,8,0,16): 29988
(5,8,1,9): 19631
(5,8,1,16): 33320
(5,8,2,9): 13250.9
(5,8,2,16): 22491
(5,8,3,9): 15214
(5,8,3,16): 25823
(5,8,4,9): 8833.96
(5,8,4,16): 14994
(5,8,5,9): 10797.1
(5,8,5,16): 18326
(5,8,6,9): 13250.9
(5,8,6,16): 22491
(5,8,7,9): 15214
(5,8,7,16): 25823
(5,8,8,9): 17667.9
(5,8,8,16): 29988
(5,8,9,9): 19631
(5,8,9,16): 33320
(5,8,10,9): 15214
(5,8,10,16): 25823
(5,8,11,9): 17177.1
(5,8,11,16): 29155
(5,8,12,9): 10797.1
(5,8,12,16): 18326
(5,8,13,9): 12760.2
(5,8,13,16): 21658
(5,8,14,9): 6380.08
(5,8,14,16): 10829
(5,8,15,9): 8343.19
(5,8,15,16): 14161
(5,8,16,9): 10797.1
(5,8,16,16): 18326
(5,8,17,9): 12760.2
(5,8,17,16): 21658
(5,8,18,9): 15214
(5,8,18,16): 25823
(5,8,19,9): 17177.1
(5,8,19,16): 29155
(5,8,20,9): 20612.6
(5,8,20,16): 34986
(5,8,21,9): 20612.6
(5,8,21,16): 34986
(5,8,22,9): 20612.6
(5,8,22,16): 34986
(5,8,23,9): 20612.6
(5,8,23,16): 34986
(5,9,0,5): 29988
(5,9,1,5): 33320
(5,9,2,5): 22491
(5,9,3,5): 25823
(5,9,4,5): 14994
(5,9,5,5): 18326
(5,9,6,5): 22491
(5,9,7,5): 25823
(5,9,8,5): 29988
(5,9,9,5): 33320
(5,9,10,5): 25823
(5,9,11,5): 29155
(5,9,12,5): 18326
(5,9,13,5): 21658
(5,9,14,5): 10829
(5,9,15,5): 14161
(5,9,16,5): 18326
(5,9,17,5): 21658
(5,9,18,5): 25823
(5,9,19,5): 29155
(5,9,20,5): 34986
(5,9,21,5): 34986
(5,9,22,5): 34986
(5,9,23,5): 34986
(5,10,0,12): 29988
(5,10,1,12): 33320
(5,10,2,12): 22491
(5,10,3,12): 25823
(5,10,4,12): 14994
(5,10,5,12): 18326
(5,10,6,12): 22491
(5,10,7,12): 25823
(5,10,8,12): 29988
(5,10,9,12): 33320
(5,10,10,12): 25823
(5,10,11,12): 29155
(5,10,12,12): 18326
(5,10,13,12): 21658
(5,10,14,12): 10829
(5,10,15,12): 14161
(5,10,16,12): 18326
(5,10,17,12): 21658
(5,10,18,12): 25823
(5,10,19,12): 29155
(5,10,20,12): 34986
(5,10,21,12): 34986
(5,10,22,12): 34986
(5,10,23,12): 34986
(5,11,0,18): 5137.79
(5,11,1,18): 5708.66
(5,11,2,18): 3853.34
(5,11,3,18): 4424.21
(5,11,4,18): 2568.9
(5,11,5,18): 3139.76
(5,11,6,18): 3853.34
(5,11,7,18): 4424.21
(5,11,8,18): 5137.79
(5,11,9,18): 5708.66
(5,11,10,18): 4424.21
(5,11,11,18): 4995.07
(5,11,12,18): 3139.76
(5,11,13,18): 3710.63
(5,11,14,18): 1855.31
(5,11,15,18): 2426.18
(5,11,16,18): 3139.76
(5,11,17,18): 3710.63
(5,11,18,18): 4424.21
(5,11,19,18): 4995.07
(5,11,20,18): 5994.09
(5,11,21,18): 5994.09
(5,11,22,18): 5994.09
(5,11,23,18): 5994.09
(5,12,0,13): 29988
(5,12,0,18): 24850.2
(5,12,1,13): 33320
(5,12,1,18): 27611.3
(5,12,2,13): 22491
(5,12,2,18): 18637.7
(5,12,3,13): 25823
(5,12,3,18): 21398.8
(5,12,4,13): 14994
(5,12,4,18): 12425.1
(5,12,5,13): 18326
(5,12,5,18): 15186.2
(5,12,6,13): 22491
(5,12,6,18): 18637.7
(5,12,7,13): 25823
(5,12,7,18): 21398.8
(5,12,8,13): 29988
(5,12,8,18): 24850.2
(5,12,9,13): 33320
(5,12,9,18): 27611.3
(5,12,10,13): 25823
(5,12,10,18): 21398.8
(5,12,11,13): 29155
(5,12,11,18): 24159.9
(5,12,12,13): 18326
(5,12,12,18): 15186.2
(5,12,13,13): 21658
(5,12,13,18): 17947.4
(5,12,14,13): 10829
(5,12,14,18): 8973.69
(5,12,15,13): 14161
(5,12,15,18): 11734.8
(5,12,16,13): 18326
(5,12,16,18): 15186.2
(5,12,17,13): 21658
(5,12,17,18): 17947.4
(5,12,18,13): 25823
(5,12,18,18): 21398.8
(5,12,19,13): 29155
(5,12,19,18): 24159.9
(5,12,20,13): 34986
(5,12,20,18): 28991.9
(5,12,21,13): 34986
(5,12,21,18): 28991.9
(5,12,22,13): 34986
(5,12,22,18): 28991.9
(5,12,23,13): 34986
(5,12,23,18): 28991.9
(5,13,0,14): 29988
(5,13,1,14): 33320
(5,13,2,14): 22491
(5,13,3,14): 25823
(5,13,4,14): 14994
(5,13,5,14): 18326
(5,13,6,14): 22491
(5,13,7,14): 25823
(5,13,8,14): 29988
(5,13,9,14): 33320
(5,13,10,14): 25823
(5,13,11,14): 29155
(5,13,12,14): 18326
(5,13,13,14): 21658
(5,13,14,14): 10829
(5,13,15,14): 14161
(5,13,16,14): 18326
(5,13,17,14): 21658
(5,13,18,14): 25823
(5,13,19,14): 29155
(5,13,20,14): 34986
(5,13,21,14): 34986
(5,13,22,14): 34986
(5,13,23,14): 34986
(5,14,0,20): 26232.3
(5,14,0,21): 3755.71
(5,14,1,20): 29147
(5,14,1,21): 4173.01
(5,14,2,20): 19674.2
(5,14,2,21): 2816.78
(5,14,3,20): 22588.9
(5,14,3,21): 3234.08
(5,14,4,20): 13116.1
(5,14,4,21): 1877.86
(5,14,5,20): 16030.8
(5,14,5,21): 2295.16
(5,14,6,20): 19674.2
(5,14,6,21): 2816.78
(5,14,7,20): 22588.9
(5,14,7,21): 3234.08
(5,14,8,20): 26232.3
(5,14,8,21): 3755.71
(5,14,9,20): 29147
(5,14,9,21): 4173.01
(5,14,10,20): 22588.9
(5,14,10,21): 3234.08
(5,14,11,20): 25503.6
(5,14,11,21): 3651.39
(5,14,12,20): 16030.8
(5,14,12,21): 2295.16
(5,14,13,20): 18945.5
(5,14,13,21): 2712.46
(5,14,14,20): 9472.77
(5,14,14,21): 1356.23
(5,14,15,20): 12387.5
(5,14,15,21): 1773.53
(5,14,16,20): 16030.8
(5,14,16,21): 2295.16
(5,14,17,20): 18945.5
(5,14,17,21): 2712.46
(5,14,18,20): 22588.9
(5,14,18,21): 3234.08
(5,14,19,20): 25503.6
(5,14,19,21): 3651.39
(5,14,20,20): 30604.3
(5,14,20,21): 4381.66
(5,14,21,20): 30604.3
(5,14,21,21): 4381.66
(5,14,22,20): 30604.3
(5,14,22,21): 4381.66
(5,14,23,20): 30604.3
(5,14,23,21): 4381.66
(5,15,0,1): 27824.2
(5,15,0,2): 2163.8
(5,15,1,1): 30915.8
(5,15,1,2): 2404.23
(5,15,2,1): 20868.1
(5,15,2,2): 1622.85
(5,15,3,1): 23959.7
(5,15,3,2): 1863.28
(5,15,4,1): 13912.1
(5,15,4,2): 1081.9
(5,15,5,1): 17003.7
(5,15,5,2): 1322.32
(5,15,6,1): 20868.1
(5,15,6,2): 1622.85
(5,15,7,1): 23959.7
(5,15,7,2): 1863.28
(5,15,8,1): 27824.2
(5,15,8,2): 2163.8
(5,15,9,1): 30915.8
(5,15,9,2): 2404.23
(5,15,10,1): 23959.7
(5,15,10,2): 1863.28
(5,15,11,1): 27051.3
(5,15,11,2): 2103.7
(5,15,12,1): 17003.7
(5,15,12,2): 1322.32
(5,15,13,1): 20095.3
(5,15,13,2): 1562.75
(5,15,14,1): 10047.6
(5,15,14,2): 781.374
(5,15,15,1): 13139.2
(5,15,15,2): 1021.8
(5,15,16,1): 17003.7
(5,15,16,2): 1322.32
(5,15,17,1): 20095.3
(5,15,17,2): 1562.75
(5,15,18,1): 23959.7
(5,15,18,2): 1863.28
(5,15,19,1): 27051.3
(5,15,19,2): 2103.7
(5,15,20,1): 32461.6
(5,15,20,2): 2524.44
(5,15,21,1): 32461.6
(5,15,21,2): 2524.44
(5,15,22,1): 32461.6
(5,15,22,2): 2524.44
(5,15,23,1): 32461.6
(5,15,23,2): 2524.44
(5,16,0,5): 29988
(5,16,1,5): 33320
(5,16,2,5): 22491
(5,16,3,5): 25823
(5,16,4,5): 14994
(5,16,5,5): 18326
(5,16,6,5): 22491
(5,16,7,5): 25823
(5,16,8,5): 29988
(5,16,9,5): 33320
(5,16,10,5): 25823
(5,16,11,5): 29155
(5,16,12,5): 18326
(5,16,13,5): 21658
(5,16,14,5): 10829
(5,16,15,5): 14161
(5,16,16,5): 18326
(5,16,17,5): 21658
(5,16,18,5): 25823
(5,16,19,5): 29155
(5,16,20,5): 34986
(5,16,21,5): 34986
(5,16,22,5): 34986
(5,16,23,5): 34986
(5,17,0,11): 5137.79
(5,17,0,12): 24850.2
(5,17,1,11): 5708.66
(5,17,1,12): 27611.3
(5,17,2,11): 3853.34
(5,17,2,12): 18637.7
(5,17,3,11): 4424.21
(5,17,3,12): 21398.8
(5,17,4,11): 2568.9
(5,17,4,12): 12425.1
(5,17,5,11): 3139.76
(5,17,5,12): 15186.2
(5,17,6,11): 3853.34
(5,17,6,12): 18637.7
(5,17,7,11): 4424.21
(5,17,7,12): 21398.8
(5,17,8,11): 5137.79
(5,17,8,12): 24850.2
(5,17,9,11): 5708.66
(5,17,9,12): 27611.3
(5,17,10,11): 4424.21
(5,17,10,12): 21398.8
(5,17,11,11): 4995.07
(5,17,11,12): 24159.9
(5,17,12,11): 3139.76
(5,17,12,12): 15186.2
(5,17,13,11): 3710.63
(5,17,13,12): 17947.4
(5,17,14,11): 1855.31
(5,17,14,12): 8973.69
(5,17,15,11): 2426.18
(5,17,15,12): 11734.8
(5,17,16,11): 3139.76
(5,17,16,12): 15186.2
(5,17,17,11): 3710.63
(5,17,17,12): 17947.4
(5,17,18,11): 4424.21
(5,17,18,12): 21398.8
(5,17,19,11): 4995.07
(5,17,19,12): 24159.9
(5,17,20,11): 5994.09
(5,17,20,12): 28991.9
(5,17,21,11): 5994.09
(5,17,21,12): 28991.9
(5,17,22,11): 5994.09
(5,17,22,12): 28991.9
(5,17,23,11): 5994.09
(5,17,23,12): 28991.9
(5,18,0,19): 29988
(5,18,1,19): 33320
(5,18,2,19): 22491
(5,18,3,19): 25823
(5,18,4,19): 14994
(5,18,5,19): 18326
(5,18,6,19): 22491
(5,18,7,19): 25823
(5,18,8,19): 29988
(5,18,9,19): 33320
(5,18,10,19): 25823
(5,18,11,19): 29155
(5,18,12,19): 18326
(5,18,13,19): 21658
(5,18,14,19): 10829
(5,18,15,19): 14161
(5,18,16,19): 18326
(5,18,17,19): 21658
(5,18,18,19): 25823
(5,18,19,19): 29155
(5,18,20,19): 34986
(5,18,21,19): 34986
(5,18,22,19): 34986
(5,18,23,19): 34986
(5,19,0,22): 26232.3
(5,19,0,23): 3755.71
(5,19,1,22): 29147
(5,19,1,23): 4173.01
(5,19,2,22): 19674.2
(5,19,2,23): 2816.78
(5,19,3,22): 22588.9
(5,19,3,23): 3234.08
(5,19,4,22): 13116.1
(5,19,4,23): 1877.86
(5,19,5,22): 16030.8
(5,19,5,23): 2295.16
(5,19,6,22): 19674.2
(5,19,6,23): 2816.78
(5,19,7,22): 22588.9
(5,19,7,23): 3234.08
(5,19,8,22): 26232.3
(5,19,8,23): 3755.71
(5,19,9,22): 29147
(5,19,9,23): 4173.01
(5,19,10,22): 22588.9
(5,19,10,23): 3234.08
(5,19,11,22): 25503.6
(5,19,11,23): 3651.39
(5,19,12,22): 16030.8
(5,19,12,23): 2295.16
(5,19,13,22): 18945.5
(5,19,13,23): 2712.46
(5,19,14,22): 9472.77
(5,19,14,23): 1356.23
(5,19,15,22): 12387.5
(5,19,15,23): 1773.53
(5,19,16,22): 16030.8
(5,19,16,23): 2295.16
(5,19,17,22): 18945.5
(5,19,17,23): 2712.46
(5,19,18,22): 22588.9
(5,19,18,23): 3234.08
(5,19,19,22): 25503.6
(5,19,19,23): 3651.39
(5,19,20,22): 30604.3
(5,19,20,23): 4381.66
(5,19,21,22): 30604.3
(5,19,21,23): 4381.66
(5,19,22,22): 30604.3
(5,19,22,23): 4381.66
(5,19,23,22): 30604.3
(5,19,23,23): 4381.66
(5,20,0,0): 26232.3
(5,20,1,0): 29147
(5,20,2,0): 19674.2
(5,20,3,0): 22588.9
(5,20,4,0): 13116.1
(5,20,5,0): 16030.8
(5,20,6,0): 19674.2
(5,20,7,0): 22588.9
(5,20,8,0): 26232.3
(5,20,9,0): 29147
(5,20,10,0): 22588.9
(5,20,11,0): 25503.6
(5,20,12,0): 16030.8
(5,20,13,0): 18945.5
(5,20,14,0): 9472.77
(5,20,15,0): 12387.5
(5,20,16,0): 16030.8
(5,20,17,0): 18945.5
(5,20,18,0): 22588.9
(5,20,19,0): 25503.6
(5,20,20,0): 30604.3
(5,20,21,0): 30604.3
(5,20,22,0): 30604.3
(5,20,23,0): 30604.3
(5,21,0,0): 3755.71
(5,21,1,0): 4173.01
(5,21,2,0): 2816.78
(5,21,3,0): 3234.08
(5,21,4,0): 1877.86
(5,21,5,0): 2295.16
(5,21,6,0): 2816.78
(5,21,7,0): 3234.08
(5,21,8,0): 3755.71
(5,21,9,0): 4173.01
(5,21,10,0): 3234.08
(5,21,11,0): 3651.39
(5,21,12,0): 2295.16
(5,21,13,0): 2712.46
(5,21,14,0): 1356.23
(5,21,15,0): 1773.53
(5,21,16,0): 2295.16
(5,21,17,0): 2712.46
(5,21,18,0): 3234.08
(5,21,19,0): 3651.39
(5,21,20,0): 4381.66
(5,21,21,0): 4381.66
(5,21,22,0): 4381.66
(5,21,23,0): 4381.66
(5,22,0,15): 26232.3
(5,22,1,15): 29147
(5,22,2,15): 19674.2
(5,22,3,15): 22588.9
(5,22,4,15): 13116.1
(5,22,5,15): 16030.8
(5,22,6,15): 19674.2
(5,22,7,15): 22588.9
(5,22,8,15): 26232.3
(5,22,9,15): 29147
(5,22,10,15): 22588.9
(5,22,11,15): 25503.6
(5,22,12,15): 16030.8
(5,22,13,15): 18945.5
(5,22,14,15): 9472.77
(5,22,15,15): 12387.5
(5,22,16,15): 16030.8
(5,22,17,15): 18945.5
(5,22,18,15): 22588.9
(5,22,19,15): 25503.6
(5,22,20,15): 30604.3
(5,22,21,15): 30604.3
(5,22,22,15): 30604.3
(5,22,23,15): 30604.3
(5,23,0,15): 3755.71
(5,23,1,15): 4173.01
(5,23,2,15): 2816.78
(5,23,3,15): 3234.08
(5,23,4,15): 1877.86
(5,23,5,15): 2295.16
(5,23,6,15): 2816.78
(5,23,7,15): 3234.08
(5,23,8,15): 3755.71
(5,23,9,15): 4173.01
(5,23,10,15): 3234.08
(5,23,11,15): 3651.39
(5,23,12,15): 2295.16
(5,23,13,15): 2712.46
(5,23,14,15): 1356.23
(5,23,15,15): 1773.53
(5,23,16,15): 2295.16
(5,23,17,15): 2712.46
(5,23,18,15): 3234.08
(5,23,19,15): 3651.39
(5,23,20,15): 4381.66
(5,23,21,15): 4381.66
(5,23,22,15): 4381.66
(5,23,23,15): 4381.66
(6,0,0,2): 34153
(6,0,1,2): 37485
(6,0,2,2): 26656
(6,0,3,2): 29988
(6,0,4,2): 19159
(6,0,5,2): 22491
(6,0,6,2): 11662
(6,0,7,2): 14994
(6,0,8,2): 19159
(6,0,9,2): 22491
(6,0,10,2): 26656
(6,0,11,2): 29988
(6,0,12,2): 22491
(6,0,13,2): 25823
(6,0,14,2): 14994
(6,0,15,2): 18326
(6,0,16,2): 7497
(6,0,17,2): 10829
(6,0,18,2): 14994
(6,0,19,2): 18326
(6,0,20,2): 27489
(6,0,21,2): 27489
(6,0,22,2): 27489
(6,0,23,2): 27489
(6,1,0,3): 31688.7
(6,1,1,3): 34780.2
(6,1,2,3): 24732.6
(6,1,3,3): 27824.2
(6,1,4,3): 17776.6
(6,1,5,3): 20868.1
(6,1,6,3): 10820.5
(6,1,7,3): 13912.1
(6,1,8,3): 17776.6
(6,1,9,3): 20868.1
(6,1,10,3): 24732.6
(6,1,11,3): 27824.2
(6,1,12,3): 20868.1
(6,1,13,3): 23959.7
(6,1,14,3): 13912.1
(6,1,15,3): 17003.7
(6,1,16,3): 6956.05
(6,1,17,3): 10047.6
(6,1,18,3): 13912.1
(6,1,19,3): 17003.7
(6,1,20,3): 25505.5
(6,1,21,3): 25505.5
(6,1,22,3): 25505.5
(6,1,23,3): 25505.5
(6,2,0,4): 36617.3
(6,2,1,4): 40189.8
(6,2,2,4): 28579.4
(6,2,3,4): 32151.8
(6,2,4,4): 20541.4
(6,2,5,4): 24113.9
(6,2,6,4): 12503.5
(6,2,7,4): 16075.9
(6,2,8,4): 20541.4
(6,2,9,4): 24113.9
(6,2,10,4): 28579.4
(6,2,11,4): 32151.8
(6,2,12,4): 24113.9
(6,2,13,4): 27686.3
(6,2,14,4): 16075.9
(6,2,15,4): 19648.3
(6,2,16,4): 8037.95
(6,2,17,4): 11610.4
(6,2,18,4): 16075.9
(6,2,19,4): 19648.3
(6,2,20,4): 29472.5
(6,2,21,4): 29472.5
(6,2,22,4): 29472.5
(6,2,23,4): 29472.5
(6,3,0,6): 31688.7
(6,3,1,6): 34780.2
(6,3,2,6): 24732.6
(6,3,3,6): 27824.2
(6,3,4,6): 17776.6
(6,3,5,6): 20868.1
(6,3,6,6): 10820.5
(6,3,7,6): 13912.1
(6,3,8,6): 17776.6
(6,3,9,6): 20868.1
(6,3,10,6): 24732.6
(6,3,11,6): 27824.2
(6,3,12,6): 20868.1
(6,3,13,6): 23959.7
(6,3,14,6): 13912.1
(6,3,15,6): 17003.7
(6,3,16,6): 6956.05
(6,3,17,6): 10047.6
(6,3,18,6): 13912.1
(6,3,19,6): 17003.7
(6,3,20,6): 25505.5
(6,3,21,6): 25505.5
(6,3,22,6): 25505.5
(6,3,23,6): 25505.5
(6,4,0,6): 36617.3
(6,4,1,6): 40189.8
(6,4,2,6): 28579.4
(6,4,3,6): 32151.8
(6,4,4,6): 20541.4
(6,4,5,6): 24113.9
(6,4,6,6): 12503.5
(6,4,7,6): 16075.9
(6,4,8,6): 20541.4
(6,4,9,6): 24113.9
(6,4,10,6): 28579.4
(6,4,11,6): 32151.8
(6,4,12,6): 24113.9
(6,4,13,6): 27686.3
(6,4,14,6): 16075.9
(6,4,15,6): 19648.3
(6,4,16,6): 8037.95
(6,4,17,6): 11610.4
(6,4,18,6): 16075.9
(6,4,19,6): 19648.3
(6,4,20,6): 29472.5
(6,4,21,6): 29472.5
(6,4,22,6): 29472.5
(6,4,23,6): 29472.5
(6,5,0,7): 14031.2
(6,5,0,8): 54274.8
(6,5,1,7): 15400.1
(6,5,1,8): 59569.9
(6,5,2,7): 10951.2
(6,5,2,8): 42360.8
(6,5,3,7): 12320.1
(6,5,3,8): 47655.9
(6,5,4,7): 7871.16
(6,5,4,8): 30446.8
(6,5,5,7): 9240.06
(6,5,5,8): 35741.9
(6,5,6,7): 4791.14
(6,5,6,8): 18532.9
(6,5,7,7): 6160.04
(6,5,7,8): 23828
(6,5,8,7): 7871.16
(6,5,8,8): 30446.8
(6,5,9,7): 9240.06
(6,5,9,8): 35741.9
(6,5,10,7): 10951.2
(6,5,10,8): 42360.8
(6,5,11,7): 12320.1
(6,5,11,8): 47655.9
(6,5,12,7): 9240.06
(6,5,12,8): 35741.9
(6,5,13,7): 10609
(6,5,13,8): 41037
(6,5,14,7): 6160.04
(6,5,14,8): 23828
(6,5,15,7): 7528.94
(6,5,15,8): 29123.1
(6,5,16,7): 3080.02
(6,5,16,8): 11914
(6,5,17,7): 4448.92
(6,5,17,8): 17209.1
(6,5,18,7): 6160.04
(6,5,18,8): 23828
(6,5,19,7): 7528.94
(6,5,19,8): 29123.1
(6,5,20,7): 11293.4
(6,5,20,8): 43684.6
(6,5,21,7): 11293.4
(6,5,21,8): 43684.6
(6,5,22,7): 11293.4
(6,5,22,8): 43684.6
(6,5,23,7): 11293.4
(6,5,23,8): 43684.6
(6,6,0,10): 34153
(6,6,0,17): 34153
(6,6,1,10): 37485
(6,6,1,17): 37485
(6,6,2,10): 26656
(6,6,2,17): 26656
(6,6,3,10): 29988
(6,6,3,17): 29988
(6,6,4,10): 19159
(6,6,4,17): 19159
(6,6,5,10): 22491
(6,6,5,17): 22491
(6,6,6,10): 11662
(6,6,6,17): 11662
(6,6,7,10): 14994
(6,6,7,17): 14994
(6,6,8,10): 19159
(6,6,8,17): 19159
(6,6,9,10): 22491
(6,6,9,17): 22491
(6,6,10,10): 26656
(6,6,10,17): 26656
(6,6,11,10): 29988
(6,6,11,17): 29988
(6,6,12,10): 22491
(6,6,12,17): 22491
(6,6,13,10): 25823
(6,6,13,17): 25823
(6,6,14,10): 14994
(6,6,14,17): 14994
(6,6,15,10): 18326
(6,6,15,17): 18326
(6,6,16,10): 7497
(6,6,16,17): 7497
(6,6,17,10): 10829
(6,6,17,17): 10829
(6,6,18,10): 14994
(6,6,18,17): 14994
(6,6,19,10): 18326
(6,6,19,17): 18326
(6,6,20,10): 27489
(6,6,20,17): 27489
(6,6,21,10): 27489
(6,6,21,17): 27489
(6,6,22,10): 27489
(6,6,22,17): 27489
(6,6,23,10): 27489
(6,6,23,17): 27489
(6,7,0,9): 14031.2
(6,7,1,9): 15400.1
(6,7,2,9): 10951.2
(6,7,3,9): 12320.1
(6,7,4,9): 7871.16
(6,7,5,9): 9240.06
(6,7,6,9): 4791.14
(6,7,7,9): 6160.04
(6,7,8,9): 7871.16
(6,7,9,9): 9240.06
(6,7,10,9): 10951.2
(6,7,11,9): 12320.1
(6,7,12,9): 9240.06
(6,7,13,9): 10609
(6,7,14,9): 6160.04
(6,7,15,9): 7528.94
(6,7,16,9): 3080.02
(6,7,17,9): 4448.92
(6,7,18,9): 6160.04
(6,7,19,9): 7528.94
(6,7,20,9): 11293.4
(6,7,21,9): 11293.4
(6,7,22,9): 11293.4
(6,7,23,9): 11293.4
(6,8,0,9): 20121.8
(6,8,0,16): 34153
(6,8,1,9): 22084.9
(6,8,1,16): 37485
(6,8,2,9): 15704.8
(6,8,2,16): 26656
(6,8,3,9): 17667.9
(6,8,3,16): 29988
(6,8,4,9): 11287.8
(6,8,4,16): 19159
(6,8,5,9): 13250.9
(6,8,5,16): 22491
(6,8,6,9): 6870.86
(6,8,6,16): 11662
(6,8,7,9): 8833.96
(6,8,7,16): 14994
(6,8,8,9): 11287.8
(6,8,8,16): 19159
(6,8,9,9): 13250.9
(6,8,9,16): 22491
(6,8,10,9): 15704.8
(6,8,10,16): 26656
(6,8,11,9): 17667.9
(6,8,11,16): 29988
(6,8,12,9): 13250.9
(6,8,12,16): 22491
(6,8,13,9): 15214
(6,8,13,16): 25823
(6,8,14,9): 8833.96
(6,8,14,16): 14994
(6,8,15,9): 10797.1
(6,8,15,16): 18326
(6,8,16,9): 4416.98
(6,8,16,16): 7497
(6,8,17,9): 6380.08
(6,8,17,16): 10829
(6,8,18,9): 8833.96
(6,8,18,16): 14994
(6,8,19,9): 10797.1
(6,8,19,16): 18326
(6,8,20,9): 16195.6
(6,8,20,16): 27489
(6,8,21,9): 16195.6
(6,8,21,16): 27489
(6,8,22,9): 16195.6
(6,8,22,16): 27489
(6,8,23,9): 16195.6
(6,8,23,16): 27489
(6,9,0,5): 34153
(6,9,1,5): 37485
(6,9,2,5): 26656
(6,9,3,5): 29988
(6,9,4,5): 19159
(6,9,5,5): 22491
(6,9,6,5): 11662
(6,9,7,5): 14994
(6,9,8,5): 19159
(6,9,9,5): 22491
(6,9,10,5): 26656
(6,9,11,5): 29988
(6,9,12,5): 22491
(6,9,13,5): 25823
(6,9,14,5): 14994
(6,9,15,5): 18326
(6,9,16,5): 7497
(6,9,17,5): 10829
(6,9,18,5): 14994
(6,9,19,5): 18326
(6,9,20,5): 27489
(6,9,21,5): 27489
(6,9,22,5): 27489
(6,9,23,5): 27489
(6,10,0,12): 34153
(6,10,1,12): 37485
(6,10,2,12): 26656
(6,10,3,12): 29988
(6,10,4,12): 19159
(6,10,5,12): 22491
(6,10,6,12): 11662
(6,10,7,12): 14994
(6,10,8,12): 19159
(6,10,9,12): 22491
(6,10,10,12): 26656
(6,10,11,12): 29988
(6,10,12,12): 22491
(6,10,13,12): 25823
(6,10,14,12): 14994
(6,10,15,12): 18326
(6,10,16,12): 7497
(6,10,17,12): 10829
(6,10,18,12): 14994
(6,10,19,12): 18326
(6,10,20,12): 27489
(6,10,21,12): 27489
(6,10,22,12): 27489
(6,10,23,12): 27489
(6,11,0,18): 5851.37
(6,11,1,18): 6422.24
(6,11,2,18): 4566.93
(6,11,3,18): 5137.79
(6,11,4,18): 3282.48
(6,11,5,18): 3853.34
(6,11,6,18): 1998.03
(6,11,7,18): 2568.9
(6,11,8,18): 3282.48
(6,11,9,18): 3853.34
(6,11,10,18): 4566.93
(6,11,11,18): 5137.79
(6,11,12,18): 3853.34
(6,11,13,18): 4424.21
(6,11,14,18): 2568.9
(6,11,15,18): 3139.76
(6,11,16,18): 1284.45
(6,11,17,18): 1855.31
(6,11,18,18): 2568.9
(6,11,19,18): 3139.76
(6,11,20,18): 4709.64
(6,11,21,18): 4709.64
(6,11,22,18): 4709.64
(6,11,23,18): 4709.64
(6,12,0,13): 34153
(6,12,0,18): 28301.6
(6,12,1,13): 37485
(6,12,1,18): 31062.8
(6,12,2,13): 26656
(6,12,2,18): 22089.1
(6,12,3,13): 29988
(6,12,3,18): 24850.2
(6,12,4,13): 19159
(6,12,4,18): 15876.5
(6,12,5,13): 22491
(6,12,5,18): 18637.7
(6,12,6,13): 11662
(6,12,6,18): 9663.97
(6,12,7,13): 14994
(6,12,7,18): 12425.1
(6,12,8,13): 19159
(6,12,8,18): 15876.5
(6,12,9,13): 22491
(6,12,9,18): 18637.7
(6,12,10,13): 26656
(6,12,10,18): 22089.1
(6,12,11,13): 29988
(6,12,11,18): 24850.2
(6,12,12,13): 22491
(6,12,12,18): 18637.7
(6,12,13,13): 25823
(6,12,13,18): 21398.8
(6,12,14,13): 14994
(6,12,14,18): 12425.1
(6,12,15,13): 18326
(6,12,15,18): 15186.2
(6,12,16,13): 7497
(6,12,16,18): 6212.55
(6,12,17,13): 10829
(6,12,17,18): 8973.69
(6,12,18,13): 14994
(6,12,18,18): 12425.1
(6,12,19,13): 18326
(6,12,19,18): 15186.2
(6,12,20,13): 27489
(6,12,20,18): 22779.4
(6,12,21,13): 27489
(6,12,21,18): 22779.4
(6,12,22,13): 27489
(6,12,22,18): 22779.4
(6,12,23,13): 27489
(6,12,23,18): 22779.4
(6,13,0,14): 34153
(6,13,1,14): 37485
(6,13,2,14): 26656
(6,13,3,14): 29988
(6,13,4,14): 19159
(6,13,5,14): 22491
(6,13,6,14): 11662
(6,13,7,14): 14994
(6,13,8,14): 19159
(6,13,9,14): 22491
(6,13,10,14): 26656
(6,13,11,14): 29988
(6,13,12,14): 22491
(6,13,13,14): 25823
(6,13,14,14): 14994
(6,13,15,14): 18326
(6,13,16,14): 7497
(6,13,17,14): 10829
(6,13,18,14): 14994
(6,13,19,14): 18326
(6,13,20,14): 27489
(6,13,21,14): 27489
(6,13,22,14): 27489
(6,13,23,14): 27489
(6,14,0,20): 29875.7
(6,14,0,21): 4277.34
(6,14,1,20): 32790.4
(6,14,1,21): 4694.64
(6,14,2,20): 23317.6
(6,14,2,21): 3338.41
(6,14,3,20): 26232.3
(6,14,3,21): 3755.71
(6,14,4,20): 16759.5
(6,14,4,21): 2399.48
(6,14,5,20): 19674.2
(6,14,5,21): 2816.78
(6,14,6,20): 10201.4
(6,14,6,21): 1460.55
(6,14,7,20): 13116.1
(6,14,7,21): 1877.86
(6,14,8,20): 16759.5
(6,14,8,21): 2399.48
(6,14,9,20): 19674.2
(6,14,9,21): 2816.78
(6,14,10,20): 23317.6
(6,14,10,21): 3338.41
(6,14,11,20): 26232.3
(6,14,11,21): 3755.71
(6,14,12,20): 19674.2
(6,14,12,21): 2816.78
(6,14,13,20): 22588.9
(6,14,13,21): 3234.08
(6,14,14,20): 13116.1
(6,14,14,21): 1877.86
(6,14,15,20): 16030.8
(6,14,15,21): 2295.16
(6,14,16,20): 6558.07
(6,14,16,21): 938.928
(6,14,17,20): 9472.77
(6,14,17,21): 1356.23
(6,14,18,20): 13116.1
(6,14,18,21): 1877.86
(6,14,19,20): 16030.8
(6,14,19,21): 2295.16
(6,14,20,20): 24046.3
(6,14,20,21): 3442.73
(6,14,21,20): 24046.3
(6,14,21,21): 3442.73
(6,14,22,20): 24046.3
(6,14,22,21): 3442.73
(6,14,23,20): 24046.3
(6,14,23,21): 3442.73
(6,15,0,1): 31688.7
(6,15,0,2): 2464.33
(6,15,1,1): 34780.2
(6,15,1,2): 2704.76
(6,15,2,1): 24732.6
(6,15,2,2): 1923.38
(6,15,3,1): 27824.2
(6,15,3,2): 2163.8
(6,15,4,1): 17776.6
(6,15,4,2): 1382.43
(6,15,5,1): 20868.1
(6,15,5,2): 1622.85
(6,15,6,1): 10820.5
(6,15,6,2): 841.479
(6,15,7,1): 13912.1
(6,15,7,2): 1081.9
(6,15,8,1): 17776.6
(6,15,8,2): 1382.43
(6,15,9,1): 20868.1
(6,15,9,2): 1622.85
(6,15,10,1): 24732.6
(6,15,10,2): 1923.38
(6,15,11,1): 27824.2
(6,15,11,2): 2163.8
(6,15,12,1): 20868.1
(6,15,12,2): 1622.85
(6,15,13,1): 23959.7
(6,15,13,2): 1863.28
(6,15,14,1): 13912.1
(6,15,14,2): 1081.9
(6,15,15,1): 17003.7
(6,15,15,2): 1322.32
(6,15,16,1): 6956.05
(6,15,16,2): 540.951
(6,15,17,1): 10047.6
(6,15,17,2): 781.374
(6,15,18,1): 13912.1
(6,15,18,2): 1081.9
(6,15,19,1): 17003.7
(6,15,19,2): 1322.32
(6,15,20,1): 25505.5
(6,15,20,2): 1983.49
(6,15,21,1): 25505.5
(6,15,21,2): 1983.49
(6,15,22,1): 25505.5
(6,15,22,2): 1983.49
(6,15,23,1): 25505.5
(6,15,23,2): 1983.49
(6,16,0,5): 34153
(6,16,1,5): 37485
(6,16,2,5): 26656
(6,16,3,5): 29988
(6,16,4,5): 19159
(6,16,5,5): 22491
(6,16,6,5): 11662
(6,16,7,5): 14994
(6,16,8,5): 19159
(6,16,9,5): 22491
(6,16,10,5): 26656
(6,16,11,5): 29988
(6,16,12,5): 22491
(6,16,13,5): 25823
(6,16,14,5): 14994
(6,16,15,5): 18326
(6,16,16,5): 7497
(6,16,17,5): 10829
(6,16,18,5): 14994
(6,16,19,5): 18326
(6,16,20,5): 27489
(6,16,21,5): 27489
(6,16,22,5): 27489
(6,16,23,5): 27489
(6,17,0,11): 5851.37
(6,17,0,12): 28301.6
(6,17,1,11): 6422.24
(6,17,1,12): 31062.8
(6,17,2,11): 4566.93
(6,17,2,12): 22089.1
(6,17,3,11): 5137.79
(6,17,3,12): 24850.2
(6,17,4,11): 3282.48
(6,17,4,12): 15876.5
(6,17,5,11): 3853.34
(6,17,5,12): 18637.7
(6,17,6,11): 1998.03
(6,17,6,12): 9663.97
(6,17,7,11): 2568.9
(6,17,7,12): 12425.1
(6,17,8,11): 3282.48
(6,17,8,12): 15876.5
(6,17,9,11): 3853.34
(6,17,9,12): 18637.7
(6,17,10,11): 4566.93
(6,17,10,12): 22089.1
(6,17,11,11): 5137.79
(6,17,11,12): 24850.2
(6,17,12,11): 3853.34
(6,17,12,12): 18637.7
(6,17,13,11): 4424.21
(6,17,13,12): 21398.8
(6,17,14,11): 2568.9
(6,17,14,12): 12425.1
(6,17,15,11): 3139.76
(6,17,15,12): 15186.2
(6,17,16,11): 1284.45
(6,17,16,12): 6212.55
(6,17,17,11): 1855.31
(6,17,17,12): 8973.69
(6,17,18,11): 2568.9
(6,17,18,12): 12425.1
(6,17,19,11): 3139.76
(6,17,19,12): 15186.2
(6,17,20,11): 4709.64
(6,17,20,12): 22779.4
(6,17,21,11): 4709.64
(6,17,21,12): 22779.4
(6,17,22,11): 4709.64
(6,17,22,12): 22779.4
(6,17,23,11): 4709.64
(6,17,23,12): 22779.4
(6,18,0,19): 34153
(6,18,1,19): 37485
(6,18,2,19): 26656
(6,18,3,19): 29988
(6,18,4,19): 19159
(6,18,5,19): 22491
(6,18,6,19): 11662
(6,18,7,19): 14994
(6,18,8,19): 19159
(6,18,9,19): 22491
(6,18,10,19): 26656
(6,18,11,19): 29988
(6,18,12,19): 22491
(6,18,13,19): 25823
(6,18,14,19): 14994
(6,18,15,19): 18326
(6,18,16,19): 7497
(6,18,17,19): 10829
(6,18,18,19): 14994
(6,18,19,19): 18326
(6,18,20,19): 27489
(6,18,21,19): 27489
(6,18,22,19): 27489
(6,18,23,19): 27489
(6,19,0,22): 29875.7
(6,19,0,23): 4277.34
(6,19,1,22): 32790.4
(6,19,1,23): 4694.64
(6,19,2,22): 23317.6
(6,19,2,23): 3338.41
(6,19,3,22): 26232.3
(6,19,3,23): 3755.71
(6,19,4,22): 16759.5
(6,19,4,23): 2399.48
(6,19,5,22): 19674.2
(6,19,5,23): 2816.78
(6,19,6,22): 10201.4
(6,19,6,23): 1460.55
(6,19,7,22): 13116.1
(6,19,7,23): 1877.86
(6,19,8,22): 16759.5
(6,19,8,23): 2399.48
(6,19,9,22): 19674.2
(6,19,9,23): 2816.78
(6,19,10,22): 23317.6
(6,19,10,23): 3338.41
(6,19,11,22): 26232.3
(6,19,11,23): 3755.71
(6,19,12,22): 19674.2
(6,19,12,23): 2816.78
(6,19,13,22): 22588.9
(6,19,13,23): 3234.08
(6,19,14,22): 13116.1
(6,19,14,23): 1877.86
(6,19,15,22): 16030.8
(6,19,15,23): 2295.16
(6,19,16,22): 6558.07
(6,19,16,23): 938.928
(6,19,17,22): 9472.77
(6,19,17,23): 1356.23
(6,19,18,22): 13116.1
(6,19,18,23): 1877.86
(6,19,19,22): 16030.8
(6,19,19,23): 2295.16
(6,19,20,22): 24046.3
(6,19,20,23): 3442.73
(6,19,21,22): 24046.3
(6,19,21,23): 3442.73
(6,19,22,22): 24046.3
(6,19,22,23): 3442.73
(6,19,23,22): 24046.3
(6,19,23,23): 3442.73
(6,20,0,0): 29875.7
(6,20,1,0): 32790.4
(6,20,2,0): 23317.6
(6,20,3,0): 26232.3
(6,20,4,0): 16759.5
(6,20,5,0): 19674.2
(6,20,6,0): 10201.4
(6,20,7,0): 13116.1
(6,20,8,0): 16759.5
(6,20,9,0): 19674.2
(6,20,10,0): 23317.6
(6,20,11,0): 26232.3
(6,20,12,0): 19674.2
(6,20,13,0): 22588.9
(6,20,14,0): 13116.1
(6,20,15,0): 16030.8
(6,20,16,0): 6558.07
(6,20,17,0): 9472.77
(6,20,18,0): 13116.1
(6,20,19,0): 16030.8
(6,20,20,0): 24046.3
(6,20,21,0): 24046.3
(6,20,22,0): 24046.3
(6,20,23,0): 24046.3
(6,21,0,0): 4277.34
(6,21,1,0): 4694.64
(6,21,2,0): 3338.41
(6,21,3,0): 3755.71
(6,21,4,0): 2399.48
(6,21,5,0): 2816.78
(6,21,6,0): 1460.55
(6,21,7,0): 1877.86
(6,21,8,0): 2399.48
(6,21,9,0): 2816.78
(6,21,10,0): 3338.41
(6,21,11,0): 3755.71
(6,21,12,0): 2816.78
(6,21,13,0): 3234.08
(6,21,14,0): 1877.86
(6,21,15,0): 2295.16
(6,21,16,0): 938.928
(6,21,17,0): 1356.23
(6,21,18,0): 1877.86
(6,21,19,0): 2295.16
(6,21,20,0): 3442.73
(6,21,21,0): 3442.73
(6,21,22,0): 3442.73
(6,21,23,0): 3442.73
(6,22,0,15): 29875.7
(6,22,1,15): 32790.4
(6,22,2,15): 23317.6
(6,22,3,15): 26232.3
(6,22,4,15): 16759.5
(6,22,5,15): 19674.2
(6,22,6,15): 10201.4
(6,22,7,15): 13116.1
(6,22,8,15): 16759.5
(6,22,9,15): 19674.2
(6,22,10,15): 23317.6
(6,22,11,15): 26232.3
(6,22,12,15): 19674.2
(6,22,13,15): 22588.9
(6,22,14,15): 13116.1
(6,22,15,15): 16030.8
(6,22,16,15): 6558.07
(6,22,17,15): 9472.77
(6,22,18,15): 13116.1
(6,22,19,15): 16030.8
(6,22,20,15): 24046.3
(6,22,21,15): 24046.3
(6,22,22,15): 24046.3
(6,22,23,15): 24046.3
(6,23,0,15): 4277.34
(6,23,1,15): 4694.64
(6,23,2,15): 3338.41
(6,23,3,15): 3755.71
(6,23,4,15): 2399.48
(6,23,5,15): 2816.78
(6,23,6,15): 1460.55
(6,23,7,15): 1877.86
(6,23,8,15): 2399.48
(6,23,9,15): 2816.78
(6,23,10,15): 3338.41
(6,23,11,15): 3755.71
(6,23,12,15): 2816.78
(6,23,13,15): 3234.08
(6,23,14,15): 1877.86
(6,23,15,15): 2295.16
(6,23,16,15): 938.928
(6,23,17,15): 1356.23
(6,23,18,15): 1877.86
(6,23,19,15): 2295.16
(6,23,20,15): 3442.73
(6,23,21,15): 3442.73
(6,23,22,15): 3442.73
(6,23,23,15): 3442.73
(7,0,0,2): 37485
(7,0,1,2): 40817
(7,0,2,2): 29988
(7,0,3,2): 33320
(7,0,4,2): 22491
(7,0,5,2): 25823
(7,0,6,2): 14994
(7,0,7,2): 18326
(7,0,8,2): 22491
(7,0,9,2): 25823
(7,0,10,2): 29988
(7,0,11,2): 33320
(7,0,12,2): 25823
(7,0,13,2): 29155
(7,0,14,2): 18326
(7,0,15,2): 21658
(7,0,16,2): 10829
(7,0,17,2): 14161
(7,0,18,2): 18326
(7,0,19,2): 21658
(7,0,20,2): 30821
(7,0,21,2): 30821
(7,0,22,2): 30821
(7,0,23,2): 30821
(7,1,0,3): 34780.2
(7,1,1,3): 37871.8
(7,1,2,3): 27824.2
(7,1,3,3): 30915.8
(7,1,4,3): 20868.1
(7,1,5,3): 23959.7
(7,1,6,3): 13912.1
(7,1,7,3): 17003.7
(7,1,8,3): 20868.1
(7,1,9,3): 23959.7
(7,1,10,3): 27824.2
(7,1,11,3): 30915.8
(7,1,12,3): 23959.7
(7,1,13,3): 27051.3
(7,1,14,3): 17003.7
(7,1,15,3): 20095.3
(7,1,16,3): 10047.6
(7,1,17,3): 13139.2
(7,1,18,3): 17003.7
(7,1,19,3): 20095.3
(7,1,20,3): 28597.1
(7,1,21,3): 28597.1
(7,1,22,3): 28597.1
(7,1,23,3): 28597.1
(7,2,0,4): 40189.8
(7,2,1,4): 43762.2
(7,2,2,4): 32151.8
(7,2,3,4): 35724.2
(7,2,4,4): 24113.9
(7,2,5,4): 27686.3
(7,2,6,4): 16075.9
(7,2,7,4): 19648.3
(7,2,8,4): 24113.9
(7,2,9,4): 27686.3
(7,2,10,4): 32151.8
(7,2,11,4): 35724.2
(7,2,12,4): 27686.3
(7,2,13,4): 31258.7
(7,2,14,4): 19648.3
(7,2,15,4): 23220.7
(7,2,16,4): 11610.4
(7,2,17,4): 15182.8
(7,2,18,4): 19648.3
(7,2,19,4): 23220.7
(7,2,20,4): 33044.9
(7,2,21,4): 33044.9
(7,2,22,4): 33044.9
(7,2,23,4): 33044.9
(7,3,0,6): 34780.2
(7,3,1,6): 37871.8
(7,3,2,6): 27824.2
(7,3,3,6): 30915.8
(7,3,4,6): 20868.1
(7,3,5,6): 23959.7
(7,3,6,6): 13912.1
(7,3,7,6): 17003.7
(7,3,8,6): 20868.1
(7,3,9,6): 23959.7
(7,3,10,6): 27824.2
(7,3,11,6): 30915.8
(7,3,12,6): 23959.7
(7,3,13,6): 27051.3
(7,3,14,6): 17003.7
(7,3,15,6): 20095.3
(7,3,16,6): 10047.6
(7,3,17,6): 13139.2
(7,3,18,6): 17003.7
(7,3,19,6): 20095.3
(7,3,20,6): 28597.1
(7,3,21,6): 28597.1
(7,3,22,6): 28597.1
(7,3,23,6): 28597.1
(7,4,0,6): 40189.8
(7,4,1,6): 43762.2
(7,4,2,6): 32151.8
(7,4,3,6): 35724.2
(7,4,4,6): 24113.9
(7,4,5,6): 27686.3
(7,4,6,6): 16075.9
(7,4,7,6): 19648.3
(7,4,8,6): 24113.9
(7,4,9,6): 27686.3
(7,4,10,6): 32151.8
(7,4,11,6): 35724.2
(7,4,12,6): 27686.3
(7,4,13,6): 31258.7
(7,4,14,6): 19648.3
(7,4,15,6): 23220.7
(7,4,16,6): 11610.4
(7,4,17,6): 15182.8
(7,4,18,6): 19648.3
(7,4,19,6): 23220.7
(7,4,20,6): 33044.9
(7,4,21,6): 33044.9
(7,4,22,6): 33044.9
(7,4,23,6): 33044.9
(7,5,0,7): 15400.1
(7,5,0,8): 59569.9
(7,5,1,7): 16769
(7,5,1,8): 64865
(7,5,2,7): 12320.1
(7,5,2,8): 47655.9
(7,5,3,7): 13689
(7,5,3,8): 52951
(7,5,4,7): 9240.06
(7,5,4,8): 35741.9
(7,5,5,7): 10609
(7,5,5,8): 41037
(7,5,6,7): 6160.04
(7,5,6,8): 23828
(7,5,7,7): 7528.94
(7,5,7,8): 29123.1
(7,5,8,7): 9240.06
(7,5,8,8): 35741.9
(7,5,9,7): 10609
(7,5,9,8): 41037
(7,5,10,7): 12320.1
(7,5,10,8): 47655.9
(7,5,11,7): 13689
(7,5,11,8): 52951
(7,5,12,7): 10609
(7,5,12,8): 41037
(7,5,13,7): 11977.9
(7,5,13,8): 46332.1
(7,5,14,7): 7528.94
(7,5,14,8): 29123.1
(7,5,15,7): 8897.83
(7,5,15,8): 34418.2
(7,5,16,7): 4448.92
(7,5,16,8): 17209.1
(7,5,17,7): 5817.81
(7,5,17,8): 22504.2
(7,5,18,7): 7528.94
(7,5,18,8): 29123.1
(7,5,19,7): 8897.83
(7,5,19,8): 34418.2
(7,5,20,7): 12662.3
(7,5,20,8): 48979.7
(7,5,21,7): 12662.3
(7,5,21,8): 48979.7
(7,5,22,7): 12662.3
(7,5,22,8): 48979.7
(7,5,23,7): 12662.3
(7,5,23,8): 48979.7
(7,6,0,10): 37485
(7,6,0,17): 37485
(7,6,1,10): 40817
(7,6,1,17): 40817
(7,6,2,10): 29988
(7,6,2,17): 29988
(7,6,3,10): 33320
(7,6,3,17): 33320
(7,6,4,10): 22491
(7,6,4,17): 22491
(7,6,5,10): 25823
(7,6,5,17): 25823
(7,6,6,10): 14994
(7,6,6,17): 14994
(7,6,7,10): 18326
(7,6,7,17): 18326
(7,6,8,10): 22491
(7,6,8,17): 22491
(7,6,9,10): 25823
(7,6,9,17): 25823
(7,6,10,10): 29988
(7,6,10,17): 29988
(7,6,11,10): 33320
(7,6,11,17): 33320
(7,6,12,10): 25823
(7,6,12,17): 25823
(7,6,13,10): 29155
(7,6,13,17): 29155
(7,6,14,10): 18326
(7,6,14,17): 18326
(7,6,15,10): 21658
(7,6,15,17): 21658
(7,6,16,10): 10829
(7,6,16,17): 10829
(7,6,17,10): 14161
(7,6,17,17): 14161
(7,6,18,10): 18326
(7,6,18,17): 18326
(7,6,19,10): 21658
(7,6,19,17): 21658
(7,6,20,10): 30821
(7,6,20,17): 30821
(7,6,21,10): 30821
(7,6,21,17): 30821
(7,6,22,10): 30821
(7,6,22,17): 30821
(7,6,23,10): 30821
(7,6,23,17): 30821
(7,7,0,9): 15400.1
(7,7,1,9): 16769
(7,7,2,9): 12320.1
(7,7,3,9): 13689
(7,7,4,9): 9240.06
(7,7,5,9): 10609
(7,7,6,9): 6160.04
(7,7,7,9): 7528.94
(7,7,8,9): 9240.06
(7,7,9,9): 10609
(7,7,10,9): 12320.1
(7,7,11,9): 13689
(7,7,12,9): 10609
(7,7,13,9): 11977.9
(7,7,14,9): 7528.94
(7,7,15,9): 8897.83
(7,7,16,9): 4448.92
(7,7,17,9): 5817.81
(7,7,18,9): 7528.94
(7,7,19,9): 8897.83
(7,7,20,9): 12662.3
(7,7,21,9): 12662.3
(7,7,22,9): 12662.3
(7,7,23,9): 12662.3
(7,8,0,9): 22084.9
(7,8,0,16): 37485
(7,8,1,9): 24048
(7,8,1,16): 40817
(7,8,2,9): 17667.9
(7,8,2,16): 29988
(7,8,3,9): 19631
(7,8,3,16): 33320
(7,8,4,9): 13250.9
(7,8,4,16): 22491
(7,8,5,9): 15214
(7,8,5,16): 25823
(7,8,6,9): 8833.96
(7,8,6,16): 14994
(7,8,7,9): 10797.1
(7,8,7,16): 18326
(7,8,8,9): 13250.9
(7,8,8,16): 22491
(7,8,9,9): 15214
(7,8,9,16): 25823
(7,8,10,9): 17667.9
(7,8,10,16): 29988
(7,8,11,9): 19631
(7,8,11,16): 33320
(7,8,12,9): 15214
(7,8,12,16): 25823
(7,8,13,9): 17177.1
(7,8,13,16): 29155
(7,8,14,9): 10797.1
(7,8,14,16): 18326
(7,8,15,9): 12760.2
(7,8,15,16): 21658
(7,8,16,9): 6380.08
(7,8,16,16): 10829
(7,8,17,9): 8343.19
(7,8,17,16): 14161
(7,8,18,9): 10797.1
(7,8,18,16): 18326
(7,8,19,9): 12760.2
(7,8,19,16): 21658
(7,8,20,9): 18158.7
(7,8,20,16): 30821
(7,8,21,9): 18158.7
(7,8,21,16): 30821
(7,8,22,9): 18158.7
(7,8,22,16): 30821
(7,8,23,9): 18158.7
(7,8,23,16): 30821
(7,9,0,5): 37485
(7,9,1,5): 40817
(7,9,2,5): 29988
(7,9,3,5): 33320
(7,9,4,5): 22491
(7,9,5,5): 25823
(7,9,6,5): 14994
(7,9,7,5): 18326
(7,9,8,5): 22491
(7,9,9,5): 25823
(7,9,10,5): 29988
(7,9,11,5): 33320
(7,9,12,5): 25823
(7,9,13,5): 29155
(7,9,14,5): 18326
(7,9,15,5): 21658
(7,9,16,5): 10829
(7,9,17,5): 14161
(7,9,18,5): 18326
(7,9,19,5): 21658
(7,9,20,5): 30821
(7,9,21,5): 30821
(7,9,22,5): 30821
(7,9,23,5): 30821
(7,10,0,12): 37485
(7,10,1,12): 40817
(7,10,2,12): 29988
(7,10,3,12): 33320
(7,10,4,12): 22491
(7,10,5,12): 25823
(7,10,6,12): 14994
(7,10,7,12): 18326
(7,10,8,12): 22491
(7,10,9,12): 25823
(7,10,10,12): 29988
(7,10,11,12): 33320
(7,10,12,12): 25823
(7,10,13,12): 29155
(7,10,14,12): 18326
(7,10,15,12): 21658
(7,10,16,12): 10829
(7,10,17,12): 14161
(7,10,18,12): 18326
(7,10,19,12): 21658
(7,10,20,12): 30821
(7,10,21,12): 30821
(7,10,22,12): 30821
(7,10,23,12): 30821
(7,11,0,18): 6422.24
(7,11,1,18): 6993.1
(7,11,2,18): 5137.79
(7,11,3,18): 5708.66
(7,11,4,18): 3853.34
(7,11,5,18): 4424.21
(7,11,6,18): 2568.9
(7,11,7,18): 3139.76
(7,11,8,18): 3853.34
(7,11,9,18): 4424.21
(7,11,10,18): 5137.79
(7,11,11,18): 5708.66
(7,11,12,18): 4424.21
(7,11,13,18): 4995.07
(7,11,14,18): 3139.76
(7,11,15,18): 3710.63
(7,11,16,18): 1855.31
(7,11,17,18): 2426.18
(7,11,18,18): 3139.76
(7,11,19,18): 3710.63
(7,11,20,18): 5280.51
(7,11,21,18): 5280.51
(7,11,22,18): 5280.51
(7,11,23,18): 5280.51
(7,12,0,13): 37485
(7,12,0,18): 31062.8
(7,12,1,13): 40817
(7,12,1,18): 33823.9
(7,12,2,13): 29988
(7,12,2,18): 24850.2
(7,12,3,13): 33320
(7,12,3,18): 27611.3
(7,12,4,13): 22491
(7,12,4,18): 18637.7
(7,12,5,13): 25823
(7,12,5,18): 21398.8
(7,12,6,13): 14994
(7,12,6,18): 12425.1
(7,12,7,13): 18326
(7,12,7,18): 15186.2
(7,12,8,13): 22491
(7,12,8,18): 18637.7
(7,12,9,13): 25823
(7,12,9,18): 21398.8
(7,12,10,13): 29988
(7,12,10,18): 24850.2
(7,12,11,13): 33320
(7,12,11,18): 27611.3
(7,12,12,13): 25823
(7,12,12,18): 21398.8
(7,12,13,13): 29155
(7,12,13,18): 24159.9
(7,12,14,13): 18326
(7,12,14,18): 15186.2
(7,12,15,13): 21658
(7,12,15,18): 17947.4
(7,12,16,13): 10829
(7,12,16,18): 8973.69
(7,12,17,13): 14161
(7,12,17,18): 11734.8
(7,12,18,13): 18326
(7,12,18,18): 15186.2
(7,12,19,13): 21658
(7,12,19,18): 17947.4
(7,12,20,13): 30821
(7,12,20,18): 25540.5
(7,12,21,13): 30821
(7,12,21,18): 25540.5
(7,12,22,13): 30821
(7,12,22,18): 25540.5
(7,12,23,13): 30821
(7,12,23,18): 25540.5
(7,13,0,14): 37485
(7,13,1,14): 40817
(7,13,2,14): 29988
(7,13,3,14): 33320
(7,13,4,14): 22491
(7,13,5,14): 25823
(7,13,6,14): 14994
(7,13,7,14): 18326
(7,13,8,14): 22491
(7,13,9,14): 25823
(7,13,10,14): 29988
(7,13,11,14): 33320
(7,13,12,14): 25823
(7,13,13,14): 29155
(7,13,14,14): 18326
(7,13,15,14): 21658
(7,13,16,14): 10829
(7,13,17,14): 14161
(7,13,18,14): 18326
(7,13,19,14): 21658
(7,13,20,14): 30821
(7,13,21,14): 30821
(7,13,22,14): 30821
(7,13,23,14): 30821
(7,14,0,20): 32790.4
(7,14,0,21): 4694.64
(7,14,1,20): 35705.1
(7,14,1,21): 5111.94
(7,14,2,20): 26232.3
(7,14,2,21): 3755.71
(7,14,3,20): 29147
(7,14,3,21): 4173.01
(7,14,4,20): 19674.2
(7,14,4,21): 2816.78
(7,14,5,20): 22588.9
(7,14,5,21): 3234.08
(7,14,6,20): 13116.1
(7,14,6,21): 1877.86
(7,14,7,20): 16030.8
(7,14,7,21): 2295.16
(7,14,8,20): 19674.2
(7,14,8,21): 2816.78
(7,14,9,20): 22588.9
(7,14,9,21): 3234.08
(7,14,10,20): 26232.3
(7,14,10,21): 3755.71
(7,14,11,20): 29147
(7,14,11,21): 4173.01
(7,14,12,20): 22588.9
(7,14,12,21): 3234.08
(7,14,13,20): 25503.6
(7,14,13,21): 3651.39
(7,14,14,20): 16030.8
(7,14,14,21): 2295.16
(7,14,15,20): 18945.5
(7,14,15,21): 2712.46
(7,14,16,20): 9472.77
(7,14,16,21): 1356.23
(7,14,17,20): 12387.5
(7,14,17,21): 1773.53
(7,14,18,20): 16030.8
(7,14,18,21): 2295.16
(7,14,19,20): 18945.5
(7,14,19,21): 2712.46
(7,14,20,20): 26961
(7,14,20,21): 3860.04
(7,14,21,20): 26961
(7,14,21,21): 3860.04
(7,14,22,20): 26961
(7,14,22,21): 3860.04
(7,14,23,20): 26961
(7,14,23,21): 3860.04
(7,15,0,1): 34780.2
(7,15,0,2): 2704.76
(7,15,1,1): 37871.8
(7,15,1,2): 2945.18
(7,15,2,1): 27824.2
(7,15,2,2): 2163.8
(7,15,3,1): 30915.8
(7,15,3,2): 2404.23
(7,15,4,1): 20868.1
(7,15,4,2): 1622.85
(7,15,5,1): 23959.7
(7,15,5,2): 1863.28
(7,15,6,1): 13912.1
(7,15,6,2): 1081.9
(7,15,7,1): 17003.7
(7,15,7,2): 1322.32
(7,15,8,1): 20868.1
(7,15,8,2): 1622.85
(7,15,9,1): 23959.7
(7,15,9,2): 1863.28
(7,15,10,1): 27824.2
(7,15,10,2): 2163.8
(7,15,11,1): 30915.8
(7,15,11,2): 2404.23
(7,15,12,1): 23959.7
(7,15,12,2): 1863.28
(7,15,13,1): 27051.3
(7,15,13,2): 2103.7
(7,15,14,1): 17003.7
(7,15,14,2): 1322.32
(7,15,15,1): 20095.3
(7,15,15,2): 1562.75
(7,15,16,1): 10047.6
(7,15,16,2): 781.374
(7,15,17,1): 13139.2
(7,15,17,2): 1021.8
(7,15,18,1): 17003.7
(7,15,18,2): 1322.32
(7,15,19,1): 20095.3
(7,15,19,2): 1562.75
(7,15,20,1): 28597.1
(7,15,20,2): 2223.91
(7,15,21,1): 28597.1
(7,15,21,2): 2223.91
(7,15,22,1): 28597.1
(7,15,22,2): 2223.91
(7,15,23,1): 28597.1
(7,15,23,2): 2223.91
(7,16,0,5): 37485
(7,16,1,5): 40817
(7,16,2,5): 29988
(7,16,3,5): 33320
(7,16,4,5): 22491
(7,16,5,5): 25823
(7,16,6,5): 14994
(7,16,7,5): 18326
(7,16,8,5): 22491
(7,16,9,5): 25823
(7,16,10,5): 29988
(7,16,11,5): 33320
(7,16,12,5): 25823
(7,16,13,5): 29155
(7,16,14,5): 18326
(7,16,15,5): 21658
(7,16,16,5): 10829
(7,16,17,5): 14161
(7,16,18,5): 18326
(7,16,19,5): 21658
(7,16,20,5): 30821
(7,16,21,5): 30821
(7,16,22,5): 30821
(7,16,23,5): 30821
(7,17,0,11): 6422.24
(7,17,0,12): 31062.8
(7,17,1,11): 6993.1
(7,17,1,12): 33823.9
(7,17,2,11): 5137.79
(7,17,2,12): 24850.2
(7,17,3,11): 5708.66
(7,17,3,12): 27611.3
(7,17,4,11): 3853.34
(7,17,4,12): 18637.7
(7,17,5,11): 4424.21
(7,17,5,12): 21398.8
(7,17,6,11): 2568.9
(7,17,6,12): 12425.1
(7,17,7,11): 3139.76
(7,17,7,12): 15186.2
(7,17,8,11): 3853.34
(7,17,8,12): 18637.7
(7,17,9,11): 4424.21
(7,17,9,12): 21398.8
(7,17,10,11): 5137.79
(7,17,10,12): 24850.2
(7,17,11,11): 5708.66
(7,17,11,12): 27611.3
(7,17,12,11): 4424.21
(7,17,12,12): 21398.8
(7,17,13,11): 4995.07
(7,17,13,12): 24159.9
(7,17,14,11): 3139.76
(7,17,14,12): 15186.2
(7,17,15,11): 3710.63
(7,17,15,12): 17947.4
(7,17,16,11): 1855.31
(7,17,16,12): 8973.69
(7,17,17,11): 2426.18
(7,17,17,12): 11734.8
(7,17,18,11): 3139.76
(7,17,18,12): 15186.2
(7,17,19,11): 3710.63
(7,17,19,12): 17947.4
(7,17,20,11): 5280.51
(7,17,20,12): 25540.5
(7,17,21,11): 5280.51
(7,17,21,12): 25540.5
(7,17,22,11): 5280.51
(7,17,22,12): 25540.5
(7,17,23,11): 5280.51
(7,17,23,12): 25540.5
(7,18,0,19): 37485
(7,18,1,19): 40817
(7,18,2,19): 29988
(7,18,3,19): 33320
(7,18,4,19): 22491
(7,18,5,19): 25823
(7,18,6,19): 14994
(7,18,7,19): 18326
(7,18,8,19): 22491
(7,18,9,19): 25823
(7,18,10,19): 29988
(7,18,11,19): 33320
(7,18,12,19): 25823
(7,18,13,19): 29155
(7,18,14,19): 18326
(7,18,15,19): 21658
(7,18,16,19): 10829
(7,18,17,19): 14161
(7,18,18,19): 18326
(7,18,19,19): 21658
(7,18,20,19): 30821
(7,18,21,19): 30821
(7,18,22,19): 30821
(7,18,23,19): 30821
(7,19,0,22): 32790.4
(7,19,0,23): 4694.64
(7,19,1,22): 35705.1
(7,19,1,23): 5111.94
(7,19,2,22): 26232.3
(7,19,2,23): 3755.71
(7,19,3,22): 29147
(7,19,3,23): 4173.01
(7,19,4,22): 19674.2
(7,19,4,23): 2816.78
(7,19,5,22): 22588.9
(7,19,5,23): 3234.08
(7,19,6,22): 13116.1
(7,19,6,23): 1877.86
(7,19,7,22): 16030.8
(7,19,7,23): 2295.16
(7,19,8,22): 19674.2
(7,19,8,23): 2816.78
(7,19,9,22): 22588.9
(7,19,9,23): 3234.08
(7,19,10,22): 26232.3
(7,19,10,23): 3755.71
(7,19,11,22): 29147
(7,19,11,23): 4173.01
(7,19,12,22): 22588.9
(7,19,12,23): 3234.08
(7,19,13,22): 25503.6
(7,19,13,23): 3651.39
(7,19,14,22): 16030.8
(7,19,14,23): 2295.16
(7,19,15,22): 18945.5
(7,19,15,23): 2712.46
(7,19,16,22): 9472.77
(7,19,16,23): 1356.23
(7,19,17,22): 12387.5
(7,19,17,23): 1773.53
(7,19,18,22): 16030.8
(7,19,18,23): 2295.16
(7,19,19,22): 18945.5
(7,19,19,23): 2712.46
(7,19,20,22): 26961
(7,19,20,23): 3860.04
(7,19,21,22): 26961
(7,19,21,23): 3860.04
(7,19,22,22): 26961
(7,19,22,23): 3860.04
(7,19,23,22): 26961
(7,19,23,23): 3860.04
(7,20,0,0): 32790.4
(7,20,1,0): 35705.1
(7,20,2,0): 26232.3
(7,20,3,0): 29147
(7,20,4,0): 19674.2
(7,20,5,0): 22588.9
(7,20,6,0): 13116.1
(7,20,7,0): 16030.8
(7,20,8,0): 19674.2
(7,20,9,0): 22588.9
(7,20,10,0): 26232.3
(7,20,11,0): 29147
(7,20,12,0): 22588.9
(7,20,13,0): 25503.6
(7,20,14,0): 16030.8
(7,20,15,0): 18945.5
(7,20,16,0): 9472.77
(7,20,17,0): 12387.5
(7,20,18,0): 16030.8
(7,20,19,0): 18945.5
(7,20,20,0): 26961
(7,20,21,0): 26961
(7,20,22,0): 26961
(7,20,23,0): 26961
(7,21,0,0): 4694.64
(7,21,1,0): 5111.94
(7,21,2,0): 3755.71
(7,21,3,0): 4173.01
(7,21,4,0): 2816.78
(7,21,5,0): 3234.08
(7,21,6,0): 1877.86
(7,21,7,0): 2295.16
(7,21,8,0): 2816.78
(7,21,9,0): 3234.08
(7,21,10,0): 3755.71
(7,21,11,0): 4173.01
(7,21,12,0): 3234.08
(7,21,13,0): 3651.39
(7,21,14,0): 2295.16
(7,21,15,0): 2712.46
(7,21,16,0): 1356.23
(7,21,17,0): 1773.53
(7,21,18,0): 2295.16
(7,21,19,0): 2712.46
(7,21,20,0): 3860.04
(7,21,21,0): 3860.04
(7,21,22,0): 3860.04
(7,21,23,0): 3860.04
(7,22,0,15): 32790.4
(7,22,1,15): 35705.1
(7,22,2,15): 26232.3
(7,22,3,15): 29147
(7,22,4,15): 19674.2
(7,22,5,15): 22588.9
(7,22,6,15): 13116.1
(7,22,7,15): 16030.8
(7,22,8,15): 19674.2
(7,22,9,15): 22588.9
(7,22,10,15): 26232.3
(7,22,11,15): 29147
(7,22,12,15): 22588.9
(7,22,13,15): 25503.6
(7,22,14,15): 16030.8
(7,22,15,15): 18945.5
(7,22,16,15): 9472.77
(7,22,17,15): 12387.5
(7,22,18,15): 16030.8
(7,22,19,15): 18945.5
(7,22,20,15): 26961
(7,22,21,15): 26961
(7,22,22,15): 26961
(7,22,23,15): 26961
(7,23,0,15): 4694.64
(7,23,1,15): 5111.94
(7,23,2,15): 3755.71
(7,23,3,15): 4173.01
(7,23,4,15): 2816.78
(7,23,5,15): 3234.08
(7,23,6,15): 1877.86
(7,23,7,15): 2295.16
(7,23,8,15): 2816.78
(7,23,9,15): 3234.08
(7,23,10,15): 3755.71
(7,23,11,15): 4173.01
(7,23,12,15): 3234.08
(7,23,13,15): 3651.39
(7,23,14,15): 2295.16
(7,23,15,15): 2712.46
(7,23,16,15): 1356.23
(7,23,17,15): 1773.53
(7,23,18,15): 2295.16
(7,23,19,15): 2712.46
(7,23,20,15): 3860.04
(7,23,21,15): 3860.04
(7,23,22,15): 3860.04
(7,23,23,15): 3860.04
(8,0,0,2): 26656
(8,0,1,2): 29988
(8,0,2,2): 34153
(8,0,3,2): 37485
(8,0,4,2): 26656
(8,0,5,2): 29988
(8,0,6,2): 19159
(8,0,7,2): 22491
(8,0,8,2): 11662
(8,0,9,2): 14994
(8,0,10,2): 19159
(8,0,11,2): 22491
(8,0,12,2): 26656
(8,0,13,2): 29988
(8,0,14,2): 22491
(8,0,15,2): 25823
(8,0,16,2): 14994
(8,0,17,2): 18326
(8,0,18,2): 7497
(8,0,19,2): 10829
(8,0,20,2): 19992
(8,0,21,2): 19992
(8,0,22,2): 19992
(8,0,23,2): 19992
(8,1,0,3): 24732.6
(8,1,1,3): 27824.2
(8,1,2,3): 31688.7
(8,1,3,3): 34780.2
(8,1,4,3): 24732.6
(8,1,5,3): 27824.2
(8,1,6,3): 17776.6
(8,1,7,3): 20868.1
(8,1,8,3): 10820.5
(8,1,9,3): 13912.1
(8,1,10,3): 17776.6
(8,1,11,3): 20868.1
(8,1,12,3): 24732.6
(8,1,13,3): 27824.2
(8,1,14,3): 20868.1
(8,1,15,3): 23959.7
(8,1,16,3): 13912.1
(8,1,17,3): 17003.7
(8,1,18,3): 6956.05
(8,1,19,3): 10047.6
(8,1,20,3): 18549.5
(8,1,21,3): 18549.5
(8,1,22,3): 18549.5
(8,1,23,3): 18549.5
(8,2,0,4): 28579.4
(8,2,1,4): 32151.8
(8,2,2,4): 36617.3
(8,2,3,4): 40189.8
(8,2,4,4): 28579.4
(8,2,5,4): 32151.8
(8,2,6,4): 20541.4
(8,2,7,4): 24113.9
(8,2,8,4): 12503.5
(8,2,9,4): 16075.9
(8,2,10,4): 20541.4
(8,2,11,4): 24113.9
(8,2,12,4): 28579.4
(8,2,13,4): 32151.8
(8,2,14,4): 24113.9
(8,2,15,4): 27686.3
(8,2,16,4): 16075.9
(8,2,17,4): 19648.3
(8,2,18,4): 8037.95
(8,2,19,4): 11610.4
(8,2,20,4): 21434.5
(8,2,21,4): 21434.5
(8,2,22,4): 21434.5
(8,2,23,4): 21434.5
(8,3,0,6): 24732.6
(8,3,1,6): 27824.2
(8,3,2,6): 31688.7
(8,3,3,6): 34780.2
(8,3,4,6): 24732.6
(8,3,5,6): 27824.2
(8,3,6,6): 17776.6
(8,3,7,6): 20868.1
(8,3,8,6): 10820.5
(8,3,9,6): 13912.1
(8,3,10,6): 17776.6
(8,3,11,6): 20868.1
(8,3,12,6): 24732.6
(8,3,13,6): 27824.2
(8,3,14,6): 20868.1
(8,3,15,6): 23959.7
(8,3,16,6): 13912.1
(8,3,17,6): 17003.7
(8,3,18,6): 6956.05
(8,3,19,6): 10047.6
(8,3,20,6): 18549.5
(8,3,21,6): 18549.5
(8,3,22,6): 18549.5
(8,3,23,6): 18549.5
(8,4,0,6): 28579.4
(8,4,1,6): 32151.8
(8,4,2,6): 36617.3
(8,4,3,6): 40189.8
(8,4,4,6): 28579.4
(8,4,5,6): 32151.8
(8,4,6,6): 20541.4
(8,4,7,6): 24113.9
(8,4,8,6): 12503.5
(8,4,9,6): 16075.9
(8,4,10,6): 20541.4
(8,4,11,6): 24113.9
(8,4,12,6): 28579.4
(8,4,13,6): 32151.8
(8,4,14,6): 24113.9
(8,4,15,6): 27686.3
(8,4,16,6): 16075.9
(8,4,17,6): 19648.3
(8,4,18,6): 8037.95
(8,4,19,6): 11610.4
(8,4,20,6): 21434.5
(8,4,21,6): 21434.5
(8,4,22,6): 21434.5
(8,4,23,6): 21434.5
(8,5,0,7): 10951.2
(8,5,0,8): 42360.8
(8,5,1,7): 12320.1
(8,5,1,8): 47655.9
(8,5,2,7): 14031.2
(8,5,2,8): 54274.8
(8,5,3,7): 15400.1
(8,5,3,8): 59569.9
(8,5,4,7): 10951.2
(8,5,4,8): 42360.8
(8,5,5,7): 12320.1
(8,5,5,8): 47655.9
(8,5,6,7): 7871.16
(8,5,6,8): 30446.8
(8,5,7,7): 9240.06
(8,5,7,8): 35741.9
(8,5,8,7): 4791.14
(8,5,8,8): 18532.9
(8,5,9,7): 6160.04
(8,5,9,8): 23828
(8,5,10,7): 7871.16
(8,5,10,8): 30446.8
(8,5,11,7): 9240.06
(8,5,11,8): 35741.9
(8,5,12,7): 10951.2
(8,5,12,8): 42360.8
(8,5,13,7): 12320.1
(8,5,13,8): 47655.9
(8,5,14,7): 9240.06
(8,5,14,8): 35741.9
(8,5,15,7): 10609
(8,5,15,8): 41037
(8,5,16,7): 6160.04
(8,5,16,8): 23828
(8,5,17,7): 7528.94
(8,5,17,8): 29123.1
(8,5,18,7): 3080.02
(8,5,18,8): 11914
(8,5,19,7): 4448.92
(8,5,19,8): 17209.1
(8,5,20,7): 8213.38
(8,5,20,8): 31770.6
(8,5,21,7): 8213.38
(8,5,21,8): 31770.6
(8,5,22,7): 8213.38
(8,5,22,8): 31770.6
(8,5,23,7): 8213.38
(8,5,23,8): 31770.6
(8,6,0,10): 26656
(8,6,0,17): 26656
(8,6,1,10): 29988
(8,6,1,17): 29988
(8,6,2,10): 34153
(8,6,2,17): 34153
(8,6,3,10): 37485
(8,6,3,17): 37485
(8,6,4,10): 26656
(8,6,4,17): 26656
(8,6,5,10): 29988
(8,6,5,17): 29988
(8,6,6,10): 19159
(8,6,6,17): 19159
(8,6,7,10): 22491
(8,6,7,17): 22491
(8,6,8,10): 11662
(8,6,8,17): 11662
(8,6,9,10): 14994
(8,6,9,17): 14994
(8,6,10,10): 19159
(8,6,10,17): 19159
(8,6,11,10): 22491
(8,6,11,17): 22491
(8,6,12,10): 26656
(8,6,12,17): 26656
(8,6,13,10): 29988
(8,6,13,17): 29988
(8,6,14,10): 22491
(8,6,14,17): 22491
(8,6,15,10): 25823
(8,6,15,17): 25823
(8,6,16,10): 14994
(8,6,16,17): 14994
(8,6,17,10): 18326
(8,6,17,17): 18326
(8,6,18,10): 7497
(8,6,18,17): 7497
(8,6,19,10): 10829
(8,6,19,17): 10829
(8,6,20,10): 19992
(8,6,20,17): 19992
(8,6,21,10): 19992
(8,6,21,17): 19992
(8,6,22,10): 19992
(8,6,22,17): 19992
(8,6,23,10): 19992
(8,6,23,17): 19992
(8,7,0,9): 10951.2
(8,7,1,9): 12320.1
(8,7,2,9): 14031.2
(8,7,3,9): 15400.1
(8,7,4,9): 10951.2
(8,7,5,9): 12320.1
(8,7,6,9): 7871.16
(8,7,7,9): 9240.06
(8,7,8,9): 4791.14
(8,7,9,9): 6160.04
(8,7,10,9): 7871.16
(8,7,11,9): 9240.06
(8,7,12,9): 10951.2
(8,7,13,9): 12320.1
(8,7,14,9): 9240.06
(8,7,15,9): 10609
(8,7,16,9): 6160.04
(8,7,17,9): 7528.94
(8,7,18,9): 3080.02
(8,7,19,9): 4448.92
(8,7,20,9): 8213.38
(8,7,21,9): 8213.38
(8,7,22,9): 8213.38
(8,7,23,9): 8213.38
(8,8,0,9): 15704.8
(8,8,0,16): 26656
(8,8,1,9): 17667.9
(8,8,1,16): 29988
(8,8,2,9): 20121.8
(8,8,2,16): 34153
(8,8,3,9): 22084.9
(8,8,3,16): 37485
(8,8,4,9): 15704.8
(8,8,4,16): 26656
(8,8,5,9): 17667.9
(8,8,5,16): 29988
(8,8,6,9): 11287.8
(8,8,6,16): 19159
(8,8,7,9): 13250.9
(8,8,7,16): 22491
(8,8,8,9): 6870.86
(8,8,8,16): 11662
(8,8,9,9): 8833.96
(8,8,9,16): 14994
(8,8,10,9): 11287.8
(8,8,10,16): 19159
(8,8,11,9): 13250.9
(8,8,11,16): 22491
(8,8,12,9): 15704.8
(8,8,12,16): 26656
(8,8,13,9): 17667.9
(8,8,13,16): 29988
(8,8,14,9): 13250.9
(8,8,14,16): 22491
(8,8,15,9): 15214
(8,8,15,16): 25823
(8,8,16,9): 8833.96
(8,8,16,16): 14994
(8,8,17,9): 10797.1
(8,8,17,16): 18326
(8,8,18,9): 4416.98
(8,8,18,16): 7497
(8,8,19,9): 6380.08
(8,8,19,16): 10829
(8,8,20,9): 11778.6
(8,8,20,16): 19992
(8,8,21,9): 11778.6
(8,8,21,16): 19992
(8,8,22,9): 11778.6
(8,8,22,16): 19992
(8,8,23,9): 11778.6
(8,8,23,16): 19992
(8,9,0,5): 26656
(8,9,1,5): 29988
(8,9,2,5): 34153
(8,9,3,5): 37485
(8,9,4,5): 26656
(8,9,5,5): 29988
(8,9,6,5): 19159
(8,9,7,5): 22491
(8,9,8,5): 11662
(8,9,9,5): 14994
(8,9,10,5): 19159
(8,9,11,5): 22491
(8,9,12,5): 26656
(8,9,13,5): 29988
(8,9,14,5): 22491
(8,9,15,5): 25823
(8,9,16,5): 14994
(8,9,17,5): 18326
(8,9,18,5): 7497
(8,9,19,5): 10829
(8,9,20,5): 19992
(8,9,21,5): 19992
(8,9,22,5): 19992
(8,9,23,5): 19992
(8,10,0,12): 26656
(8,10,1,12): 29988
(8,10,2,12): 34153
(8,10,3,12): 37485
(8,10,4,12): 26656
(8,10,5,12): 29988
(8,10,6,12): 19159
(8,10,7,12): 22491
(8,10,8,12): 11662
(8,10,9,12): 14994
(8,10,10,12): 19159
(8,10,11,12): 22491
(8,10,12,12): 26656
(8,10,13,12): 29988
(8,10,14,12): 22491
(8,10,15,12): 25823
(8,10,16,12): 14994
(8,10,17,12): 18326
(8,10,18,12): 7497
(8,10,19,12): 10829
(8,10,20,12): 19992
(8,10,21,12): 19992
(8,10,22,12): 19992
(8,10,23,12): 19992
(8,11,0,18): 4566.93
(8,11,1,18): 5137.79
(8,11,2,18): 5851.37
(8,11,3,18): 6422.24
(8,11,4,18): 4566.93
(8,11,5,18): 5137.79
(8,11,6,18): 3282.48
(8,11,7,18): 3853.34
(8,11,8,18): 1998.03
(8,11,9,18): 2568.9
(8,11,10,18): 3282.48
(8,11,11,18): 3853.34
(8,11,12,18): 4566.93
(8,11,13,18): 5137.79
(8,11,14,18): 3853.34
(8,11,15,18): 4424.21
(8,11,16,18): 2568.9
(8,11,17,18): 3139.76
(8,11,18,18): 1284.45
(8,11,19,18): 1855.31
(8,11,20,18): 3425.19
(8,11,21,18): 3425.19
(8,11,22,18): 3425.19
(8,11,23,18): 3425.19
(8,12,0,13): 26656
(8,12,0,18): 22089.1
(8,12,1,13): 29988
(8,12,1,18): 24850.2
(8,12,2,13): 34153
(8,12,2,18): 28301.6
(8,12,3,13): 37485
(8,12,3,18): 31062.8
(8,12,4,13): 26656
(8,12,4,18): 22089.1
(8,12,5,13): 29988
(8,12,5,18): 24850.2
(8,12,6,13): 19159
(8,12,6,18): 15876.5
(8,12,7,13): 22491
(8,12,7,18): 18637.7
(8,12,8,13): 11662
(8,12,8,18): 9663.97
(8,12,9,13): 14994
(8,12,9,18): 12425.1
(8,12,10,13): 19159
(8,12,10,18): 15876.5
(8,12,11,13): 22491
(8,12,11,18): 18637.7
(8,12,12,13): 26656
(8,12,12,18): 22089.1
(8,12,13,13): 29988
(8,12,13,18): 24850.2
(8,12,14,13): 22491
(8,12,14,18): 18637.7
(8,12,15,13): 25823
(8,12,15,18): 21398.8
(8,12,16,13): 14994
(8,12,16,18): 12425.1
(8,12,17,13): 18326
(8,12,17,18): 15186.2
(8,12,18,13): 7497
(8,12,18,18): 6212.55
(8,12,19,13): 10829
(8,12,19,18): 8973.69
(8,12,20,13): 19992
(8,12,20,18): 16566.8
(8,12,21,13): 19992
(8,12,21,18): 16566.8
(8,12,22,13): 19992
(8,12,22,18): 16566.8
(8,12,23,13): 19992
(8,12,23,18): 16566.8
(8,13,0,14): 26656
(8,13,1,14): 29988
(8,13,2,14): 34153
(8,13,3,14): 37485
(8,13,4,14): 26656
(8,13,5,14): 29988
(8,13,6,14): 19159
(8,13,7,14): 22491
(8,13,8,14): 11662
(8,13,9,14): 14994
(8,13,10,14): 19159
(8,13,11,14): 22491
(8,13,12,14): 26656
(8,13,13,14): 29988
(8,13,14,14): 22491
(8,13,15,14): 25823
(8,13,16,14): 14994
(8,13,17,14): 18326
(8,13,18,14): 7497
(8,13,19,14): 10829
(8,13,20,14): 19992
(8,13,21,14): 19992
(8,13,22,14): 19992
(8,13,23,14): 19992
(8,14,0,20): 23317.6
(8,14,0,21): 3338.41
(8,14,1,20): 26232.3
(8,14,1,21): 3755.71
(8,14,2,20): 29875.7
(8,14,2,21): 4277.34
(8,14,3,20): 32790.4
(8,14,3,21): 4694.64
(8,14,4,20): 23317.6
(8,14,4,21): 3338.41
(8,14,5,20): 26232.3
(8,14,5,21): 3755.71
(8,14,6,20): 16759.5
(8,14,6,21): 2399.48
(8,14,7,20): 19674.2
(8,14,7,21): 2816.78
(8,14,8,20): 10201.4
(8,14,8,21): 1460.55
(8,14,9,20): 13116.1
(8,14,9,21): 1877.86
(8,14,10,20): 16759.5
(8,14,10,21): 2399.48
(8,14,11,20): 19674.2
(8,14,11,21): 2816.78
(8,14,12,20): 23317.6
(8,14,12,21): 3338.41
(8,14,13,20): 26232.3
(8,14,13,21): 3755.71
(8,14,14,20): 19674.2
(8,14,14,21): 2816.78
(8,14,15,20): 22588.9
(8,14,15,21): 3234.08
(8,14,16,20): 13116.1
(8,14,16,21): 1877.86
(8,14,17,20): 16030.8
(8,14,17,21): 2295.16
(8,14,18,20): 6558.07
(8,14,18,21): 938.928
(8,14,19,20): 9472.77
(8,14,19,21): 1356.23
(8,14,20,20): 17488.2
(8,14,20,21): 2503.81
(8,14,21,20): 17488.2
(8,14,21,21): 2503.81
(8,14,22,20): 17488.2
(8,14,22,21): 2503.81
(8,14,23,20): 17488.2
(8,14,23,21): 2503.81
(8,15,0,1): 24732.6
(8,15,0,2): 1923.38
(8,15,1,1): 27824.2
(8,15,1,2): 2163.8
(8,15,2,1): 31688.7
(8,15,2,2): 2464.33
(8,15,3,1): 34780.2
(8,15,3,2): 2704.76
(8,15,4,1): 24732.6
(8,15,4,2): 1923.38
(8,15,5,1): 27824.2
(8,15,5,2): 2163.8
(8,15,6,1): 17776.6
(8,15,6,2): 1382.43
(8,15,7,1): 20868.1
(8,15,7,2): 1622.85
(8,15,8,1): 10820.5
(8,15,8,2): 841.479
(8,15,9,1): 13912.1
(8,15,9,2): 1081.9
(8,15,10,1): 17776.6
(8,15,10,2): 1382.43
(8,15,11,1): 20868.1
(8,15,11,2): 1622.85
(8,15,12,1): 24732.6
(8,15,12,2): 1923.38
(8,15,13,1): 27824.2
(8,15,13,2): 2163.8
(8,15,14,1): 20868.1
(8,15,14,2): 1622.85
(8,15,15,1): 23959.7
(8,15,15,2): 1863.28
(8,15,16,1): 13912.1
(8,15,16,2): 1081.9
(8,15,17,1): 17003.7
(8,15,17,2): 1322.32
(8,15,18,1): 6956.05
(8,15,18,2): 540.951
(8,15,19,1): 10047.6
(8,15,19,2): 781.374
(8,15,20,1): 18549.5
(8,15,20,2): 1442.54
(8,15,21,1): 18549.5
(8,15,21,2): 1442.54
(8,15,22,1): 18549.5
(8,15,22,2): 1442.54
(8,15,23,1): 18549.5
(8,15,23,2): 1442.54
(8,16,0,5): 26656
(8,16,1,5): 29988
(8,16,2,5): 34153
(8,16,3,5): 37485
(8,16,4,5): 26656
(8,16,5,5): 29988
(8,16,6,5): 19159
(8,16,7,5): 22491
(8,16,8,5): 11662
(8,16,9,5): 14994
(8,16,10,5): 19159
(8,16,11,5): 22491
(8,16,12,5): 26656
(8,16,13,5): 29988
(8,16,14,5): 22491
(8,16,15,5): 25823
(8,16,16,5): 14994
(8,16,17,5): 18326
(8,16,18,5): 7497
(8,16,19,5): 10829
(8,16,20,5): 19992
(8,16,21,5): 19992
(8,16,22,5): 19992
(8,16,23,5): 19992
(8,17,0,11): 4566.93
(8,17,0,12): 22089.1
(8,17,1,11): 5137.79
(8,17,1,12): 24850.2
(8,17,2,11): 5851.37
(8,17,2,12): 28301.6
(8,17,3,11): 6422.24
(8,17,3,12): 31062.8
(8,17,4,11): 4566.93
(8,17,4,12): 22089.1
(8,17,5,11): 5137.79
(8,17,5,12): 24850.2
(8,17,6,11): 3282.48
(8,17,6,12): 15876.5
(8,17,7,11): 3853.34
(8,17,7,12): 18637.7
(8,17,8,11): 1998.03
(8,17,8,12): 9663.97
(8,17,9,11): 2568.9
(8,17,9,12): 12425.1
(8,17,10,11): 3282.48
(8,17,10,12): 15876.5
(8,17,11,11): 3853.34
(8,17,11,12): 18637.7
(8,17,12,11): 4566.93
(8,17,12,12): 22089.1
(8,17,13,11): 5137.79
(8,17,13,12): 24850.2
(8,17,14,11): 3853.34
(8,17,14,12): 18637.7
(8,17,15,11): 4424.21
(8,17,15,12): 21398.8
(8,17,16,11): 2568.9
(8,17,16,12): 12425.1
(8,17,17,11): 3139.76
(8,17,17,12): 15186.2
(8,17,18,11): 1284.45
(8,17,18,12): 6212.55
(8,17,19,11): 1855.31
(8,17,19,12): 8973.69
(8,17,20,11): 3425.19
(8,17,20,12): 16566.8
(8,17,21,11): 3425.19
(8,17,21,12): 16566.8
(8,17,22,11): 3425.19
(8,17,22,12): 16566.8
(8,17,23,11): 3425.19
(8,17,23,12): 16566.8
(8,18,0,19): 26656
(8,18,1,19): 29988
(8,18,2,19): 34153
(8,18,3,19): 37485
(8,18,4,19): 26656
(8,18,5,19): 29988
(8,18,6,19): 19159
(8,18,7,19): 22491
(8,18,8,19): 11662
(8,18,9,19): 14994
(8,18,10,19): 19159
(8,18,11,19): 22491
(8,18,12,19): 26656
(8,18,13,19): 29988
(8,18,14,19): 22491
(8,18,15,19): 25823
(8,18,16,19): 14994
(8,18,17,19): 18326
(8,18,18,19): 7497
(8,18,19,19): 10829
(8,18,20,19): 19992
(8,18,21,19): 19992
(8,18,22,19): 19992
(8,18,23,19): 19992
(8,19,0,22): 23317.6
(8,19,0,23): 3338.41
(8,19,1,22): 26232.3
(8,19,1,23): 3755.71
(8,19,2,22): 29875.7
(8,19,2,23): 4277.34
(8,19,3,22): 32790.4
(8,19,3,23): 4694.64
(8,19,4,22): 23317.6
(8,19,4,23): 3338.41
(8,19,5,22): 26232.3
(8,19,5,23): 3755.71
(8,19,6,22): 16759.5
(8,19,6,23): 2399.48
(8,19,7,22): 19674.2
(8,19,7,23): 2816.78
(8,19,8,22): 10201.4
(8,19,8,23): 1460.55
(8,19,9,22): 13116.1
(8,19,9,23): 1877.86
(8,19,10,22): 16759.5
(8,19,10,23): 2399.48
(8,19,11,22): 19674.2
(8,19,11,23): 2816.78
(8,19,12,22): 23317.6
(8,19,12,23): 3338.41
(8,19,13,22): 26232.3
(8,19,13,23): 3755.71
(8,19,14,22): 19674.2
(8,19,14,23): 2816.78
(8,19,15,22): 22588.9
(8,19,15,23): 3234.08
(8,19,16,22): 13116.1
(8,19,16,23): 1877.86
(8,19,17,22): 16030.8
(8,19,17,23): 2295.16
(8,19,18,22): 6558.07
(8,19,18,23): 938.928
(8,19,19,22): 9472.77
(8,19,19,23): 1356.23
(8,19,20,22): 17488.2
(8,19,20,23): 2503.81
(8,19,21,22): 17488.2
(8,19,21,23): 2503.81
(8,19,22,22): 17488.2
(8,19,22,23): 2503.81
(8,19,23,22): 17488.2
(8,19,23,23): 2503.81
(8,20,0,0): 23317.6
(8,20,1,0): 26232.3
(8,20,2,0): 29875.7
(8,20,3,0): 32790.4
(8,20,4,0): 23317.6
(8,20,5,0): 26232.3
(8,20,6,0): 16759.5
(8,20,7,0): 19674.2
(8,20,8,0): 10201.4
(8,20,9,0): 13116.1
(8,20,10,0): 16759.5
(8,20,11,0): 19674.2
(8,20,12,0): 23317.6
(8,20,13,0): 26232.3
(8,20,14,0): 19674.2
(8,20,15,0): 22588.9
(8,20,16,0): 13116.1
(8,20,17,0): 16030.8
(8,20,18,0): 6558.07
(8,20,19,0): 9472.77
(8,20,20,0): 17488.2
(8,20,21,0): 17488.2
(8,20,22,0): 17488.2
(8,20,23,0): 17488.2
(8,21,0,0): 3338.41
(8,21,1,0): 3755.71
(8,21,2,0): 4277.34
(8,21,3,0): 4694.64
(8,21,4,0): 3338.41
(8,21,5,0): 3755.71
(8,21,6,0): 2399.48
(8,21,7,0): 2816.78
(8,21,8,0): 1460.55
(8,21,9,0): 1877.86
(8,21,10,0): 2399.48
(8,21,11,0): 2816.78
(8,21,12,0): 3338.41
(8,21,13,0): 3755.71
(8,21,14,0): 2816.78
(8,21,15,0): 3234.08
(8,21,16,0): 1877.86
(8,21,17,0): 2295.16
(8,21,18,0): 938.928
(8,21,19,0): 1356.23
(8,21,20,0): 2503.81
(8,21,21,0): 2503.81
(8,21,22,0): 2503.81
(8,21,23,0): 2503.81
(8,22,0,15): 23317.6
(8,22,1,15): 26232.3
(8,22,2,15): 29875.7
(8,22,3,15): 32790.4
(8,22,4,15): 23317.6
(8,22,5,15): 26232.3
(8,22,6,15): 16759.5
(8,22,7,15): 19674.2
(8,22,8,15): 10201.4
(8,22,9,15): 13116.1
(8,22,10,15): 16759.5
(8,22,11,15): 19674.2
(8,22,12,15): 23317.6
(8,22,13,15): 26232.3
(8,22,14,15): 19674.2
(8,22,15,15): 22588.9
(8,22,16,15): 13116.1
(8,22,17,15): 16030.8
(8,22,18,15): 6558.07
(8,22,19,15): 9472.77
(8,22,20,15): 17488.2
(8,22,21,15): 17488.2
(8,22,22,15): 17488.2
(8,22,23,15): 17488.2
(8,23,0,15): 3338.41
(8,23,1,15): 3755.71
(8,23,2,15): 4277.34
(8,23,3,15): 4694.64
(8,23,4,15): 3338.41
(8,23,5,15): 3755.71
(8,23,6,15): 2399.48
(8,23,7,15): 2816.78
(8,23,8,15): 1460.55
(8,23,9,15): 1877.86
(8,23,10,15): 2399.48
(8,23,11,15): 2816.78
(8,23,12,15): 3338.41
(8,23,13,15): 3755.71
(8,23,14,15): 2816.78
(8,23,15,15): 3234.08
(8,23,16,15): 1877.86
(8,23,17,15): 2295.16
(8,23,18,15): 938.928
(8,23,19,15): 1356.23
(8,23,20,15): 2503.81
(8,23,21,15): 2503.81
(8,23,22,15): 2503.81
(8,23,23,15): 2503.81
(9,0,0,2): 29988
(9,0,1,2): 33320
(9,0,2,2): 37485
(9,0,3,2): 40817
(9,0,4,2): 29988
(9,0,5,2): 33320
(9,0,6,2): 22491
(9,0,7,2): 25823
(9,0,8,2): 14994
(9,0,9,2): 18326
(9,0,10,2): 22491
(9,0,11,2): 25823
(9,0,12,2): 29988
(9,0,13,2): 33320
(9,0,14,2): 25823
(9,0,15,2): 29155
(9,0,16,2): 18326
(9,0,17,2): 21658
(9,0,18,2): 10829
(9,0,19,2): 14161
(9,0,20,2): 23324
(9,0,21,2): 23324
(9,0,22,2): 23324
(9,0,23,2): 23324
(9,1,0,3): 27824.2
(9,1,1,3): 30915.8
(9,1,2,3): 34780.2
(9,1,3,3): 37871.8
(9,1,4,3): 27824.2
(9,1,5,3): 30915.8
(9,1,6,3): 20868.1
(9,1,7,3): 23959.7
(9,1,8,3): 13912.1
(9,1,9,3): 17003.7
(9,1,10,3): 20868.1
(9,1,11,3): 23959.7
(9,1,12,3): 27824.2
(9,1,13,3): 30915.8
(9,1,14,3): 23959.7
(9,1,15,3): 27051.3
(9,1,16,3): 17003.7
(9,1,17,3): 20095.3
(9,1,18,3): 10047.6
(9,1,19,3): 13139.2
(9,1,20,3): 21641
(9,1,21,3): 21641
(9,1,22,3): 21641
(9,1,23,3): 21641
(9,2,0,4): 32151.8
(9,2,1,4): 35724.2
(9,2,2,4): 40189.8
(9,2,3,4): 43762.2
(9,2,4,4): 32151.8
(9,2,5,4): 35724.2
(9,2,6,4): 24113.9
(9,2,7,4): 27686.3
(9,2,8,4): 16075.9
(9,2,9,4): 19648.3
(9,2,10,4): 24113.9
(9,2,11,4): 27686.3
(9,2,12,4): 32151.8
(9,2,13,4): 35724.2
(9,2,14,4): 27686.3
(9,2,15,4): 31258.7
(9,2,16,4): 19648.3
(9,2,17,4): 23220.7
(9,2,18,4): 11610.4
(9,2,19,4): 15182.8
(9,2,20,4): 25007
(9,2,21,4): 25007
(9,2,22,4): 25007
(9,2,23,4): 25007
(9,3,0,6): 27824.2
(9,3,1,6): 30915.8
(9,3,2,6): 34780.2
(9,3,3,6): 37871.8
(9,3,4,6): 27824.2
(9,3,5,6): 30915.8
(9,3,6,6): 20868.1
(9,3,7,6): 23959.7
(9,3,8,6): 13912.1
(9,3,9,6): 17003.7
(9,3,10,6): 20868.1
(9,3,11,6): 23959.7
(9,3,12,6): 27824.2
(9,3,13,6): 30915.8
(9,3,14,6): 23959.7
(9,3,15,6): 27051.3
(9,3,16,6): 17003.7
(9,3,17,6): 20095.3
(9,3,18,6): 10047.6
(9,3,19,6): 13139.2
(9,3,20,6): 21641
(9,3,21,6): 21641
(9,3,22,6): 21641
(9,3,23,6): 21641
(9,4,0,6): 32151.8
(9,4,1,6): 35724.2
(9,4,2,6): 40189.8
(9,4,3,6): 43762.2
(9,4,4,6): 32151.8
(9,4,5,6): 35724.2
(9,4,6,6): 24113.9
(9,4,7,6): 27686.3
(9,4,8,6): 16075.9
(9,4,9,6): 19648.3
(9,4,10,6): 24113.9
(9,4,11,6): 27686.3
(9,4,12,6): 32151.8
(9,4,13,6): 35724.2
(9,4,14,6): 27686.3
(9,4,15,6): 31258.7
(9,4,16,6): 19648.3
(9,4,17,6): 23220.7
(9,4,18,6): 11610.4
(9,4,19,6): 15182.8
(9,4,20,6): 25007
(9,4,21,6): 25007
(9,4,22,6): 25007
(9,4,23,6): 25007
(9,5,0,7): 12320.1
(9,5,0,8): 47655.9
(9,5,1,7): 13689
(9,5,1,8): 52951
(9,5,2,7): 15400.1
(9,5,2,8): 59569.9
(9,5,3,7): 16769
(9,5,3,8): 64865
(9,5,4,7): 12320.1
(9,5,4,8): 47655.9
(9,5,5,7): 13689
(9,5,5,8): 52951
(9,5,6,7): 9240.06
(9,5,6,8): 35741.9
(9,5,7,7): 10609
(9,5,7,8): 41037
(9,5,8,7): 6160.04
(9,5,8,8): 23828
(9,5,9,7): 7528.94
(9,5,9,8): 29123.1
(9,5,10,7): 9240.06
(9,5,10,8): 35741.9
(9,5,11,7): 10609
(9,5,11,8): 41037
(9,5,12,7): 12320.1
(9,5,12,8): 47655.9
(9,5,13,7): 13689
(9,5,13,8): 52951
(9,5,14,7): 10609
(9,5,14,8): 41037
(9,5,15,7): 11977.9
(9,5,15,8): 46332.1
(9,5,16,7): 7528.94
(9,5,16,8): 29123.1
(9,5,17,7): 8897.83
(9,5,17,8): 34418.2
(9,5,18,7): 4448.92
(9,5,18,8): 17209.1
(9,5,19,7): 5817.81
(9,5,19,8): 22504.2
(9,5,20,7): 9582.28
(9,5,20,8): 37065.7
(9,5,21,7): 9582.28
(9,5,21,8): 37065.7
(9,5,22,7): 9582.28
(9,5,22,8): 37065.7
(9,5,23,7): 9582.28
(9,5,23,8): 37065.7
(9,6,0,10): 29988
(9,6,0,17): 29988
(9,6,1,10): 33320
(9,6,1,17): 33320
(9,6,2,10): 37485
(9,6,2,17): 37485
(9,6,3,10): 40817
(9,6,3,17): 40817
(9,6,4,10): 29988
(9,6,4,17): 29988
(9,6,5,10): 33320
(9,6,5,17): 33320
(9,6,6,10): 22491
(9,6,6,17): 22491
(9,6,7,10): 25823
(9,6,7,17): 25823
(9,6,8,10): 14994
(9,6,8,17): 14994
(9,6,9,10): 18326
(9,6,9,17): 18326
(9,6,10,10): 22491
(9,6,10,17): 22491
(9,6,11,10): 25823
(9,6,11,17): 25823
(9,6,12,10): 29988
(9,6,12,17): 29988
(9,6,13,10): 33320
(9,6,13,17): 33320
(9,6,14,10): 25823
(9,6,14,17): 25823
(9,6,15,10): 29155
(9,6,15,17): 29155
(9,6,16,10): 18326
(9,6,16,17): 18326
(9,6,17,10): 21658
(9,6,17,17): 21658
(9,6,18,10): 10829
(9,6,18,17): 10829
(9,6,19,10): 14161
(9,6,19,17): 14161
(9,6,20,10): 23324
(9,6,20,17): 23324
(9,6,21,10): 23324
(9,6,21,17): 23324
(9,6,22,10): 23324
(9,6,22,17): 23324
(9,6,23,10): 23324
(9,6,23,17): 23324
(9,7,0,9): 12320.1
(9,7,1,9): 13689
(9,7,2,9): 15400.1
(9,7,3,9): 16769
(9,7,4,9): 12320.1
(9,7,5,9): 13689
(9,7,6,9): 9240.06
(9,7,7,9): 10609
(9,7,8,9): 6160.04
(9,7,9,9): 7528.94
(9,7,10,9): 9240.06
(9,7,11,9): 10609
(9,7,12,9): 12320.1
(9,7,13,9): 13689
(9,7,14,9): 10609
(9,7,15,9): 11977.9
(9,7,16,9): 7528.94
(9,7,17,9): 8897.83
(9,7,18,9): 4448.92
(9,7,19,9): 5817.81
(9,7,20,9): 9582.28
(9,7,21,9): 9582.28
(9,7,22,9): 9582.28
(9,7,23,9): 9582.28
(9,8,0,9): 17667.9
(9,8,0,16): 29988
(9,8,1,9): 19631
(9,8,1,16): 33320
(9,8,2,9): 22084.9
(9,8,2,16): 37485
(9,8,3,9): 24048
(9,8,3,16): 40817
(9,8,4,9): 17667.9
(9,8,4,16): 29988
(9,8,5,9): 19631
(9,8,5,16): 33320
(9,8,6,9): 13250.9
(9,8,6,16): 22491
(9,8,7,9): 15214
(9,8,7,16): 25823
(9,8,8,9): 8833.96
(9,8,8,16): 14994
(9,8,9,9): 10797.1
(9,8,9,16): 18326
(9,8,10,9): 13250.9
(9,8,10,16): 22491
(9,8,11,9): 15214
(9,8,11,16): 25823
(9,8,12,9): 17667.9
(9,8,12,16): 29988
(9,8,13,9): 19631
(9,8,13,16): 33320
(9,8,14,9): 15214
(9,8,14,16): 25823
(9,8,15,9): 17177.1
(9,8,15,16): 29155
(9,8,16,9): 10797.1
(9,8,16,16): 18326
(9,8,17,9): 12760.2
(9,8,17,16): 21658
(9,8,18,9): 6380.08
(9,8,18,16): 10829
(9,8,19,9): 8343.19
(9,8,19,16): 14161
(9,8,20,9): 13741.7
(9,8,20,16): 23324
(9,8,21,9): 13741.7
(9,8,21,16): 23324
(9,8,22,9): 13741.7
(9,8,22,16): 23324
(9,8,23,9): 13741.7
(9,8,23,16): 23324
(9,9,0,5): 29988
(9,9,1,5): 33320
(9,9,2,5): 37485
(9,9,3,5): 40817
(9,9,4,5): 29988
(9,9,5,5): 33320
(9,9,6,5): 22491
(9,9,7,5): 25823
(9,9,8,5): 14994
(9,9,9,5): 18326
(9,9,10,5): 22491
(9,9,11,5): 25823
(9,9,12,5): 29988
(9,9,13,5): 33320
(9,9,14,5): 25823
(9,9,15,5): 29155
(9,9,16,5): 18326
(9,9,17,5): 21658
(9,9,18,5): 10829
(9,9,19,5): 14161
(9,9,20,5): 23324
(9,9,21,5): 23324
(9,9,22,5): 23324
(9,9,23,5): 23324
(9,10,0,12): 29988
(9,10,1,12): 33320
(9,10,2,12): 37485
(9,10,3,12): 40817
(9,10,4,12): 29988
(9,10,5,12): 33320
(9,10,6,12): 22491
(9,10,7,12): 25823
(9,10,8,12): 14994
(9,10,9,12): 18326
(9,10,10,12): 22491
(9,10,11,12): 25823
(9,10,12,12): 29988
(9,10,13,12): 33320
(9,10,14,12): 25823
(9,10,15,12): 29155
(9,10,16,12): 18326
(9,10,17,12): 21658
(9,10,18,12): 10829
(9,10,19,12): 14161
(9,10,20,12): 23324
(9,10,21,12): 23324
(9,10,22,12): 23324
(9,10,23,12): 23324
(9,11,0,18): 5137.79
(9,11,1,18): 5708.66
(9,11,2,18): 6422.24
(9,11,3,18): 6993.1
(9,11,4,18): 5137.79
(9,11,5,18): 5708.66
(9,11,6,18): 3853.34
(9,11,7,18): 4424.21
(9,11,8,18): 2568.9
(9,11,9,18): 3139.76
(9,11,10,18): 3853.34
(9,11,11,18): 4424.21
(9,11,12,18): 5137.79
(9,11,13,18): 5708.66
(9,11,14,18): 4424.21
(9,11,15,18): 4995.07
(9,11,16,18): 3139.76
(9,11,17,18): 3710.63
(9,11,18,18): 1855.31
(9,11,19,18): 2426.18
(9,11,20,18): 3996.06
(9,11,21,18): 3996.06
(9,11,22,18): 3996.06
(9,11,23,18): 3996.06
(9,12,0,13): 29988
(9,12,0,18): 24850.2
(9,12,1,13): 33320
(9,12,1,18): 27611.3
(9,12,2,13): 37485
(9,12,2,18): 31062.8
(9,12,3,13): 40817
(9,12,3,18): 33823.9
(9,12,4,13): 29988
(9,12,4,18): 24850.2
(9,12,5,13): 33320
(9,12,5,18): 27611.3
(9,12,6,13): 22491
(9,12,6,18): 18637.7
(9,12,7,13): 25823
(9,12,7,18): 21398.8
(9,12,8,13): 14994
(9,12,8,18): 12425.1
(9,12,9,13): 18326
(9,12,9,18): 15186.2
(9,12,10,13): 22491
(9,12,10,18): 18637.7
(9,12,11,13): 25823
(9,12,11,18): 21398.8
(9,12,12,13): 29988
(9,12,12,18): 24850.2
(9,12,13,13): 33320
(9,12,13,18): 27611.3
(9,12,14,13): 25823
(9,12,14,18): 21398.8
(9,12,15,13): 29155
(9,12,15,18): 24159.9
(9,12,16,13): 18326
(9,12,16,18): 15186.2
(9,12,17,13): 21658
(9,12,17,18): 17947.4
(9,12,18,13): 10829
(9,12,18,18): 8973.69
(9,12,19,13): 14161
(9,12,19,18): 11734.8
(9,12,20,13): 23324
(9,12,20,18): 19327.9
(9,12,21,13): 23324
(9,12,21,18): 19327.9
(9,12,22,13): 23324
(9,12,22,18): 19327.9
(9,12,23,13): 23324
(9,12,23,18): 19327.9
(9,13,0,14): 29988
(9,13,1,14): 33320
(9,13,2,14): 37485
(9,13,3,14): 40817
(9,13,4,14): 29988
(9,13,5,14): 33320
(9,13,6,14): 22491
(9,13,7,14): 25823
(9,13,8,14): 14994
(9,13,9,14): 18326
(9,13,10,14): 22491
(9,13,11,14): 25823
(9,13,12,14): 29988
(9,13,13,14): 33320
(9,13,14,14): 25823
(9,13,15,14): 29155
(9,13,16,14): 18326
(9,13,17,14): 21658
(9,13,18,14): 10829
(9,13,19,14): 14161
(9,13,20,14): 23324
(9,13,21,14): 23324
(9,13,22,14): 23324
(9,13,23,14): 23324
(9,14,0,20): 26232.3
(9,14,0,21): 3755.71
(9,14,1,20): 29147
(9,14,1,21): 4173.01
(9,14,2,20): 32790.4
(9,14,2,21): 4694.64
(9,14,3,20): 35705.1
(9,14,3,21): 5111.94
(9,14,4,20): 26232.3
(9,14,4,21): 3755.71
(9,14,5,20): 29147
(9,14,5,21): 4173.01
(9,14,6,20): 19674.2
(9,14,6,21): 2816.78
(9,14,7,20): 22588.9
(9,14,7,21): 3234.08
(9,14,8,20): 13116.1
(9,14,8,21): 1877.86
(9,14,9,20): 16030.8
(9,14,9,21): 2295.16
(9,14,10,20): 19674.2
(9,14,10,21): 2816.78
(9,14,11,20): 22588.9
(9,14,11,21): 3234.08
(9,14,12,20): 26232.3
(9,14,12,21): 3755.71
(9,14,13,20): 29147
(9,14,13,21): 4173.01
(9,14,14,20): 22588.9
(9,14,14,21): 3234.08
(9,14,15,20): 25503.6
(9,14,15,21): 3651.39
(9,14,16,20): 16030.8
(9,14,16,21): 2295.16
(9,14,17,20): 18945.5
(9,14,17,21): 2712.46
(9,14,18,20): 9472.77
(9,14,18,21): 1356.23
(9,14,19,20): 12387.5
(9,14,19,21): 1773.53
(9,14,20,20): 20402.9
(9,14,20,21): 2921.11
(9,14,21,20): 20402.9
(9,14,21,21): 2921.11
(9,14,22,20): 20402.9
(9,14,22,21): 2921.11
(9,14,23,20): 20402.9
(9,14,23,21): 2921.11
(9,15,0,1): 27824.2
(9,15,0,2): 2163.8
(9,15,1,1): 30915.8
(9,15,1,2): 2404.23
(9,15,2,1): 34780.2
(9,15,2,2): 2704.76
(9,15,3,1): 37871.8
(9,15,3,2): 2945.18
(9,15,4,1): 27824.2
(9,15,4,2): 2163.8
(9,15,5,1): 30915.8
(9,15,5,2): 2404.23
(9,15,6,1): 20868.1
(9,15,6,2): 1622.85
(9,15,7,1): 23959.7
(9,15,7,2): 1863.28
(9,15,8,1): 13912.1
(9,15,8,2): 1081.9
(9,15,9,1): 17003.7
(9,15,9,2): 1322.32
(9,15,10,1): 20868.1
(9,15,10,2): 1622.85
(9,15,11,1): 23959.7
(9,15,11,2): 1863.28
(9,15,12,1): 27824.2
(9,15,12,2): 2163.8
(9,15,13,1): 30915.8
(9,15,13,2): 2404.23
(9,15,14,1): 23959.7
(9,15,14,2): 1863.28
(9,15,15,1): 27051.3
(9,15,15,2): 2103.7
(9,15,16,1): 17003.7
(9,15,16,2): 1322.32
(9,15,17,1): 20095.3
(9,15,17,2): 1562.75
(9,15,18,1): 10047.6
(9,15,18,2): 781.374
(9,15,19,1): 13139.2
(9,15,19,2): 1021.8
(9,15,20,1): 21641
(9,15,20,2): 1682.96
(9,15,21,1): 21641
(9,15,21,2): 1682.96
(9,15,22,1): 21641
(9,15,22,2): 1682.96
(9,15,23,1): 21641
(9,15,23,2): 1682.96
(9,16,0,5): 29988
(9,16,1,5): 33320
(9,16,2,5): 37485
(9,16,3,5): 40817
(9,16,4,5): 29988
(9,16,5,5): 33320
(9,16,6,5): 22491
(9,16,7,5): 25823
(9,16,8,5): 14994
(9,16,9,5): 18326
(9,16,10,5): 22491
(9,16,11,5): 25823
(9,16,12,5): 29988
(9,16,13,5): 33320
(9,16,14,5): 25823
(9,16,15,5): 29155
(9,16,16,5): 18326
(9,16,17,5): 21658
(9,16,18,5): 10829
(9,16,19,5): 14161
(9,16,20,5): 23324
(9,16,21,5): 23324
(9,16,22,5): 23324
(9,16,23,5): 23324
(9,17,0,11): 5137.79
(9,17,0,12): 24850.2
(9,17,1,11): 5708.66
(9,17,1,12): 27611.3
(9,17,2,11): 6422.24
(9,17,2,12): 31062.8
(9,17,3,11): 6993.1
(9,17,3,12): 33823.9
(9,17,4,11): 5137.79
(9,17,4,12): 24850.2
(9,17,5,11): 5708.66
(9,17,5,12): 27611.3
(9,17,6,11): 3853.34
(9,17,6,12): 18637.7
(9,17,7,11): 4424.21
(9,17,7,12): 21398.8
(9,17,8,11): 2568.9
(9,17,8,12): 12425.1
(9,17,9,11): 3139.76
(9,17,9,12): 15186.2
(9,17,10,11): 3853.34
(9,17,10,12): 18637.7
(9,17,11,11): 4424.21
(9,17,11,12): 21398.8
(9,17,12,11): 5137.79
(9,17,12,12): 24850.2
(9,17,13,11): 5708.66
(9,17,13,12): 27611.3
(9,17,14,11): 4424.21
(9,17,14,12): 21398.8
(9,17,15,11): 4995.07
(9,17,15,12): 24159.9
(9,17,16,11): 3139.76
(9,17,16,12): 15186.2
(9,17,17,11): 3710.63
(9,17,17,12): 17947.4
(9,17,18,11): 1855.31
(9,17,18,12): 8973.69
(9,17,19,11): 2426.18
(9,17,19,12): 11734.8
(9,17,20,11): 3996.06
(9,17,20,12): 19327.9
(9,17,21,11): 3996.06
(9,17,21,12): 19327.9
(9,17,22,11): 3996.06
(9,17,22,12): 19327.9
(9,17,23,11): 3996.06
(9,17,23,12): 19327.9
(9,18,0,19): 29988
(9,18,1,19): 33320
(9,18,2,19): 37485
(9,18,3,19): 40817
(9,18,4,19): 29988
(9,18,5,19): 33320
(9,18,6,19): 22491
(9,18,7,19): 25823
(9,18,8,19): 14994
(9,18,9,19): 18326
(9,18,10,19): 22491
(9,18,11,19): 25823
(9,18,12,19): 29988
(9,18,13,19): 33320
(9,18,14,19): 25823
(9,18,15,19): 29155
(9,18,16,19): 18326
(9,18,17,19): 21658
(9,18,18,19): 10829
(9,18,19,19): 14161
(9,18,20,19): 23324
(9,18,21,19): 23324
(9,18,22,19): 23324
(9,18,23,19): 23324
(9,19,0,22): 26232.3
(9,19,0,23): 3755.71
(9,19,1,22): 29147
(9,19,1,23): 4173.01
(9,19,2,22): 32790.4
(9,19,2,23): 4694.64
(9,19,3,22): 35705.1
(9,19,3,23): 5111.94
(9,19,4,22): 26232.3
(9,19,4,23): 3755.71
(9,19,5,22): 29147
(9,19,5,23): 4173.01
(9,19,6,22): 19674.2
(9,19,6,23): 2816.78
(9,19,7,22): 22588.9
(9,19,7,23): 3234.08
(9,19,8,22): 13116.1
(9,19,8,23): 1877.86
(9,19,9,22): 16030.8
(9,19,9,23): 2295.16
(9,19,10,22): 19674.2
(9,19,10,23): 2816.78
(9,19,11,22): 22588.9
(9,19,11,23): 3234.08
(9,19,12,22): 26232.3
(9,19,12,23): 3755.71
(9,19,13,22): 29147
(9,19,13,23): 4173.01
(9,19,14,22): 22588.9
(9,19,14,23): 3234.08
(9,19,15,22): 25503.6
(9,19,15,23): 3651.39
(9,19,16,22): 16030.8
(9,19,16,23): 2295.16
(9,19,17,22): 18945.5
(9,19,17,23): 2712.46
(9,19,18,22): 9472.77
(9,19,18,23): 1356.23
(9,19,19,22): 12387.5
(9,19,19,23): 1773.53
(9,19,20,22): 20402.9
(9,19,20,23): 2921.11
(9,19,21,22): 20402.9
(9,19,21,23): 2921.11
(9,19,22,22): 20402.9
(9,19,22,23): 2921.11
(9,19,23,22): 20402.9
(9,19,23,23): 2921.11
(9,20,0,0): 26232.3
(9,20,1,0): 29147
(9,20,2,0): 32790.4
(9,20,3,0): 35705.1
(9,20,4,0): 26232.3
(9,20,5,0): 29147
(9,20,6,0): 19674.2
(9,20,7,0): 22588.9
(9,20,8,0): 13116.1
(9,20,9,0): 16030.8
(9,20,10,0): 19674.2
(9,20,11,0): 22588.9
(9,20,12,0): 26232.3
(9,20,13,0): 29147
(9,20,14,0): 22588.9
(9,20,15,0): 25503.6
(9,20,16,0): 16030.8
(9,20,17,0): 18945.5
(9,20,18,0): 9472.77
(9,20,19,0): 12387.5
(9,20,20,0): 20402.9
(9,20,21,0): 20402.9
(9,20,22,0): 20402.9
(9,20,23,0): 20402.9
(9,21,0,0): 3755.71
(9,21,1,0): 4173.01
(9,21,2,0): 4694.64
(9,21,3,0): 5111.94
(9,21,4,0): 3755.71
(9,21,5,0): 4173.01
(9,21,6,0): 2816.78
(9,21,7,0): 3234.08
(9,21,8,0): 1877.86
(9,21,9,0): 2295.16
(9,21,10,0): 2816.78
(9,21,11,0): 3234.08
(9,21,12,0): 3755.71
(9,21,13,0): 4173.01
(9,21,14,0): 3234.08
(9,21,15,0): 3651.39
(9,21,16,0): 2295.16
(9,21,17,0): 2712.46
(9,21,18,0): 1356.23
(9,21,19,0): 1773.53
(9,21,20,0): 2921.11
(9,21,21,0): 2921.11
(9,21,22,0): 2921.11
(9,21,23,0): 2921.11
(9,22,0,15): 26232.3
(9,22,1,15): 29147
(9,22,2,15): 32790.4
(9,22,3,15): 35705.1
(9,22,4,15): 26232.3
(9,22,5,15): 29147
(9,22,6,15): 19674.2
(9,22,7,15): 22588.9
(9,22,8,15): 13116.1
(9,22,9,15): 16030.8
(9,22,10,15): 19674.2
(9,22,11,15): 22588.9
(9,22,12,15): 26232.3
(9,22,13,15): 29147
(9,22,14,15): 22588.9
(9,22,15,15): 25503.6
(9,22,16,15): 16030.8
(9,22,17,15): 18945.5
(9,22,18,15): 9472.77
(9,22,19,15): 12387.5
(9,22,20,15): 20402.9
(9,22,21,15): 20402.9
(9,22,22,15): 20402.9
(9,22,23,15): 20402.9
(9,23,0,15): 3755.71
(9,23,1,15): 4173.01
(9,23,2,15): 4694.64
(9,23,3,15): 5111.94
(9,23,4,15): 3755.71
(9,23,5,15): 4173.01
(9,23,6,15): 2816.78
(9,23,7,15): 3234.08
(9,23,8,15): 1877.86
(9,23,9,15): 2295.16
(9,23,10,15): 2816.78
(9,23,11,15): 3234.08
(9,23,12,15): 3755.71
(9,23,13,15): 4173.01
(9,23,14,15): 3234.08
(9,23,15,15): 3651.39
(9,23,16,15): 2295.16
(9,23,17,15): 2712.46
(9,23,18,15): 1356.23
(9,23,19,15): 1773.53
(9,23,20,15): 2921.11
(9,23,21,15): 2921.11
(9,23,22,15): 2921.11
(9,23,23,15): 2921.11
(10,0,0,2): 19159
(10,0,1,2): 22491
(10,0,2,2): 26656
(10,0,3,2): 29988
(10,0,4,2): 34153
(10,0,5,2): 37485
(10,0,6,2): 26656
(10,0,7,2): 29988
(10,0,8,2): 19159
(10,0,9,2): 22491
(10,0,10,2): 11662
(10,0,11,2): 14994
(10,0,12,2): 19159
(10,0,13,2): 22491
(10,0,14,2): 26656
(10,0,15,2): 29988
(10,0,16,2): 22491
(10,0,17,2): 25823
(10,0,18,2): 14994
(10,0,19,2): 18326
(10,0,20,2): 9163
(10,0,21,2): 9163
(10,0,22,2): 9163
(10,0,23,2): 9163
(10,1,0,3): 17776.6
(10,1,1,3): 20868.1
(10,1,2,3): 24732.6
(10,1,3,3): 27824.2
(10,1,4,3): 31688.7
(10,1,5,3): 34780.2
(10,1,6,3): 24732.6
(10,1,7,3): 27824.2
(10,1,8,3): 17776.6
(10,1,9,3): 20868.1
(10,1,10,3): 10820.5
(10,1,11,3): 13912.1
(10,1,12,3): 17776.6
(10,1,13,3): 20868.1
(10,1,14,3): 24732.6
(10,1,15,3): 27824.2
(10,1,16,3): 20868.1
(10,1,17,3): 23959.7
(10,1,18,3): 13912.1
(10,1,19,3): 17003.7
(10,1,20,3): 8501.84
(10,1,21,3): 8501.84
(10,1,22,3): 8501.84
(10,1,23,3): 8501.84
(10,2,0,4): 20541.4
(10,2,1,4): 24113.9
(10,2,2,4): 28579.4
(10,2,3,4): 32151.8
(10,2,4,4): 36617.3
(10,2,5,4): 40189.8
(10,2,6,4): 28579.4
(10,2,7,4): 32151.8
(10,2,8,4): 20541.4
(10,2,9,4): 24113.9
(10,2,10,4): 12503.5
(10,2,11,4): 16075.9
(10,2,12,4): 20541.4
(10,2,13,4): 24113.9
(10,2,14,4): 28579.4
(10,2,15,4): 32151.8
(10,2,16,4): 24113.9
(10,2,17,4): 27686.3
(10,2,18,4): 16075.9
(10,2,19,4): 19648.3
(10,2,20,4): 9824.16
(10,2,21,4): 9824.16
(10,2,22,4): 9824.16
(10,2,23,4): 9824.16
(10,3,0,6): 17776.6
(10,3,1,6): 20868.1
(10,3,2,6): 24732.6
(10,3,3,6): 27824.2
(10,3,4,6): 31688.7
(10,3,5,6): 34780.2
(10,3,6,6): 24732.6
(10,3,7,6): 27824.2
(10,3,8,6): 17776.6
(10,3,9,6): 20868.1
(10,3,10,6): 10820.5
(10,3,11,6): 13912.1
(10,3,12,6): 17776.6
(10,3,13,6): 20868.1
(10,3,14,6): 24732.6
(10,3,15,6): 27824.2
(10,3,16,6): 20868.1
(10,3,17,6): 23959.7
(10,3,18,6): 13912.1
(10,3,19,6): 17003.7
(10,3,20,6): 8501.84
(10,3,21,6): 8501.84
(10,3,22,6): 8501.84
(10,3,23,6): 8501.84
(10,4,0,6): 20541.4
(10,4,1,6): 24113.9
(10,4,2,6): 28579.4
(10,4,3,6): 32151.8
(10,4,4,6): 36617.3
(10,4,5,6): 40189.8
(10,4,6,6): 28579.4
(10,4,7,6): 32151.8
(10,4,8,6): 20541.4
(10,4,9,6): 24113.9
(10,4,10,6): 12503.5
(10,4,11,6): 16075.9
(10,4,12,6): 20541.4
(10,4,13,6): 24113.9
(10,4,14,6): 28579.4
(10,4,15,6): 32151.8
(10,4,16,6): 24113.9
(10,4,17,6): 27686.3
(10,4,18,6): 16075.9
(10,4,19,6): 19648.3
(10,4,20,6): 9824.16
(10,4,21,6): 9824.16
(10,4,22,6): 9824.16
(10,4,23,6): 9824.16
(10,5,0,7): 7871.16
(10,5,0,8): 30446.8
(10,5,1,7): 9240.06
(10,5,1,8): 35741.9
(10,5,2,7): 10951.2
(10,5,2,8): 42360.8
(10,5,3,7): 12320.1
(10,5,3,8): 47655.9
(10,5,4,7): 14031.2
(10,5,4,8): 54274.8
(10,5,5,7): 15400.1
(10,5,5,8): 59569.9
(10,5,6,7): 10951.2
(10,5,6,8): 42360.8
(10,5,7,7): 12320.1
(10,5,7,8): 47655.9
(10,5,8,7): 7871.16
(10,5,8,8): 30446.8
(10,5,9,7): 9240.06
(10,5,9,8): 35741.9
(10,5,10,7): 4791.14
(10,5,10,8): 18532.9
(10,5,11,7): 6160.04
(10,5,11,8): 23828
(10,5,12,7): 7871.16
(10,5,12,8): 30446.8
(10,5,13,7): 9240.06
(10,5,13,8): 35741.9
(10,5,14,7): 10951.2
(10,5,14,8): 42360.8
(10,5,15,7): 12320.1
(10,5,15,8): 47655.9
(10,5,16,7): 9240.06
(10,5,16,8): 35741.9
(10,5,17,7): 10609
(10,5,17,8): 41037
(10,5,18,7): 6160.04
(10,5,18,8): 23828
(10,5,19,7): 7528.94
(10,5,19,8): 29123.1
(10,5,20,7): 3764.47
(10,5,20,8): 14561.5
(10,5,21,7): 3764.47
(10,5,21,8): 14561.5
(10,5,22,7): 3764.47
(10,5,22,8): 14561.5
(10,5,23,7): 3764.47
(10,5,23,8): 14561.5
(10,6,0,10): 19159
(10,6,0,17): 19159
(10,6,1,10): 22491
(10,6,1,17): 22491
(10,6,2,10): 26656
(10,6,2,17): 26656
(10,6,3,10): 29988
(10,6,3,17): 29988
(10,6,4,10): 34153
(10,6,4,17): 34153
(10,6,5,10): 37485
(10,6,5,17): 37485
(10,6,6,10): 26656
(10,6,6,17): 26656
(10,6,7,10): 29988
(10,6,7,17): 29988
(10,6,8,10): 19159
(10,6,8,17): 19159
(10,6,9,10): 22491
(10,6,9,17): 22491
(10,6,10,10): 11662
(10,6,10,17): 11662
(10,6,11,10): 14994
(10,6,11,17): 14994
(10,6,12,10): 19159
(10,6,12,17): 19159
(10,6,13,10): 22491
(10,6,13,17): 22491
(10,6,14,10): 26656
(10,6,14,17): 26656
(10,6,15,10): 29988
(10,6,15,17): 29988
(10,6,16,10): 22491
(10,6,16,17): 22491
(10,6,17,10): 25823
(10,6,17,17): 25823
(10,6,18,10): 14994
(10,6,18,17): 14994
(10,6,19,10): 18326
(10,6,19,17): 18326
(10,6,20,10): 9163
(10,6,20,17): 9163
(10,6,21,10): 9163
(10,6,21,17): 9163
(10,6,22,10): 9163
(10,6,22,17): 9163
(10,6,23,10): 9163
(10,6,23,17): 9163
(10,7,0,9): 7871.16
(10,7,1,9): 9240.06
(10,7,2,9): 10951.2
(10,7,3,9): 12320.1
(10,7,4,9): 14031.2
(10,7,5,9): 15400.1
(10,7,6,9): 10951.2
(10,7,7,9): 12320.1
(10,7,8,9): 7871.16
(10,7,9,9): 9240.06
(10,7,10,9): 4791.14
(10,7,11,9): 6160.04
(10,7,12,9): 7871.16
(10,7,13,9): 9240.06
(10,7,14,9): 10951.2
(10,7,15,9): 12320.1
(10,7,16,9): 9240.06
(10,7,17,9): 10609
(10,7,18,9): 6160.04
(10,7,19,9): 7528.94
(10,7,20,9): 3764.47
(10,7,21,9): 3764.47
(10,7,22,9): 3764.47
(10,7,23,9): 3764.47
(10,8,0,9): 11287.8
(10,8,0,16): 19159
(10,8,1,9): 13250.9
(10,8,1,16): 22491
(10,8,2,9): 15704.8
(10,8,2,16): 26656
(10,8,3,9): 17667.9
(10,8,3,16): 29988
(10,8,4,9): 20121.8
(10,8,4,16): 34153
(10,8,5,9): 22084.9
(10,8,5,16): 37485
(10,8,6,9): 15704.8
(10,8,6,16): 26656
(10,8,7,9): 17667.9
(10,8,7,16): 29988
(10,8,8,9): 11287.8
(10,8,8,16): 19159
(10,8,9,9): 13250.9
(10,8,9,16): 22491
(10,8,10,9): 6870.86
(10,8,10,16): 11662
(10,8,11,9): 8833.96
(10,8,11,16): 14994
(10,8,12,9): 11287.8
(10,8,12,16): 19159
(10,8,13,9): 13250.9
(10,8,13,16): 22491
(10,8,14,9): 15704.8
(10,8,14,16): 26656
(10,8,15,9): 17667.9
(10,8,15,16): 29988
(10,8,16,9): 13250.9
(10,8,16,16): 22491
(10,8,17,9): 15214
(10,8,17,16): 25823
(10,8,18,9): 8833.96
(10,8,18,16): 14994
(10,8,19,9): 10797.1
(10,8,19,16): 18326
(10,8,20,9): 5398.53
(10,8,20,16): 9163
(10,8,21,9): 5398.53
(10,8,21,16): 9163
(10,8,22,9): 5398.53
(10,8,22,16): 9163
(10,8,23,9): 5398.53
(10,8,23,16): 9163
(10,9,0,5): 19159
(10,9,1,5): 22491
(10,9,2,5): 26656
(10,9,3,5): 29988
(10,9,4,5): 34153
(10,9,5,5): 37485
(10,9,6,5): 26656
(10,9,7,5): 29988
(10,9,8,5): 19159
(10,9,9,5): 22491
(10,9,10,5): 11662
(10,9,11,5): 14994
(10,9,12,5): 19159
(10,9,13,5): 22491
(10,9,14,5): 26656
(10,9,15,5): 29988
(10,9,16,5): 22491
(10,9,17,5): 25823
(10,9,18,5): 14994
(10,9,19,5): 18326
(10,9,20,5): 9163
(10,9,21,5): 9163
(10,9,22,5): 9163
(10,9,23,5): 9163
(10,10,0,12): 19159
(10,10,1,12): 22491
(10,10,2,12): 26656
(10,10,3,12): 29988
(10,10,4,12): 34153
(10,10,5,12): 37485
(10,10,6,12): 26656
(10,10,7,12): 29988
(10,10,8,12): 19159
(10,10,9,12): 22491
(10,10,10,12): 11662
(10,10,11,12): 14994
(10,10,12,12): 19159
(10,10,13,12): 22491
(10,10,14,12): 26656
(10,10,15,12): 29988
(10,10,16,12): 22491
(10,10,17,12): 25823
(10,10,18,12): 14994
(10,10,19,12): 18326
(10,10,20,12): 9163
(10,10,21,12): 9163
(10,10,22,12): 9163
(10,10,23,12): 9163
(10,11,0,18): 3282.48
(10,11,1,18): 3853.34
(10,11,2,18): 4566.93
(10,11,3,18): 5137.79
(10,11,4,18): 5851.37
(10,11,5,18): 6422.24
(10,11,6,18): 4566.93
(10,11,7,18): 5137.79
(10,11,8,18): 3282.48
(10,11,9,18): 3853.34
(10,11,10,18): 1998.03
(10,11,11,18): 2568.9
(10,11,12,18): 3282.48
(10,11,13,18): 3853.34
(10,11,14,18): 4566.93
(10,11,15,18): 5137.79
(10,11,16,18): 3853.34
(10,11,17,18): 4424.21
(10,11,18,18): 2568.9
(10,11,19,18): 3139.76
(10,11,20,18): 1569.88
(10,11,21,18): 1569.88
(10,11,22,18): 1569.88
(10,11,23,18): 1569.88
(10,12,0,13): 19159
(10,12,0,18): 15876.5
(10,12,1,13): 22491
(10,12,1,18): 18637.7
(10,12,2,13): 26656
(10,12,2,18): 22089.1
(10,12,3,13): 29988
(10,12,3,18): 24850.2
(10,12,4,13): 34153
(10,12,4,18): 28301.6
(10,12,5,13): 37485
(10,12,5,18): 31062.8
(10,12,6,13): 26656
(10,12,6,18): 22089.1
(10,12,7,13): 29988
(10,12,7,18): 24850.2
(10,12,8,13): 19159
(10,12,8,18): 15876.5
(10,12,9,13): 22491
(10,12,9,18): 18637.7
(10,12,10,13): 11662
(10,12,10,18): 9663.97
(10,12,11,13): 14994
(10,12,11,18): 12425.1
(10,12,12,13): 19159
(10,12,12,18): 15876.5
(10,12,13,13): 22491
(10,12,13,18): 18637.7
(10,12,14,13): 26656
(10,12,14,18): 22089.1
(10,12,15,13): 29988
(10,12,15,18): 24850.2
(10,12,16,13): 22491
(10,12,16,18): 18637.7
(10,12,17,13): 25823
(10,12,17,18): 21398.8
(10,12,18,13): 14994
(10,12,18,18): 12425.1
(10,12,19,13): 18326
(10,12,19,18): 15186.2
(10,12,20,13): 9163
(10,12,20,18): 7593.12
(10,12,21,13): 9163
(10,12,21,18): 7593.12
(10,12,22,13): 9163
(10,12,22,18): 7593.12
(10,12,23,13): 9163
(10,12,23,18): 7593.12
(10,13,0,14): 19159
(10,13,1,14): 22491
(10,13,2,14): 26656
(10,13,3,14): 29988
(10,13,4,14): 34153
(10,13,5,14): 37485
(10,13,6,14): 26656
(10,13,7,14): 29988
(10,13,8,14): 19159
(10,13,9,14): 22491
(10,13,10,14): 11662
(10,13,11,14): 14994
(10,13,12,14): 19159
(10,13,13,14): 22491
(10,13,14,14): 26656
(10,13,15,14): 29988
(10,13,16,14): 22491
(10,13,17,14): 25823
(10,13,18,14): 14994
(10,13,19,14): 18326
(10,13,20,14): 9163
(10,13,21,14): 9163
(10,13,22,14): 9163
(10,13,23,14): 9163
(10,14,0,20): 16759.5
(10,14,0,21): 2399.48
(10,14,1,20): 19674.2
(10,14,1,21): 2816.78
(10,14,2,20): 23317.6
(10,14,2,21): 3338.41
(10,14,3,20): 26232.3
(10,14,3,21): 3755.71
(10,14,4,20): 29875.7
(10,14,4,21): 4277.34
(10,14,5,20): 32790.4
(10,14,5,21): 4694.64
(10,14,6,20): 23317.6
(10,14,6,21): 3338.41
(10,14,7,20): 26232.3
(10,14,7,21): 3755.71
(10,14,8,20): 16759.5
(10,14,8,21): 2399.48
(10,14,9,20): 19674.2
(10,14,9,21): 2816.78
(10,14,10,20): 10201.4
(10,14,10,21): 1460.55
(10,14,11,20): 13116.1
(10,14,11,21): 1877.86
(10,14,12,20): 16759.5
(10,14,12,21): 2399.48
(10,14,13,20): 19674.2
(10,14,13,21): 2816.78
(10,14,14,20): 23317.6
(10,14,14,21): 3338.41
(10,14,15,20): 26232.3
(10,14,15,21): 3755.71
(10,14,16,20): 19674.2
(10,14,16,21): 2816.78
(10,14,17,20): 22588.9
(10,14,17,21): 3234.08
(10,14,18,20): 13116.1
(10,14,18,21): 1877.86
(10,14,19,20): 16030.8
(10,14,19,21): 2295.16
(10,14,20,20): 8015.42
(10,14,20,21): 1147.58
(10,14,21,20): 8015.42
(10,14,21,21): 1147.58
(10,14,22,20): 8015.42
(10,14,22,21): 1147.58
(10,14,23,20): 8015.42
(10,14,23,21): 1147.58
(10,15,0,1): 17776.6
(10,15,0,2): 1382.43
(10,15,1,1): 20868.1
(10,15,1,2): 1622.85
(10,15,2,1): 24732.6
(10,15,2,2): 1923.38
(10,15,3,1): 27824.2
(10,15,3,2): 2163.8
(10,15,4,1): 31688.7
(10,15,4,2): 2464.33
(10,15,5,1): 34780.2
(10,15,5,2): 2704.76
(10,15,6,1): 24732.6
(10,15,6,2): 1923.38
(10,15,7,1): 27824.2
(10,15,7,2): 2163.8
(10,15,8,1): 17776.6
(10,15,8,2): 1382.43
(10,15,9,1): 20868.1
(10,15,9,2): 1622.85
(10,15,10,1): 10820.5
(10,15,10,2): 841.479
(10,15,11,1): 13912.1
(10,15,11,2): 1081.9
(10,15,12,1): 17776.6
(10,15,12,2): 1382.43
(10,15,13,1): 20868.1
(10,15,13,2): 1622.85
(10,15,14,1): 24732.6
(10,15,14,2): 1923.38
(10,15,15,1): 27824.2
(10,15,15,2): 2163.8
(10,15,16,1): 20868.1
(10,15,16,2): 1622.85
(10,15,17,1): 23959.7
(10,15,17,2): 1863.28
(10,15,18,1): 13912.1
(10,15,18,2): 1081.9
(10,15,19,1): 17003.7
(10,15,19,2): 1322.32
(10,15,20,1): 8501.84
(10,15,20,2): 661.162
(10,15,21,1): 8501.84
(10,15,21,2): 661.162
(10,15,22,1): 8501.84
(10,15,22,2): 661.162
(10,15,23,1): 8501.84
(10,15,23,2): 661.162
(10,16,0,5): 19159
(10,16,1,5): 22491
(10,16,2,5): 26656
(10,16,3,5): 29988
(10,16,4,5): 34153
(10,16,5,5): 37485
(10,16,6,5): 26656
(10,16,7,5): 29988
(10,16,8,5): 19159
(10,16,9,5): 22491
(10,16,10,5): 11662
(10,16,11,5): 14994
(10,16,12,5): 19159
(10,16,13,5): 22491
(10,16,14,5): 26656
(10,16,15,5): 29988
(10,16,16,5): 22491
(10,16,17,5): 25823
(10,16,18,5): 14994
(10,16,19,5): 18326
(10,16,20,5): 9163
(10,16,21,5): 9163
(10,16,22,5): 9163
(10,16,23,5): 9163
(10,17,0,11): 3282.48
(10,17,0,12): 15876.5
(10,17,1,11): 3853.34
(10,17,1,12): 18637.7
(10,17,2,11): 4566.93
(10,17,2,12): 22089.1
(10,17,3,11): 5137.79
(10,17,3,12): 24850.2
(10,17,4,11): 5851.37
(10,17,4,12): 28301.6
(10,17,5,11): 6422.24
(10,17,5,12): 31062.8
(10,17,6,11): 4566.93
(10,17,6,12): 22089.1
(10,17,7,11): 5137.79
(10,17,7,12): 24850.2
(10,17,8,11): 3282.48
(10,17,8,12): 15876.5
(10,17,9,11): 3853.34
(10,17,9,12): 18637.7
(10,17,10,11): 1998.03
(10,17,10,12): 9663.97
(10,17,11,11): 2568.9
(10,17,11,12): 12425.1
(10,17,12,11): 3282.48
(10,17,12,12): 15876.5
(10,17,13,11): 3853.34
(10,17,13,12): 18637.7
(10,17,14,11): 4566.93
(10,17,14,12): 22089.1
(10,17,15,11): 5137.79
(10,17,15,12): 24850.2
(10,17,16,11): 3853.34
(10,17,16,12): 18637.7
(10,17,17,11): 4424.21
(10,17,17,12): 21398.8
(10,17,18,11): 2568.9
(10,17,18,12): 12425.1
(10,17,19,11): 3139.76
(10,17,19,12): 15186.2
(10,17,20,11): 1569.88
(10,17,20,12): 7593.12
(10,17,21,11): 1569.88
(10,17,21,12): 7593.12
(10,17,22,11): 1569.88
(10,17,22,12): 7593.12
(10,17,23,11): 1569.88
(10,17,23,12): 7593.12
(10,18,0,19): 19159
(10,18,1,19): 22491
(10,18,2,19): 26656
(10,18,3,19): 29988
(10,18,4,19): 34153
(10,18,5,19): 37485
(10,18,6,19): 26656
(10,18,7,19): 29988
(10,18,8,19): 19159
(10,18,9,19): 22491
(10,18,10,19): 11662
(10,18,11,19): 14994
(10,18,12,19): 19159
(10,18,13,19): 22491
(10,18,14,19): 26656
(10,18,15,19): 29988
(10,18,16,19): 22491
(10,18,17,19): 25823
(10,18,18,19): 14994
(10,18,19,19): 18326
(10,18,20,19): 9163
(10,18,21,19): 9163
(10,18,22,19): 9163
(10,18,23,19): 9163
(10,19,0,22): 16759.5
(10,19,0,23): 2399.48
(10,19,1,22): 19674.2
(10,19,1,23): 2816.78
(10,19,2,22): 23317.6
(10,19,2,23): 3338.41
(10,19,3,22): 26232.3
(10,19,3,23): 3755.71
(10,19,4,22): 29875.7
(10,19,4,23): 4277.34
(10,19,5,22): 32790.4
(10,19,5,23): 4694.64
(10,19,6,22): 23317.6
(10,19,6,23): 3338.41
(10,19,7,22): 26232.3
(10,19,7,23): 3755.71
(10,19,8,22): 16759.5
(10,19,8,23): 2399.48
(10,19,9,22): 19674.2
(10,19,9,23): 2816.78
(10,19,10,22): 10201.4
(10,19,10,23): 1460.55
(10,19,11,22): 13116.1
(10,19,11,23): 1877.86
(10,19,12,22): 16759.5
(10,19,12,23): 2399.48
(10,19,13,22): 19674.2
(10,19,13,23): 2816.78
(10,19,14,22): 23317.6
(10,19,14,23): 3338.41
(10,19,15,22): 26232.3
(10,19,15,23): 3755.71
(10,19,16,22): 19674.2
(10,19,16,23): 2816.78
(10,19,17,22): 22588.9
(10,19,17,23): 3234.08
(10,19,18,22): 13116.1
(10,19,18,23): 1877.86
(10,19,19,22): 16030.8
(10,19,19,23): 2295.16
(10,19,20,22): 8015.42
(10,19,20,23): 1147.58
(10,19,21,22): 8015.42
(10,19,21,23): 1147.58
(10,19,22,22): 8015.42
(10,19,22,23): 1147.58
(10,19,23,22): 8015.42
(10,19,23,23): 1147.58
(10,20,0,0): 16759.5
(10,20,1,0): 19674.2
(10,20,2,0): 23317.6
(10,20,3,0): 26232.3
(10,20,4,0): 29875.7
(10,20,5,0): 32790.4
(10,20,6,0): 23317.6
(10,20,7,0): 26232.3
(10,20,8,0): 16759.5
(10,20,9,0): 19674.2
(10,20,10,0): 10201.4
(10,20,11,0): 13116.1
(10,20,12,0): 16759.5
(10,20,13,0): 19674.2
(10,20,14,0): 23317.6
(10,20,15,0): 26232.3
(10,20,16,0): 19674.2
(10,20,17,0): 22588.9
(10,20,18,0): 13116.1
(10,20,19,0): 16030.8
(10,20,20,0): 8015.42
(10,20,21,0): 8015.42
(10,20,22,0): 8015.42
(10,20,23,0): 8015.42
(10,21,0,0): 2399.48
(10,21,1,0): 2816.78
(10,21,2,0): 3338.41
(10,21,3,0): 3755.71
(10,21,4,0): 4277.34
(10,21,5,0): 4694.64
(10,21,6,0): 3338.41
(10,21,7,0): 3755.71
(10,21,8,0): 2399.48
(10,21,9,0): 2816.78
(10,21,10,0): 1460.55
(10,21,11,0): 1877.86
(10,21,12,0): 2399.48
(10,21,13,0): 2816.78
(10,21,14,0): 3338.41
(10,21,15,0): 3755.71
(10,21,16,0): 2816.78
(10,21,17,0): 3234.08
(10,21,18,0): 1877.86
(10,21,19,0): 2295.16
(10,21,20,0): 1147.58
(10,21,21,0): 1147.58
(10,21,22,0): 1147.58
(10,21,23,0): 1147.58
(10,22,0,15): 16759.5
(10,22,1,15): 19674.2
(10,22,2,15): 23317.6
(10,22,3,15): 26232.3
(10,22,4,15): 29875.7
(10,22,5,15): 32790.4
(10,22,6,15): 23317.6
(10,22,7,15): 26232.3
(10,22,8,15): 16759.5
(10,22,9,15): 19674.2
(10,22,10,15): 10201.4
(10,22,11,15): 13116.1
(10,22,12,15): 16759.5
(10,22,13,15): 19674.2
(10,22,14,15): 23317.6
(10,22,15,15): 26232.3
(10,22,16,15): 19674.2
(10,22,17,15): 22588.9
(10,22,18,15): 13116.1
(10,22,19,15): 16030.8
(10,22,20,15): 8015.42
(10,22,21,15): 8015.42
(10,22,22,15): 8015.42
(10,22,23,15): 8015.42
(10,23,0,15): 2399.48
(10,23,1,15): 2816.78
(10,23,2,15): 3338.41
(10,23,3,15): 3755.71
(10,23,4,15): 4277.34
(10,23,5,15): 4694.64
(10,23,6,15): 3338.41
(10,23,7,15): 3755.71
(10,23,8,15): 2399.48
(10,23,9,15): 2816.78
(10,23,10,15): 1460.55
(10,23,11,15): 1877.86
(10,23,12,15): 2399.48
(10,23,13,15): 2816.78
(10,23,14,15): 3338.41
(10,23,15,15): 3755.71
(10,23,16,15): 2816.78
(10,23,17,15): 3234.08
(10,23,18,15): 1877.86
(10,23,19,15): 2295.16
(10,23,20,15): 1147.58
(10,23,21,15): 1147.58
(10,23,22,15): 1147.58
(10,23,23,15): 1147.58
(11,0,0,2): 22491
(11,0,1,2): 25823
(11,0,2,2): 29988
(11,0,3,2): 33320
(11,0,4,2): 37485
(11,0,5,2): 40817
(11,0,6,2): 29988
(11,0,7,2): 33320
(11,0,8,2): 22491
(11,0,9,2): 25823
(11,0,10,2): 14994
(11,0,11,2): 18326
(11,0,12,2): 22491
(11,0,13,2): 25823
(11,0,14,2): 29988
(11,0,15,2): 33320
(11,0,16,2): 25823
(11,0,17,2): 29155
(11,0,18,2): 18326
(11,0,19,2): 21658
(11,0,20,2): 12495
(11,0,21,2): 12495
(11,0,22,2): 12495
(11,0,23,2): 12495
(11,1,0,3): 20868.1
(11,1,1,3): 23959.7
(11,1,2,3): 27824.2
(11,1,3,3): 30915.8
(11,1,4,3): 34780.2
(11,1,5,3): 37871.8
(11,1,6,3): 27824.2
(11,1,7,3): 30915.8
(11,1,8,3): 20868.1
(11,1,9,3): 23959.7
(11,1,10,3): 13912.1
(11,1,11,3): 17003.7
(11,1,12,3): 20868.1
(11,1,13,3): 23959.7
(11,1,14,3): 27824.2
(11,1,15,3): 30915.8
(11,1,16,3): 23959.7
(11,1,17,3): 27051.3
(11,1,18,3): 17003.7
(11,1,19,3): 20095.3
(11,1,20,3): 11593.4
(11,1,21,3): 11593.4
(11,1,22,3): 11593.4
(11,1,23,3): 11593.4
(11,2,0,4): 24113.9
(11,2,1,4): 27686.3
(11,2,2,4): 32151.8
(11,2,3,4): 35724.2
(11,2,4,4): 40189.8
(11,2,5,4): 43762.2
(11,2,6,4): 32151.8
(11,2,7,4): 35724.2
(11,2,8,4): 24113.9
(11,2,9,4): 27686.3
(11,2,10,4): 16075.9
(11,2,11,4): 19648.3
(11,2,12,4): 24113.9
(11,2,13,4): 27686.3
(11,2,14,4): 32151.8
(11,2,15,4): 35724.2
(11,2,16,4): 27686.3
(11,2,17,4): 31258.7
(11,2,18,4): 19648.3
(11,2,19,4): 23220.7
(11,2,20,4): 13396.6
(11,2,21,4): 13396.6
(11,2,22,4): 13396.6
(11,2,23,4): 13396.6
(11,3,0,6): 20868.1
(11,3,1,6): 23959.7
(11,3,2,6): 27824.2
(11,3,3,6): 30915.8
(11,3,4,6): 34780.2
(11,3,5,6): 37871.8
(11,3,6,6): 27824.2
(11,3,7,6): 30915.8
(11,3,8,6): 20868.1
(11,3,9,6): 23959.7
(11,3,10,6): 13912.1
(11,3,11,6): 17003.7
(11,3,12,6): 20868.1
(11,3,13,6): 23959.7
(11,3,14,6): 27824.2
(11,3,15,6): 30915.8
(11,3,16,6): 23959.7
(11,3,17,6): 27051.3
(11,3,18,6): 17003.7
(11,3,19,6): 20095.3
(11,3,20,6): 11593.4
(11,3,21,6): 11593.4
(11,3,22,6): 11593.4
(11,3,23,6): 11593.4
(11,4,0,6): 24113.9
(11,4,1,6): 27686.3
(11,4,2,6): 32151.8
(11,4,3,6): 35724.2
(11,4,4,6): 40189.8
(11,4,5,6): 43762.2
(11,4,6,6): 32151.8
(11,4,7,6): 35724.2
(11,4,8,6): 24113.9
(11,4,9,6): 27686.3
(11,4,10,6): 16075.9
(11,4,11,6): 19648.3
(11,4,12,6): 24113.9
(11,4,13,6): 27686.3
(11,4,14,6): 32151.8
(11,4,15,6): 35724.2
(11,4,16,6): 27686.3
(11,4,17,6): 31258.7
(11,4,18,6): 19648.3
(11,4,19,6): 23220.7
(11,4,20,6): 13396.6
(11,4,21,6): 13396.6
(11,4,22,6): 13396.6
(11,4,23,6): 13396.6
(11,5,0,7): 9240.06
(11,5,0,8): 35741.9
(11,5,1,7): 10609
(11,5,1,8): 41037
(11,5,2,7): 12320.1
(11,5,2,8): 47655.9
(11,5,3,7): 13689
(11,5,3,8): 52951
(11,5,4,7): 15400.1
(11,5,4,8): 59569.9
(11,5,5,7): 16769
(11,5,5,8): 64865
(11,5,6,7): 12320.1
(11,5,6,8): 47655.9
(11,5,7,7): 13689
(11,5,7,8): 52951
(11,5,8,7): 9240.06
(11,5,8,8): 35741.9
(11,5,9,7): 10609
(11,5,9,8): 41037
(11,5,10,7): 6160.04
(11,5,10,8): 23828
(11,5,11,7): 7528.94
(11,5,11,8): 29123.1
(11,5,12,7): 9240.06
(11,5,12,8): 35741.9
(11,5,13,7): 10609
(11,5,13,8): 41037
(11,5,14,7): 12320.1
(11,5,14,8): 47655.9
(11,5,15,7): 13689
(11,5,15,8): 52951
(11,5,16,7): 10609
(11,5,16,8): 41037
(11,5,17,7): 11977.9
(11,5,17,8): 46332.1
(11,5,18,7): 7528.94
(11,5,18,8): 29123.1
(11,5,19,7): 8897.83
(11,5,19,8): 34418.2
(11,5,20,7): 5133.37
(11,5,20,8): 19856.6
(11,5,21,7): 5133.37
(11,5,21,8): 19856.6
(11,5,22,7): 5133.37
(11,5,22,8): 19856.6
(11,5,23,7): 5133.37
(11,5,23,8): 19856.6
(11,6,0,10): 22491
(11,6,0,17): 22491
(11,6,1,10): 25823
(11,6,1,17): 25823
(11,6,2,10): 29988
(11,6,2,17): 29988
(11,6,3,10): 33320
(11,6,3,17): 33320
(11,6,4,10): 37485
(11,6,4,17): 37485
(11,6,5,10): 40817
(11,6,5,17): 40817
(11,6,6,10): 29988
(11,6,6,17): 29988
(11,6,7,10): 33320
(11,6,7,17): 33320
(11,6,8,10): 22491
(11,6,8,17): 22491
(11,6,9,10): 25823
(11,6,9,17): 25823
(11,6,10,10): 14994
(11,6,10,17): 14994
(11,6,11,10): 18326
(11,6,11,17): 18326
(11,6,12,10): 22491
(11,6,12,17): 22491
(11,6,13,10): 25823
(11,6,13,17): 25823
(11,6,14,10): 29988
(11,6,14,17): 29988
(11,6,15,10): 33320
(11,6,15,17): 33320
(11,6,16,10): 25823
(11,6,16,17): 25823
(11,6,17,10): 29155
(11,6,17,17): 29155
(11,6,18,10): 18326
(11,6,18,17): 18326
(11,6,19,10): 21658
(11,6,19,17): 21658
(11,6,20,10): 12495
(11,6,20,17): 12495
(11,6,21,10): 12495
(11,6,21,17): 12495
(11,6,22,10): 12495
(11,6,22,17): 12495
(11,6,23,10): 12495
(11,6,23,17): 12495
(11,7,0,9): 9240.06
(11,7,1,9): 10609
(11,7,2,9): 12320.1
(11,7,3,9): 13689
(11,7,4,9): 15400.1
(11,7,5,9): 16769
(11,7,6,9): 12320.1
(11,7,7,9): 13689
(11,7,8,9): 9240.06
(11,7,9,9): 10609
(11,7,10,9): 6160.04
(11,7,11,9): 7528.94
(11,7,12,9): 9240.06
(11,7,13,9): 10609
(11,7,14,9): 12320.1
(11,7,15,9): 13689
(11,7,16,9): 10609
(11,7,17,9): 11977.9
(11,7,18,9): 7528.94
(11,7,19,9): 8897.83
(11,7,20,9): 5133.37
(11,7,21,9): 5133.37
(11,7,22,9): 5133.37
(11,7,23,9): 5133.37
(11,8,0,9): 13250.9
(11,8,0,16): 22491
(11,8,1,9): 15214
(11,8,1,16): 25823
(11,8,2,9): 17667.9
(11,8,2,16): 29988
(11,8,3,9): 19631
(11,8,3,16): 33320
(11,8,4,9): 22084.9
(11,8,4,16): 37485
(11,8,5,9): 24048
(11,8,5,16): 40817
(11,8,6,9): 17667.9
(11,8,6,16): 29988
(11,8,7,9): 19631
(11,8,7,16): 33320
(11,8,8,9): 13250.9
(11,8,8,16): 22491
(11,8,9,9): 15214
(11,8,9,16): 25823
(11,8,10,9): 8833.96
(11,8,10,16): 14994
(11,8,11,9): 10797.1
(11,8,11,16): 18326
(11,8,12,9): 13250.9
(11,8,12,16): 22491
(11,8,13,9): 15214
(11,8,13,16): 25823
(11,8,14,9): 17667.9
(11,8,14,16): 29988
(11,8,15,9): 19631
(11,8,15,16): 33320
(11,8,16,9): 15214
(11,8,16,16): 25823
(11,8,17,9): 17177.1
(11,8,17,16): 29155
(11,8,18,9): 10797.1
(11,8,18,16): 18326
(11,8,19,9): 12760.2
(11,8,19,16): 21658
(11,8,20,9): 7361.63
(11,8,20,16): 12495
(11,8,21,9): 7361.63
(11,8,21,16): 12495
(11,8,22,9): 7361.63
(11,8,22,16): 12495
(11,8,23,9): 7361.63
(11,8,23,16): 12495
(11,9,0,5): 22491
(11,9,1,5): 25823
(11,9,2,5): 29988
(11,9,3,5): 33320
(11,9,4,5): 37485
(11,9,5,5): 40817
(11,9,6,5): 29988
(11,9,7,5): 33320
(11,9,8,5): 22491
(11,9,9,5): 25823
(11,9,10,5): 14994
(11,9,11,5): 18326
(11,9,12,5): 22491
(11,9,13,5): 25823
(11,9,14,5): 29988
(11,9,15,5): 33320
(11,9,16,5): 25823
(11,9,17,5): 29155
(11,9,18,5): 18326
(11,9,19,5): 21658
(11,9,20,5): 12495
(11,9,21,5): 12495
(11,9,22,5): 12495
(11,9,23,5): 12495
(11,10,0,12): 22491
(11,10,1,12): 25823
(11,10,2,12): 29988
(11,10,3,12): 33320
(11,10,4,12): 37485
(11,10,5,12): 40817
(11,10,6,12): 29988
(11,10,7,12): 33320
(11,10,8,12): 22491
(11,10,9,12): 25823
(11,10,10,12): 14994
(11,10,11,12): 18326
(11,10,12,12): 22491
(11,10,13,12): 25823
(11,10,14,12): 29988
(11,10,15,12): 33320
(11,10,16,12): 25823
(11,10,17,12): 29155
(11,10,18,12): 18326
(11,10,19,12): 21658
(11,10,20,12): 12495
(11,10,21,12): 12495
(11,10,22,12): 12495
(11,10,23,12): 12495
(11,11,0,18): 3853.34
(11,11,1,18): 4424.21
(11,11,2,18): 5137.79
(11,11,3,18): 5708.66
(11,11,4,18): 6422.24
(11,11,5,18): 6993.1
(11,11,6,18): 5137.79
(11,11,7,18): 5708.66
(11,11,8,18): 3853.34
(11,11,9,18): 4424.21
(11,11,10,18): 2568.9
(11,11,11,18): 3139.76
(11,11,12,18): 3853.34
(11,11,13,18): 4424.21
(11,11,14,18): 5137.79
(11,11,15,18): 5708.66
(11,11,16,18): 4424.21
(11,11,17,18): 4995.07
(11,11,18,18): 3139.76
(11,11,19,18): 3710.63
(11,11,20,18): 2140.75
(11,11,21,18): 2140.75
(11,11,22,18): 2140.75
(11,11,23,18): 2140.75
(11,12,0,13): 22491
(11,12,0,18): 18637.7
(11,12,1,13): 25823
(11,12,1,18): 21398.8
(11,12,2,13): 29988
(11,12,2,18): 24850.2
(11,12,3,13): 33320
(11,12,3,18): 27611.3
(11,12,4,13): 37485
(11,12,4,18): 31062.8
(11,12,5,13): 40817
(11,12,5,18): 33823.9
(11,12,6,13): 29988
(11,12,6,18): 24850.2
(11,12,7,13): 33320
(11,12,7,18): 27611.3
(11,12,8,13): 22491
(11,12,8,18): 18637.7
(11,12,9,13): 25823
(11,12,9,18): 21398.8
(11,12,10,13): 14994
(11,12,10,18): 12425.1
(11,12,11,13): 18326
(11,12,11,18): 15186.2
(11,12,12,13): 22491
(11,12,12,18): 18637.7
(11,12,13,13): 25823
(11,12,13,18): 21398.8
(11,12,14,13): 29988
(11,12,14,18): 24850.2
(11,12,15,13): 33320
(11,12,15,18): 27611.3
(11,12,16,13): 25823
(11,12,16,18): 21398.8
(11,12,17,13): 29155
(11,12,17,18): 24159.9
(11,12,18,13): 18326
(11,12,18,18): 15186.2
(11,12,19,13): 21658
(11,12,19,18): 17947.4
(11,12,20,13): 12495
(11,12,20,18): 10354.3
(11,12,21,13): 12495
(11,12,21,18): 10354.3
(11,12,22,13): 12495
(11,12,22,18): 10354.3
(11,12,23,13): 12495
(11,12,23,18): 10354.3
(11,13,0,14): 22491
(11,13,1,14): 25823
(11,13,2,14): 29988
(11,13,3,14): 33320
(11,13,4,14): 37485
(11,13,5,14): 40817
(11,13,6,14): 29988
(11,13,7,14): 33320
(11,13,8,14): 22491
(11,13,9,14): 25823
(11,13,10,14): 14994
(11,13,11,14): 18326
(11,13,12,14): 22491
(11,13,13,14): 25823
(11,13,14,14): 29988
(11,13,15,14): 33320
(11,13,16,14): 25823
(11,13,17,14): 29155
(11,13,18,14): 18326
(11,13,19,14): 21658
(11,13,20,14): 12495
(11,13,21,14): 12495
(11,13,22,14): 12495
(11,13,23,14): 12495
(11,14,0,20): 19674.2
(11,14,0,21): 2816.78
(11,14,1,20): 22588.9
(11,14,1,21): 3234.08
(11,14,2,20): 26232.3
(11,14,2,21): 3755.71
(11,14,3,20): 29147
(11,14,3,21): 4173.01
(11,14,4,20): 32790.4
(11,14,4,21): 4694.64
(11,14,5,20): 35705.1
(11,14,5,21): 5111.94
(11,14,6,20): 26232.3
(11,14,6,21): 3755.71
(11,14,7,20): 29147
(11,14,7,21): 4173.01
(11,14,8,20): 19674.2
(11,14,8,21): 2816.78
(11,14,9,20): 22588.9
(11,14,9,21): 3234.08
(11,14,10,20): 13116.1
(11,14,10,21): 1877.86
(11,14,11,20): 16030.8
(11,14,11,21): 2295.16
(11,14,12,20): 19674.2
(11,14,12,21): 2816.78
(11,14,13,20): 22588.9
(11,14,13,21): 3234.08
(11,14,14,20): 26232.3
(11,14,14,21): 3755.71
(11,14,15,20): 29147
(11,14,15,21): 4173.01
(11,14,16,20): 22588.9
(11,14,16,21): 3234.08
(11,14,17,20): 25503.6
(11,14,17,21): 3651.39
(11,14,18,20): 16030.8
(11,14,18,21): 2295.16
(11,14,19,20): 18945.5
(11,14,19,21): 2712.46
(11,14,20,20): 10930.1
(11,14,20,21): 1564.88
(11,14,21,20): 10930.1
(11,14,21,21): 1564.88
(11,14,22,20): 10930.1
(11,14,22,21): 1564.88
(11,14,23,20): 10930.1
(11,14,23,21): 1564.88
(11,15,0,1): 20868.1
(11,15,0,2): 1622.85
(11,15,1,1): 23959.7
(11,15,1,2): 1863.28
(11,15,2,1): 27824.2
(11,15,2,2): 2163.8
(11,15,3,1): 30915.8
(11,15,3,2): 2404.23
(11,15,4,1): 34780.2
(11,15,4,2): 2704.76
(11,15,5,1): 37871.8
(11,15,5,2): 2945.18
(11,15,6,1): 27824.2
(11,15,6,2): 2163.8
(11,15,7,1): 30915.8
(11,15,7,2): 2404.23
(11,15,8,1): 20868.1
(11,15,8,2): 1622.85
(11,15,9,1): 23959.7
(11,15,9,2): 1863.28
(11,15,10,1): 13912.1
(11,15,10,2): 1081.9
(11,15,11,1): 17003.7
(11,15,11,2): 1322.32
(11,15,12,1): 20868.1
(11,15,12,2): 1622.85
(11,15,13,1): 23959.7
(11,15,13,2): 1863.28
(11,15,14,1): 27824.2
(11,15,14,2): 2163.8
(11,15,15,1): 30915.8
(11,15,15,2): 2404.23
(11,15,16,1): 23959.7
(11,15,16,2): 1863.28
(11,15,17,1): 27051.3
(11,15,17,2): 2103.7
(11,15,18,1): 17003.7
(11,15,18,2): 1322.32
(11,15,19,1): 20095.3
(11,15,19,2): 1562.75
(11,15,20,1): 11593.4
(11,15,20,2): 901.585
(11,15,21,1): 11593.4
(11,15,21,2): 901.585
(11,15,22,1): 11593.4
(11,15,22,2): 901.585
(11,15,23,1): 11593.4
(11,15,23,2): 901.585
(11,16,0,5): 22491
(11,16,1,5): 25823
(11,16,2,5): 29988
(11,16,3,5): 33320
(11,16,4,5): 37485
(11,16,5,5): 40817
(11,16,6,5): 29988
(11,16,7,5): 33320
(11,16,8,5): 22491
(11,16,9,5): 25823
(11,16,10,5): 14994
(11,16,11,5): 18326
(11,16,12,5): 22491
(11,16,13,5): 25823
(11,16,14,5): 29988
(11,16,15,5): 33320
(11,16,16,5): 25823
(11,16,17,5): 29155
(11,16,18,5): 18326
(11,16,19,5): 21658
(11,16,20,5): 12495
(11,16,21,5): 12495
(11,16,22,5): 12495
(11,16,23,5): 12495
(11,17,0,11): 3853.34
(11,17,0,12): 18637.7
(11,17,1,11): 4424.21
(11,17,1,12): 21398.8
(11,17,2,11): 5137.79
(11,17,2,12): 24850.2
(11,17,3,11): 5708.66
(11,17,3,12): 27611.3
(11,17,4,11): 6422.24
(11,17,4,12): 31062.8
(11,17,5,11): 6993.1
(11,17,5,12): 33823.9
(11,17,6,11): 5137.79
(11,17,6,12): 24850.2
(11,17,7,11): 5708.66
(11,17,7,12): 27611.3
(11,17,8,11): 3853.34
(11,17,8,12): 18637.7
(11,17,9,11): 4424.21
(11,17,9,12): 21398.8
(11,17,10,11): 2568.9
(11,17,10,12): 12425.1
(11,17,11,11): 3139.76
(11,17,11,12): 15186.2
(11,17,12,11): 3853.34
(11,17,12,12): 18637.7
(11,17,13,11): 4424.21
(11,17,13,12): 21398.8
(11,17,14,11): 5137.79
(11,17,14,12): 24850.2
(11,17,15,11): 5708.66
(11,17,15,12): 27611.3
(11,17,16,11): 4424.21
(11,17,16,12): 21398.8
(11,17,17,11): 4995.07
(11,17,17,12): 24159.9
(11,17,18,11): 3139.76
(11,17,18,12): 15186.2
(11,17,19,11): 3710.63
(11,17,19,12): 17947.4
(11,17,20,11): 2140.75
(11,17,20,12): 10354.3
(11,17,21,11): 2140.75
(11,17,21,12): 10354.3
(11,17,22,11): 2140.75
(11,17,22,12): 10354.3
(11,17,23,11): 2140.75
(11,17,23,12): 10354.3
(11,18,0,19): 22491
(11,18,1,19): 25823
(11,18,2,19): 29988
(11,18,3,19): 33320
(11,18,4,19): 37485
(11,18,5,19): 40817
(11,18,6,19): 29988
(11,18,7,19): 33320
(11,18,8,19): 22491
(11,18,9,19): 25823
(11,18,10,19): 14994
(11,18,11,19): 18326
(11,18,12,19): 22491
(11,18,13,19): 25823
(11,18,14,19): 29988
(11,18,15,19): 33320
(11,18,16,19): 25823
(11,18,17,19): 29155
(11,18,18,19): 18326
(11,18,19,19): 21658
(11,18,20,19): 12495
(11,18,21,19): 12495
(11,18,22,19): 12495
(11,18,23,19): 12495
(11,19,0,22): 19674.2
(11,19,0,23): 2816.78
(11,19,1,22): 22588.9
(11,19,1,23): 3234.08
(11,19,2,22): 26232.3
(11,19,2,23): 3755.71
(11,19,3,22): 29147
(11,19,3,23): 4173.01
(11,19,4,22): 32790.4
(11,19,4,23): 4694.64
(11,19,5,22): 35705.1
(11,19,5,23): 5111.94
(11,19,6,22): 26232.3
(11,19,6,23): 3755.71
(11,19,7,22): 29147
(11,19,7,23): 4173.01
(11,19,8,22): 19674.2
(11,19,8,23): 2816.78
(11,19,9,22): 22588.9
(11,19,9,23): 3234.08
(11,19,10,22): 13116.1
(11,19,10,23): 1877.86
(11,19,11,22): 16030.8
(11,19,11,23): 2295.16
(11,19,12,22): 19674.2
(11,19,12,23): 2816.78
(11,19,13,22): 22588.9
(11,19,13,23): 3234.08
(11,19,14,22): 26232.3
(11,19,14,23): 3755.71
(11,19,15,22): 29147
(11,19,15,23): 4173.01
(11,19,16,22): 22588.9
(11,19,16,23): 3234.08
(11,19,17,22): 25503.6
(11,19,17,23): 3651.39
(11,19,18,22): 16030.8
(11,19,18,23): 2295.16
(11,19,19,22): 18945.5
(11,19,19,23): 2712.46
(11,19,20,22): 10930.1
(11,19,20,23): 1564.88
(11,19,21,22): 10930.1
(11,19,21,23): 1564.88
(11,19,22,22): 10930.1
(11,19,22,23): 1564.88
(11,19,23,22): 10930.1
(11,19,23,23): 1564.88
(11,20,0,0): 19674.2
(11,20,1,0): 22588.9
(11,20,2,0): 26232.3
(11,20,3,0): 29147
(11,20,4,0): 32790.4
(11,20,5,0): 35705.1
(11,20,6,0): 26232.3
(11,20,7,0): 29147
(11,20,8,0): 19674.2
(11,20,9,0): 22588.9
(11,20,10,0): 13116.1
(11,20,11,0): 16030.8
(11,20,12,0): 19674.2
(11,20,13,0): 22588.9
(11,20,14,0): 26232.3
(11,20,15,0): 29147
(11,20,16,0): 22588.9
(11,20,17,0): 25503.6
(11,20,18,0): 16030.8
(11,20,19,0): 18945.5
(11,20,20,0): 10930.1
(11,20,21,0): 10930.1
(11,20,22,0): 10930.1
(11,20,23,0): 10930.1
(11,21,0,0): 2816.78
(11,21,1,0): 3234.08
(11,21,2,0): 3755.71
(11,21,3,0): 4173.01
(11,21,4,0): 4694.64
(11,21,5,0): 5111.94
(11,21,6,0): 3755.71
(11,21,7,0): 4173.01
(11,21,8,0): 2816.78
(11,21,9,0): 3234.08
(11,21,10,0): 1877.86
(11,21,11,0): 2295.16
(11,21,12,0): 2816.78
(11,21,13,0): 3234.08
(11,21,14,0): 3755.71
(11,21,15,0): 4173.01
(11,21,16,0): 3234.08
(11,21,17,0): 3651.39
(11,21,18,0): 2295.16
(11,21,19,0): 2712.46
(11,21,20,0): 1564.88
(11,21,21,0): 1564.88
(11,21,22,0): 1564.88
(11,21,23,0): 1564.88
(11,22,0,15): 19674.2
(11,22,1,15): 22588.9
(11,22,2,15): 26232.3
(11,22,3,15): 29147
(11,22,4,15): 32790.4
(11,22,5,15): 35705.1
(11,22,6,15): 26232.3
(11,22,7,15): 29147
(11,22,8,15): 19674.2
(11,22,9,15): 22588.9
(11,22,10,15): 13116.1
(11,22,11,15): 16030.8
(11,22,12,15): 19674.2
(11,22,13,15): 22588.9
(11,22,14,15): 26232.3
(11,22,15,15): 29147
(11,22,16,15): 22588.9
(11,22,17,15): 25503.6
(11,22,18,15): 16030.8
(11,22,19,15): 18945.5
(11,22,20,15): 10930.1
(11,22,21,15): 10930.1
(11,22,22,15): 10930.1
(11,22,23,15): 10930.1
(11,23,0,15): 2816.78
(11,23,1,15): 3234.08
(11,23,2,15): 3755.71
(11,23,3,15): 4173.01
(11,23,4,15): 4694.64
(11,23,5,15): 5111.94
(11,23,6,15): 3755.71
(11,23,7,15): 4173.01
(11,23,8,15): 2816.78
(11,23,9,15): 3234.08
(11,23,10,15): 1877.86
(11,23,11,15): 2295.16
(11,23,12,15): 2816.78
(11,23,13,15): 3234.08
(11,23,14,15): 3755.71
(11,23,15,15): 4173.01
(11,23,16,15): 3234.08
(11,23,17,15): 3651.39
(11,23,18,15): 2295.16
(11,23,19,15): 2712.46
(11,23,20,15): 1564.88
(11,23,21,15): 1564.88
(11,23,22,15): 1564.88
(11,23,23,15): 1564.88
(12,0,0,2): 26656
(12,0,1,2): 29988
(12,0,2,2): 19159
(12,0,3,2): 22491
(12,0,4,2): 26656
(12,0,5,2): 29988
(12,0,6,2): 34153
(12,0,7,2): 37485
(12,0,8,2): 26656
(12,0,9,2): 29988
(12,0,10,2): 19159
(12,0,11,2): 22491
(12,0,12,2): 11662
(12,0,13,2): 14994
(12,0,14,2): 19159
(12,0,15,2): 22491
(12,0,16,2): 26656
(12,0,17,2): 29988
(12,0,18,2): 22491
(12,0,19,2): 25823
(12,0,20,2): 16660
(12,0,21,2): 16660
(12,0,22,2): 16660
(12,0,23,2): 16660
(12,1,0,3): 24732.6
(12,1,1,3): 27824.2
(12,1,2,3): 17776.6
(12,1,3,3): 20868.1
(12,1,4,3): 24732.6
(12,1,5,3): 27824.2
(12,1,6,3): 31688.7
(12,1,7,3): 34780.2
(12,1,8,3): 24732.6
(12,1,9,3): 27824.2
(12,1,10,3): 17776.6
(12,1,11,3): 20868.1
(12,1,12,3): 10820.5
(12,1,13,3): 13912.1
(12,1,14,3): 17776.6
(12,1,15,3): 20868.1
(12,1,16,3): 24732.6
(12,1,17,3): 27824.2
(12,1,18,3): 20868.1
(12,1,19,3): 23959.7
(12,1,20,3): 15457.9
(12,1,21,3): 15457.9
(12,1,22,3): 15457.9
(12,1,23,3): 15457.9
(12,2,0,4): 28579.4
(12,2,1,4): 32151.8
(12,2,2,4): 20541.4
(12,2,3,4): 24113.9
(12,2,4,4): 28579.4
(12,2,5,4): 32151.8
(12,2,6,4): 36617.3
(12,2,7,4): 40189.8
(12,2,8,4): 28579.4
(12,2,9,4): 32151.8
(12,2,10,4): 20541.4
(12,2,11,4): 24113.9
(12,2,12,4): 12503.5
(12,2,13,4): 16075.9
(12,2,14,4): 20541.4
(12,2,15,4): 24113.9
(12,2,16,4): 28579.4
(12,2,17,4): 32151.8
(12,2,18,4): 24113.9
(12,2,19,4): 27686.3
(12,2,20,4): 17862.1
(12,2,21,4): 17862.1
(12,2,22,4): 17862.1
(12,2,23,4): 17862.1
(12,3,0,6): 24732.6
(12,3,1,6): 27824.2
(12,3,2,6): 17776.6
(12,3,3,6): 20868.1
(12,3,4,6): 24732.6
(12,3,5,6): 27824.2
(12,3,6,6): 31688.7
(12,3,7,6): 34780.2
(12,3,8,6): 24732.6
(12,3,9,6): 27824.2
(12,3,10,6): 17776.6
(12,3,11,6): 20868.1
(12,3,12,6): 10820.5
(12,3,13,6): 13912.1
(12,3,14,6): 17776.6
(12,3,15,6): 20868.1
(12,3,16,6): 24732.6
(12,3,17,6): 27824.2
(12,3,18,6): 20868.1
(12,3,19,6): 23959.7
(12,3,20,6): 15457.9
(12,3,21,6): 15457.9
(12,3,22,6): 15457.9
(12,3,23,6): 15457.9
(12,4,0,6): 28579.4
(12,4,1,6): 32151.8
(12,4,2,6): 20541.4
(12,4,3,6): 24113.9
(12,4,4,6): 28579.4
(12,4,5,6): 32151.8
(12,4,6,6): 36617.3
(12,4,7,6): 40189.8
(12,4,8,6): 28579.4
(12,4,9,6): 32151.8
(12,4,10,6): 20541.4
(12,4,11,6): 24113.9
(12,4,12,6): 12503.5
(12,4,13,6): 16075.9
(12,4,14,6): 20541.4
(12,4,15,6): 24113.9
(12,4,16,6): 28579.4
(12,4,17,6): 32151.8
(12,4,18,6): 24113.9
(12,4,19,6): 27686.3
(12,4,20,6): 17862.1
(12,4,21,6): 17862.1
(12,4,22,6): 17862.1
(12,4,23,6): 17862.1
(12,5,0,7): 10951.2
(12,5,0,8): 42360.8
(12,5,1,7): 12320.1
(12,5,1,8): 47655.9
(12,5,2,7): 7871.16
(12,5,2,8): 30446.8
(12,5,3,7): 9240.06
(12,5,3,8): 35741.9
(12,5,4,7): 10951.2
(12,5,4,8): 42360.8
(12,5,5,7): 12320.1
(12,5,5,8): 47655.9
(12,5,6,7): 14031.2
(12,5,6,8): 54274.8
(12,5,7,7): 15400.1
(12,5,7,8): 59569.9
(12,5,8,7): 10951.2
(12,5,8,8): 42360.8
(12,5,9,7): 12320.1
(12,5,9,8): 47655.9
(12,5,10,7): 7871.16
(12,5,10,8): 30446.8
(12,5,11,7): 9240.06
(12,5,11,8): 35741.9
(12,5,12,7): 4791.14
(12,5,12,8): 18532.9
(12,5,13,7): 6160.04
(12,5,13,8): 23828
(12,5,14,7): 7871.16
(12,5,14,8): 30446.8
(12,5,15,7): 9240.06
(12,5,15,8): 35741.9
(12,5,16,7): 10951.2
(12,5,16,8): 42360.8
(12,5,17,7): 12320.1
(12,5,17,8): 47655.9
(12,5,18,7): 9240.06
(12,5,18,8): 35741.9
(12,5,19,7): 10609
(12,5,19,8): 41037
(12,5,20,7): 6844.49
(12,5,20,8): 26475.5
(12,5,21,7): 6844.49
(12,5,21,8): 26475.5
(12,5,22,7): 6844.49
(12,5,22,8): 26475.5
(12,5,23,7): 6844.49
(12,5,23,8): 26475.5
(12,6,0,10): 26656
(12,6,0,17): 26656
(12,6,1,10): 29988
(12,6,1,17): 29988
(12,6,2,10): 19159
(12,6,2,17): 19159
(12,6,3,10): 22491
(12,6,3,17): 22491
(12,6,4,10): 26656
(12,6,4,17): 26656
(12,6,5,10): 29988
(12,6,5,17): 29988
(12,6,6,10): 34153
(12,6,6,17): 34153
(12,6,7,10): 37485
(12,6,7,17): 37485
(12,6,8,10): 26656
(12,6,8,17): 26656
(12,6,9,10): 29988
(12,6,9,17): 29988
(12,6,10,10): 19159
(12,6,10,17): 19159
(12,6,11,10): 22491
(12,6,11,17): 22491
(12,6,12,10): 11662
(12,6,12,17): 11662
(12,6,13,10): 14994
(12,6,13,17): 14994
(12,6,14,10): 19159
(12,6,14,17): 19159
(12,6,15,10): 22491
(12,6,15,17): 22491
(12,6,16,10): 26656
(12,6,16,17): 26656
(12,6,17,10): 29988
(12,6,17,17): 29988
(12,6,18,10): 22491
(12,6,18,17): 22491
(12,6,19,10): 25823
(12,6,19,17): 25823
(12,6,20,10): 16660
(12,6,20,17): 16660
(12,6,21,10): 16660
(12,6,21,17): 16660
(12,6,22,10): 16660
(12,6,22,17): 16660
(12,6,23,10): 16660
(12,6,23,17): 16660
(12,7,0,9): 10951.2
(12,7,1,9): 12320.1
(12,7,2,9): 7871.16
(12,7,3,9): 9240.06
(12,7,4,9): 10951.2
(12,7,5,9): 12320.1
(12,7,6,9): 14031.2
(12,7,7,9): 15400.1
(12,7,8,9): 10951.2
(12,7,9,9): 12320.1
(12,7,10,9): 7871.16
(12,7,11,9): 9240.06
(12,7,12,9): 4791.14
(12,7,13,9): 6160.04
(12,7,14,9): 7871.16
(12,7,15,9): 9240.06
(12,7,16,9): 10951.2
(12,7,17,9): 12320.1
(12,7,18,9): 9240.06
(12,7,19,9): 10609
(12,7,20,9): 6844.49
(12,7,21,9): 6844.49
(12,7,22,9): 6844.49
(12,7,23,9): 6844.49
(12,8,0,9): 15704.8
(12,8,0,16): 26656
(12,8,1,9): 17667.9
(12,8,1,16): 29988
(12,8,2,9): 11287.8
(12,8,2,16): 19159
(12,8,3,9): 13250.9
(12,8,3,16): 22491
(12,8,4,9): 15704.8
(12,8,4,16): 26656
(12,8,5,9): 17667.9
(12,8,5,16): 29988
(12,8,6,9): 20121.8
(12,8,6,16): 34153
(12,8,7,9): 22084.9
(12,8,7,16): 37485
(12,8,8,9): 15704.8
(12,8,8,16): 26656
(12,8,9,9): 17667.9
(12,8,9,16): 29988
(12,8,10,9): 11287.8
(12,8,10,16): 19159
(12,8,11,9): 13250.9
(12,8,11,16): 22491
(12,8,12,9): 6870.86
(12,8,12,16): 11662
(12,8,13,9): 8833.96
(12,8,13,16): 14994
(12,8,14,9): 11287.8
(12,8,14,16): 19159
(12,8,15,9): 13250.9
(12,8,15,16): 22491
(12,8,16,9): 15704.8
(12,8,16,16): 26656
(12,8,17,9): 17667.9
(12,8,17,16): 29988
(12,8,18,9): 13250.9
(12,8,18,16): 22491
(12,8,19,9): 15214
(12,8,19,16): 25823
(12,8,20,9): 9815.51
(12,8,20,16): 16660
(12,8,21,9): 9815.51
(12,8,21,16): 16660
(12,8,22,9): 9815.51
(12,8,22,16): 16660
(12,8,23,9): 9815.51
(12,8,23,16): 16660
(12,9,0,5): 26656
(12,9,1,5): 29988
(12,9,2,5): 19159
(12,9,3,5): 22491
(12,9,4,5): 26656
(12,9,5,5): 29988
(12,9,6,5): 34153
(12,9,7,5): 37485
(12,9,8,5): 26656
(12,9,9,5): 29988
(12,9,10,5): 19159
(12,9,11,5): 22491
(12,9,12,5): 11662
(12,9,13,5): 14994
(12,9,14,5): 19159
(12,9,15,5): 22491
(12,9,16,5): 26656
(12,9,17,5): 29988
(12,9,18,5): 22491
(12,9,19,5): 25823
(12,9,20,5): 16660
(12,9,21,5): 16660
(12,9,22,5): 16660
(12,9,23,5): 16660
(12,10,0,12): 26656
(12,10,1,12): 29988
(12,10,2,12): 19159
(12,10,3,12): 22491
(12,10,4,12): 26656
(12,10,5,12): 29988
(12,10,6,12): 34153
(12,10,7,12): 37485
(12,10,8,12): 26656
(12,10,9,12): 29988
(12,10,10,12): 19159
(12,10,11,12): 22491
(12,10,12,12): 11662
(12,10,13,12): 14994
(12,10,14,12): 19159
(12,10,15,12): 22491
(12,10,16,12): 26656
(12,10,17,12): 29988
(12,10,18,12): 22491
(12,10,19,12): 25823
(12,10,20,12): 16660
(12,10,21,12): 16660
(12,10,22,12): 16660
(12,10,23,12): 16660
(12,11,0,18): 4566.93
(12,11,1,18): 5137.79
(12,11,2,18): 3282.48
(12,11,3,18): 3853.34
(12,11,4,18): 4566.93
(12,11,5,18): 5137.79
(12,11,6,18): 5851.37
(12,11,7,18): 6422.24
(12,11,8,18): 4566.93
(12,11,9,18): 5137.79
(12,11,10,18): 3282.48
(12,11,11,18): 3853.34
(12,11,12,18): 1998.03
(12,11,13,18): 2568.9
(12,11,14,18): 3282.48
(12,11,15,18): 3853.34
(12,11,16,18): 4566.93
(12,11,17,18): 5137.79
(12,11,18,18): 3853.34
(12,11,19,18): 4424.21
(12,11,20,18): 2854.33
(12,11,21,18): 2854.33
(12,11,22,18): 2854.33
(12,11,23,18): 2854.33
(12,12,0,13): 26656
(12,12,0,18): 22089.1
(12,12,1,13): 29988
(12,12,1,18): 24850.2
(12,12,2,13): 19159
(12,12,2,18): 15876.5
(12,12,3,13): 22491
(12,12,3,18): 18637.7
(12,12,4,13): 26656
(12,12,4,18): 22089.1
(12,12,5,13): 29988
(12,12,5,18): 24850.2
(12,12,6,13): 34153
(12,12,6,18): 28301.6
(12,12,7,13): 37485
(12,12,7,18): 31062.8
(12,12,8,13): 26656
(12,12,8,18): 22089.1
(12,12,9,13): 29988
(12,12,9,18): 24850.2
(12,12,10,13): 19159
(12,12,10,18): 15876.5
(12,12,11,13): 22491
(12,12,11,18): 18637.7
(12,12,12,13): 11662
(12,12,12,18): 9663.97
(12,12,13,13): 14994
(12,12,13,18): 12425.1
(12,12,14,13): 19159
(12,12,14,18): 15876.5
(12,12,15,13): 22491
(12,12,15,18): 18637.7
(12,12,16,13): 26656
(12,12,16,18): 22089.1
(12,12,17,13): 29988
(12,12,17,18): 24850.2
(12,12,18,13): 22491
(12,12,18,18): 18637.7
(12,12,19,13): 25823
(12,12,19,18): 21398.8
(12,12,20,13): 16660
(12,12,20,18): 13805.7
(12,12,21,13): 16660
(12,12,21,18): 13805.7
(12,12,22,13): 16660
(12,12,22,18): 13805.7
(12,12,23,13): 16660
(12,12,23,18): 13805.7
(12,13,0,14): 26656
(12,13,1,14): 29988
(12,13,2,14): 19159
(12,13,3,14): 22491
(12,13,4,14): 26656
(12,13,5,14): 29988
(12,13,6,14): 34153
(12,13,7,14): 37485
(12,13,8,14): 26656
(12,13,9,14): 29988
(12,13,10,14): 19159
(12,13,11,14): 22491
(12,13,12,14): 11662
(12,13,13,14): 14994
(12,13,14,14): 19159
(12,13,15,14): 22491
(12,13,16,14): 26656
(12,13,17,14): 29988
(12,13,18,14): 22491
(12,13,19,14): 25823
(12,13,20,14): 16660
(12,13,21,14): 16660
(12,13,22,14): 16660
(12,13,23,14): 16660
(12,14,0,20): 23317.6
(12,14,0,21): 3338.41
(12,14,1,20): 26232.3
(12,14,1,21): 3755.71
(12,14,2,20): 16759.5
(12,14,2,21): 2399.48
(12,14,3,20): 19674.2
(12,14,3,21): 2816.78
(12,14,4,20): 23317.6
(12,14,4,21): 3338.41
(12,14,5,20): 26232.3
(12,14,5,21): 3755.71
(12,14,6,20): 29875.7
(12,14,6,21): 4277.34
(12,14,7,20): 32790.4
(12,14,7,21): 4694.64
(12,14,8,20): 23317.6
(12,14,8,21): 3338.41
(12,14,9,20): 26232.3
(12,14,9,21): 3755.71
(12,14,10,20): 16759.5
(12,14,10,21): 2399.48
(12,14,11,20): 19674.2
(12,14,11,21): 2816.78
(12,14,12,20): 10201.4
(12,14,12,21): 1460.55
(12,14,13,20): 13116.1
(12,14,13,21): 1877.86
(12,14,14,20): 16759.5
(12,14,14,21): 2399.48
(12,14,15,20): 19674.2
(12,14,15,21): 2816.78
(12,14,16,20): 23317.6
(12,14,16,21): 3338.41
(12,14,17,20): 26232.3
(12,14,17,21): 3755.71
(12,14,18,20): 19674.2
(12,14,18,21): 2816.78
(12,14,19,20): 22588.9
(12,14,19,21): 3234.08
(12,14,20,20): 14573.5
(12,14,20,21): 2086.51
(12,14,21,20): 14573.5
(12,14,21,21): 2086.51
(12,14,22,20): 14573.5
(12,14,22,21): 2086.51
(12,14,23,20): 14573.5
(12,14,23,21): 2086.51
(12,15,0,1): 24732.6
(12,15,0,2): 1923.38
(12,15,1,1): 27824.2
(12,15,1,2): 2163.8
(12,15,2,1): 17776.6
(12,15,2,2): 1382.43
(12,15,3,1): 20868.1
(12,15,3,2): 1622.85
(12,15,4,1): 24732.6
(12,15,4,2): 1923.38
(12,15,5,1): 27824.2
(12,15,5,2): 2163.8
(12,15,6,1): 31688.7
(12,15,6,2): 2464.33
(12,15,7,1): 34780.2
(12,15,7,2): 2704.76
(12,15,8,1): 24732.6
(12,15,8,2): 1923.38
(12,15,9,1): 27824.2
(12,15,9,2): 2163.8
(12,15,10,1): 17776.6
(12,15,10,2): 1382.43
(12,15,11,1): 20868.1
(12,15,11,2): 1622.85
(12,15,12,1): 10820.5
(12,15,12,2): 841.479
(12,15,13,1): 13912.1
(12,15,13,2): 1081.9
(12,15,14,1): 17776.6
(12,15,14,2): 1382.43
(12,15,15,1): 20868.1
(12,15,15,2): 1622.85
(12,15,16,1): 24732.6
(12,15,16,2): 1923.38
(12,15,17,1): 27824.2
(12,15,17,2): 2163.8
(12,15,18,1): 20868.1
(12,15,18,2): 1622.85
(12,15,19,1): 23959.7
(12,15,19,2): 1863.28
(12,15,20,1): 15457.9
(12,15,20,2): 1202.11
(12,15,21,1): 15457.9
(12,15,21,2): 1202.11
(12,15,22,1): 15457.9
(12,15,22,2): 1202.11
(12,15,23,1): 15457.9
(12,15,23,2): 1202.11
(12,16,0,5): 26656
(12,16,1,5): 29988
(12,16,2,5): 19159
(12,16,3,5): 22491
(12,16,4,5): 26656
(12,16,5,5): 29988
(12,16,6,5): 34153
(12,16,7,5): 37485
(12,16,8,5): 26656
(12,16,9,5): 29988
(12,16,10,5): 19159
(12,16,11,5): 22491
(12,16,12,5): 11662
(12,16,13,5): 14994
(12,16,14,5): 19159
(12,16,15,5): 22491
(12,16,16,5): 26656
(12,16,17,5): 29988
(12,16,18,5): 22491
(12,16,19,5): 25823
(12,16,20,5): 16660
(12,16,21,5): 16660
(12,16,22,5): 16660
(12,16,23,5): 16660
(12,17,0,11): 4566.93
(12,17,0,12): 22089.1
(12,17,1,11): 5137.79
(12,17,1,12): 24850.2
(12,17,2,11): 3282.48
(12,17,2,12): 15876.5
(12,17,3,11): 3853.34
(12,17,3,12): 18637.7
(12,17,4,11): 4566.93
(12,17,4,12): 22089.1
(12,17,5,11): 5137.79
(12,17,5,12): 24850.2
(12,17,6,11): 5851.37
(12,17,6,12): 28301.6
(12,17,7,11): 6422.24
(12,17,7,12): 31062.8
(12,17,8,11): 4566.93
(12,17,8,12): 22089.1
(12,17,9,11): 5137.79
(12,17,9,12): 24850.2
(12,17,10,11): 3282.48
(12,17,10,12): 15876.5
(12,17,11,11): 3853.34
(12,17,11,12): 18637.7
(12,17,12,11): 1998.03
(12,17,12,12): 9663.97
(12,17,13,11): 2568.9
(12,17,13,12): 12425.1
(12,17,14,11): 3282.48
(12,17,14,12): 15876.5
(12,17,15,11): 3853.34
(12,17,15,12): 18637.7
(12,17,16,11): 4566.93
(12,17,16,12): 22089.1
(12,17,17,11): 5137.79
(12,17,17,12): 24850.2
(12,17,18,11): 3853.34
(12,17,18,12): 18637.7
(12,17,19,11): 4424.21
(12,17,19,12): 21398.8
(12,17,20,11): 2854.33
(12,17,20,12): 13805.7
(12,17,21,11): 2854.33
(12,17,21,12): 13805.7
(12,17,22,11): 2854.33
(12,17,22,12): 13805.7
(12,17,23,11): 2854.33
(12,17,23,12): 13805.7
(12,18,0,19): 26656
(12,18,1,19): 29988
(12,18,2,19): 19159
(12,18,3,19): 22491
(12,18,4,19): 26656
(12,18,5,19): 29988
(12,18,6,19): 34153
(12,18,7,19): 37485
(12,18,8,19): 26656
(12,18,9,19): 29988
(12,18,10,19): 19159
(12,18,11,19): 22491
(12,18,12,19): 11662
(12,18,13,19): 14994
(12,18,14,19): 19159
(12,18,15,19): 22491
(12,18,16,19): 26656
(12,18,17,19): 29988
(12,18,18,19): 22491
(12,18,19,19): 25823
(12,18,20,19): 16660
(12,18,21,19): 16660
(12,18,22,19): 16660
(12,18,23,19): 16660
(12,19,0,22): 23317.6
(12,19,0,23): 3338.41
(12,19,1,22): 26232.3
(12,19,1,23): 3755.71
(12,19,2,22): 16759.5
(12,19,2,23): 2399.48
(12,19,3,22): 19674.2
(12,19,3,23): 2816.78
(12,19,4,22): 23317.6
(12,19,4,23): 3338.41
(12,19,5,22): 26232.3
(12,19,5,23): 3755.71
(12,19,6,22): 29875.7
(12,19,6,23): 4277.34
(12,19,7,22): 32790.4
(12,19,7,23): 4694.64
(12,19,8,22): 23317.6
(12,19,8,23): 3338.41
(12,19,9,22): 26232.3
(12,19,9,23): 3755.71
(12,19,10,22): 16759.5
(12,19,10,23): 2399.48
(12,19,11,22): 19674.2
(12,19,11,23): 2816.78
(12,19,12,22): 10201.4
(12,19,12,23): 1460.55
(12,19,13,22): 13116.1
(12,19,13,23): 1877.86
(12,19,14,22): 16759.5
(12,19,14,23): 2399.48
(12,19,15,22): 19674.2
(12,19,15,23): 2816.78
(12,19,16,22): 23317.6
(12,19,16,23): 3338.41
(12,19,17,22): 26232.3
(12,19,17,23): 3755.71
(12,19,18,22): 19674.2
(12,19,18,23): 2816.78
(12,19,19,22): 22588.9
(12,19,19,23): 3234.08
(12,19,20,22): 14573.5
(12,19,20,23): 2086.51
(12,19,21,22): 14573.5
(12,19,21,23): 2086.51
(12,19,22,22): 14573.5
(12,19,22,23): 2086.51
(12,19,23,22): 14573.5
(12,19,23,23): 2086.51
(12,20,0,0): 23317.6
(12,20,1,0): 26232.3
(12,20,2,0): 16759.5
(12,20,3,0): 19674.2
(12,20,4,0): 23317.6
(12,20,5,0): 26232.3
(12,20,6,0): 29875.7
(12,20,7,0): 32790.4
(12,20,8,0): 23317.6
(12,20,9,0): 26232.3
(12,20,10,0): 16759.5
(12,20,11,0): 19674.2
(12,20,12,0): 10201.4
(12,20,13,0): 13116.1
(12,20,14,0): 16759.5
(12,20,15,0): 19674.2
(12,20,16,0): 23317.6
(12,20,17,0): 26232.3
(12,20,18,0): 19674.2
(12,20,19,0): 22588.9
(12,20,20,0): 14573.5
(12,20,21,0): 14573.5
(12,20,22,0): 14573.5
(12,20,23,0): 14573.5
(12,21,0,0): 3338.41
(12,21,1,0): 3755.71
(12,21,2,0): 2399.48
(12,21,3,0): 2816.78
(12,21,4,0): 3338.41
(12,21,5,0): 3755.71
(12,21,6,0): 4277.34
(12,21,7,0): 4694.64
(12,21,8,0): 3338.41
(12,21,9,0): 3755.71
(12,21,10,0): 2399.48
(12,21,11,0): 2816.78
(12,21,12,0): 1460.55
(12,21,13,0): 1877.86
(12,21,14,0): 2399.48
(12,21,15,0): 2816.78
(12,21,16,0): 3338.41
(12,21,17,0): 3755.71
(12,21,18,0): 2816.78
(12,21,19,0): 3234.08
(12,21,20,0): 2086.51
(12,21,21,0): 2086.51
(12,21,22,0): 2086.51
(12,21,23,0): 2086.51
(12,22,0,15): 23317.6
(12,22,1,15): 26232.3
(12,22,2,15): 16759.5
(12,22,3,15): 19674.2
(12,22,4,15): 23317.6
(12,22,5,15): 26232.3
(12,22,6,15): 29875.7
(12,22,7,15): 32790.4
(12,22,8,15): 23317.6
(12,22,9,15): 26232.3
(12,22,10,15): 16759.5
(12,22,11,15): 19674.2
(12,22,12,15): 10201.4
(12,22,13,15): 13116.1
(12,22,14,15): 16759.5
(12,22,15,15): 19674.2
(12,22,16,15): 23317.6
(12,22,17,15): 26232.3
(12,22,18,15): 19674.2
(12,22,19,15): 22588.9
(12,22,20,15): 14573.5
(12,22,21,15): 14573.5
(12,22,22,15): 14573.5
(12,22,23,15): 14573.5
(12,23,0,15): 3338.41
(12,23,1,15): 3755.71
(12,23,2,15): 2399.48
(12,23,3,15): 2816.78
(12,23,4,15): 3338.41
(12,23,5,15): 3755.71
(12,23,6,15): 4277.34
(12,23,7,15): 4694.64
(12,23,8,15): 3338.41
(12,23,9,15): 3755.71
(12,23,10,15): 2399.48
(12,23,11,15): 2816.78
(12,23,12,15): 1460.55
(12,23,13,15): 1877.86
(12,23,14,15): 2399.48
(12,23,15,15): 2816.78
(12,23,16,15): 3338.41
(12,23,17,15): 3755.71
(12,23,18,15): 2816.78
(12,23,19,15): 3234.08
(12,23,20,15): 2086.51
(12,23,21,15): 2086.51
(12,23,22,15): 2086.51
(12,23,23,15): 2086.51
(13,0,0,2): 29988
(13,0,1,2): 33320
(13,0,2,2): 22491
(13,0,3,2): 25823
(13,0,4,2): 29988
(13,0,5,2): 33320
(13,0,6,2): 37485
(13,0,7,2): 40817
(13,0,8,2): 29988
(13,0,9,2): 33320
(13,0,10,2): 22491
(13,0,11,2): 25823
(13,0,12,2): 14994
(13,0,13,2): 18326
(13,0,14,2): 22491
(13,0,15,2): 25823
(13,0,16,2): 29988
(13,0,17,2): 33320
(13,0,18,2): 25823
(13,0,19,2): 29155
(13,0,20,2): 19992
(13,0,21,2): 19992
(13,0,22,2): 19992
(13,0,23,2): 19992
(13,1,0,3): 27824.2
(13,1,1,3): 30915.8
(13,1,2,3): 20868.1
(13,1,3,3): 23959.7
(13,1,4,3): 27824.2
(13,1,5,3): 30915.8
(13,1,6,3): 34780.2
(13,1,7,3): 37871.8
(13,1,8,3): 27824.2
(13,1,9,3): 30915.8
(13,1,10,3): 20868.1
(13,1,11,3): 23959.7
(13,1,12,3): 13912.1
(13,1,13,3): 17003.7
(13,1,14,3): 20868.1
(13,1,15,3): 23959.7
(13,1,16,3): 27824.2
(13,1,17,3): 30915.8
(13,1,18,3): 23959.7
(13,1,19,3): 27051.3
(13,1,20,3): 18549.5
(13,1,21,3): 18549.5
(13,1,22,3): 18549.5
(13,1,23,3): 18549.5
(13,2,0,4): 32151.8
(13,2,1,4): 35724.2
(13,2,2,4): 24113.9
(13,2,3,4): 27686.3
(13,2,4,4): 32151.8
(13,2,5,4): 35724.2
(13,2,6,4): 40189.8
(13,2,7,4): 43762.2
(13,2,8,4): 32151.8
(13,2,9,4): 35724.2
(13,2,10,4): 24113.9
(13,2,11,4): 27686.3
(13,2,12,4): 16075.9
(13,2,13,4): 19648.3
(13,2,14,4): 24113.9
(13,2,15,4): 27686.3
(13,2,16,4): 32151.8
(13,2,17,4): 35724.2
(13,2,18,4): 27686.3
(13,2,19,4): 31258.7
(13,2,20,4): 21434.5
(13,2,21,4): 21434.5
(13,2,22,4): 21434.5
(13,2,23,4): 21434.5
(13,3,0,6): 27824.2
(13,3,1,6): 30915.8
(13,3,2,6): 20868.1
(13,3,3,6): 23959.7
(13,3,4,6): 27824.2
(13,3,5,6): 30915.8
(13,3,6,6): 34780.2
(13,3,7,6): 37871.8
(13,3,8,6): 27824.2
(13,3,9,6): 30915.8
(13,3,10,6): 20868.1
(13,3,11,6): 23959.7
(13,3,12,6): 13912.1
(13,3,13,6): 17003.7
(13,3,14,6): 20868.1
(13,3,15,6): 23959.7
(13,3,16,6): 27824.2
(13,3,17,6): 30915.8
(13,3,18,6): 23959.7
(13,3,19,6): 27051.3
(13,3,20,6): 18549.5
(13,3,21,6): 18549.5
(13,3,22,6): 18549.5
(13,3,23,6): 18549.5
(13,4,0,6): 32151.8
(13,4,1,6): 35724.2
(13,4,2,6): 24113.9
(13,4,3,6): 27686.3
(13,4,4,6): 32151.8
(13,4,5,6): 35724.2
(13,4,6,6): 40189.8
(13,4,7,6): 43762.2
(13,4,8,6): 32151.8
(13,4,9,6): 35724.2
(13,4,10,6): 24113.9
(13,4,11,6): 27686.3
(13,4,12,6): 16075.9
(13,4,13,6): 19648.3
(13,4,14,6): 24113.9
(13,4,15,6): 27686.3
(13,4,16,6): 32151.8
(13,4,17,6): 35724.2
(13,4,18,6): 27686.3
(13,4,19,6): 31258.7
(13,4,20,6): 21434.5
(13,4,21,6): 21434.5
(13,4,22,6): 21434.5
(13,4,23,6): 21434.5
(13,5,0,7): 12320.1
(13,5,0,8): 47655.9
(13,5,1,7): 13689
(13,5,1,8): 52951
(13,5,2,7): 9240.06
(13,5,2,8): 35741.9
(13,5,3,7): 10609
(13,5,3,8): 41037
(13,5,4,7): 12320.1
(13,5,4,8): 47655.9
(13,5,5,7): 13689
(13,5,5,8): 52951
(13,5,6,7): 15400.1
(13,5,6,8): 59569.9
(13,5,7,7): 16769
(13,5,7,8): 64865
(13,5,8,7): 12320.1
(13,5,8,8): 47655.9
(13,5,9,7): 13689
(13,5,9,8): 52951
(13,5,10,7): 9240.06
(13,5,10,8): 35741.9
(13,5,11,7): 10609
(13,5,11,8): 41037
(13,5,12,7): 6160.04
(13,5,12,8): 23828
(13,5,13,7): 7528.94
(13,5,13,8): 29123.1
(13,5,14,7): 9240.06
(13,5,14,8): 35741.9
(13,5,15,7): 10609
(13,5,15,8): 41037
(13,5,16,7): 12320.1
(13,5,16,8): 47655.9
(13,5,17,7): 13689
(13,5,17,8): 52951
(13,5,18,7): 10609
(13,5,18,8): 41037
(13,5,19,7): 11977.9
(13,5,19,8): 46332.1
(13,5,20,7): 8213.38
(13,5,20,8): 31770.6
(13,5,21,7): 8213.38
(13,5,21,8): 31770.6
(13,5,22,7): 8213.38
(13,5,22,8): 31770.6
(13,5,23,7): 8213.38
(13,5,23,8): 31770.6
(13,6,0,10): 29988
(13,6,0,17): 29988
(13,6,1,10): 33320
(13,6,1,17): 33320
(13,6,2,10): 22491
(13,6,2,17): 22491
(13,6,3,10): 25823
(13,6,3,17): 25823
(13,6,4,10): 29988
(13,6,4,17): 29988
(13,6,5,10): 33320
(13,6,5,17): 33320
(13,6,6,10): 37485
(13,6,6,17): 37485
(13,6,7,10): 40817
(13,6,7,17): 40817
(13,6,8,10): 29988
(13,6,8,17): 29988
(13,6,9,10): 33320
(13,6,9,17): 33320
(13,6,10,10): 22491
(13,6,10,17): 22491
(13,6,11,10): 25823
(13,6,11,17): 25823
(13,6,12,10): 14994
(13,6,12,17): 14994
(13,6,13,10): 18326
(13,6,13,17): 18326
(13,6,14,10): 22491
(13,6,14,17): 22491
(13,6,15,10): 25823
(13,6,15,17): 25823
(13,6,16,10): 29988
(13,6,16,17): 29988
(13,6,17,10): 33320
(13,6,17,17): 33320
(13,6,18,10): 25823
(13,6,18,17): 25823
(13,6,19,10): 29155
(13,6,19,17): 29155
(13,6,20,10): 19992
(13,6,20,17): 19992
(13,6,21,10): 19992
(13,6,21,17): 19992
(13,6,22,10): 19992
(13,6,22,17): 19992
(13,6,23,10): 19992
(13,6,23,17): 19992
(13,7,0,9): 12320.1
(13,7,1,9): 13689
(13,7,2,9): 9240.06
(13,7,3,9): 10609
(13,7,4,9): 12320.1
(13,7,5,9): 13689
(13,7,6,9): 15400.1
(13,7,7,9): 16769
(13,7,8,9): 12320.1
(13,7,9,9): 13689
(13,7,10,9): 9240.06
(13,7,11,9): 10609
(13,7,12,9): 6160.04
(13,7,13,9): 7528.94
(13,7,14,9): 9240.06
(13,7,15,9): 10609
(13,7,16,9): 12320.1
(13,7,17,9): 13689
(13,7,18,9): 10609
(13,7,19,9): 11977.9
(13,7,20,9): 8213.38
(13,7,21,9): 8213.38
(13,7,22,9): 8213.38
(13,7,23,9): 8213.38
(13,8,0,9): 17667.9
(13,8,0,16): 29988
(13,8,1,9): 19631
(13,8,1,16): 33320
(13,8,2,9): 13250.9
(13,8,2,16): 22491
(13,8,3,9): 15214
(13,8,3,16): 25823
(13,8,4,9): 17667.9
(13,8,4,16): 29988
(13,8,5,9): 19631
(13,8,5,16): 33320
(13,8,6,9): 22084.9
(13,8,6,16): 37485
(13,8,7,9): 24048
(13,8,7,16): 40817
(13,8,8,9): 17667.9
(13,8,8,16): 29988
(13,8,9,9): 19631
(13,8,9,16): 33320
(13,8,10,9): 13250.9
(13,8,10,16): 22491
(13,8,11,9): 15214
(13,8,11,16): 25823
(13,8,12,9): 8833.96
(13,8,12,16): 14994
(13,8,13,9): 10797.1
(13,8,13,16): 18326
(13,8,14,9): 13250.9
(13,8,14,16): 22491
(13,8,15,9): 15214
(13,8,15,16): 25823
(13,8,16,9): 17667.9
(13,8,16,16): 29988
(13,8,17,9): 19631
(13,8,17,16): 33320
(13,8,18,9): 15214
(13,8,18,16): 25823
(13,8,19,9): 17177.1
(13,8,19,16): 29155
(13,8,20,9): 11778.6
(13,8,20,16): 19992
(13,8,21,9): 11778.6
(13,8,21,16): 19992
(13,8,22,9): 11778.6
(13,8,22,16): 19992
(13,8,23,9): 11778.6
(13,8,23,16): 19992
(13,9,0,5): 29988
(13,9,1,5): 33320
(13,9,2,5): 22491
(13,9,3,5): 25823
(13,9,4,5): 29988
(13,9,5,5): 33320
(13,9,6,5): 37485
(13,9,7,5): 40817
(13,9,8,5): 29988
(13,9,9,5): 33320
(13,9,10,5): 22491
(13,9,11,5): 25823
(13,9,12,5): 14994
(13,9,13,5): 18326
(13,9,14,5): 22491
(13,9,15,5): 25823
(13,9,16,5): 29988
(13,9,17,5): 33320
(13,9,18,5): 25823
(13,9,19,5): 29155
(13,9,20,5): 19992
(13,9,21,5): 19992
(13,9,22,5): 19992
(13,9,23,5): 19992
(13,10,0,12): 29988
(13,10,1,12): 33320
(13,10,2,12): 22491
(13,10,3,12): 25823
(13,10,4,12): 29988
(13,10,5,12): 33320
(13,10,6,12): 37485
(13,10,7,12): 40817
(13,10,8,12): 29988
(13,10,9,12): 33320
(13,10,10,12): 22491
(13,10,11,12): 25823
(13,10,12,12): 14994
(13,10,13,12): 18326
(13,10,14,12): 22491
(13,10,15,12): 25823
(13,10,16,12): 29988
(13,10,17,12): 33320
(13,10,18,12): 25823
(13,10,19,12): 29155
(13,10,20,12): 19992
(13,10,21,12): 19992
(13,10,22,12): 19992
(13,10,23,12): 19992
(13,11,0,18): 5137.79
(13,11,1,18): 5708.66
(13,11,2,18): 3853.34
(13,11,3,18): 4424.21
(13,11,4,18): 5137.79
(13,11,5,18): 5708.66
(13,11,6,18): 6422.24
(13,11,7,18): 6993.1
(13,11,8,18): 5137.79
(13,11,9,18): 5708.66
(13,11,10,18): 3853.34
(13,11,11,18): 4424.21
(13,11,12,18): 2568.9
(13,11,13,18): 3139.76
(13,11,14,18): 3853.34
(13,11,15,18): 4424.21
(13,11,16,18): 5137.79
(13,11,17,18): 5708.66
(13,11,18,18): 4424.21
(13,11,19,18): 4995.07
(13,11,20,18): 3425.19
(13,11,21,18): 3425.19
(13,11,22,18): 3425.19
(13,11,23,18): 3425.19
(13,12,0,13): 29988
(13,12,0,18): 24850.2
(13,12,1,13): 33320
(13,12,1,18): 27611.3
(13,12,2,13): 22491
(13,12,2,18): 18637.7
(13,12,3,13): 25823
(13,12,3,18): 21398.8
(13,12,4,13): 29988
(13,12,4,18): 24850.2
(13,12,5,13): 33320
(13,12,5,18): 27611.3
(13,12,6,13): 37485
(13,12,6,18): 31062.8
(13,12,7,13): 40817
(13,12,7,18): 33823.9
(13,12,8,13): 29988
(13,12,8,18): 24850.2
(13,12,9,13): 33320
(13,12,9,18): 27611.3
(13,12,10,13): 22491
(13,12,10,18): 18637.7
(13,12,11,13): 25823
(13,12,11,18): 21398.8
(13,12,12,13): 14994
(13,12,12,18): 12425.1
(13,12,13,13): 18326
(13,12,13,18): 15186.2
(13,12,14,13): 22491
(13,12,14,18): 18637.7
(13,12,15,13): 25823
(13,12,15,18): 21398.8
(13,12,16,13): 29988
(13,12,16,18): 24850.2
(13,12,17,13): 33320
(13,12,17,18): 27611.3
(13,12,18,13): 25823
(13,12,18,18): 21398.8
(13,12,19,13): 29155
(13,12,19,18): 24159.9
(13,12,20,13): 19992
(13,12,20,18): 16566.8
(13,12,21,13): 19992
(13,12,21,18): 16566.8
(13,12,22,13): 19992
(13,12,22,18): 16566.8
(13,12,23,13): 19992
(13,12,23,18): 16566.8
(13,13,0,14): 29988
(13,13,1,14): 33320
(13,13,2,14): 22491
(13,13,3,14): 25823
(13,13,4,14): 29988
(13,13,5,14): 33320
(13,13,6,14): 37485
(13,13,7,14): 40817
(13,13,8,14): 29988
(13,13,9,14): 33320
(13,13,10,14): 22491
(13,13,11,14): 25823
(13,13,12,14): 14994
(13,13,13,14): 18326
(13,13,14,14): 22491
(13,13,15,14): 25823
(13,13,16,14): 29988
(13,13,17,14): 33320
(13,13,18,14): 25823
(13,13,19,14): 29155
(13,13,20,14): 19992
(13,13,21,14): 19992
(13,13,22,14): 19992
(13,13,23,14): 19992
(13,14,0,20): 26232.3
(13,14,0,21): 3755.71
(13,14,1,20): 29147
(13,14,1,21): 4173.01
(13,14,2,20): 19674.2
(13,14,2,21): 2816.78
(13,14,3,20): 22588.9
(13,14,3,21): 3234.08
(13,14,4,20): 26232.3
(13,14,4,21): 3755.71
(13,14,5,20): 29147
(13,14,5,21): 4173.01
(13,14,6,20): 32790.4
(13,14,6,21): 4694.64
(13,14,7,20): 35705.1
(13,14,7,21): 5111.94
(13,14,8,20): 26232.3
(13,14,8,21): 3755.71
(13,14,9,20): 29147
(13,14,9,21): 4173.01
(13,14,10,20): 19674.2
(13,14,10,21): 2816.78
(13,14,11,20): 22588.9
(13,14,11,21): 3234.08
(13,14,12,20): 13116.1
(13,14,12,21): 1877.86
(13,14,13,20): 16030.8
(13,14,13,21): 2295.16
(13,14,14,20): 19674.2
(13,14,14,21): 2816.78
(13,14,15,20): 22588.9
(13,14,15,21): 3234.08
(13,14,16,20): 26232.3
(13,14,16,21): 3755.71
(13,14,17,20): 29147
(13,14,17,21): 4173.01
(13,14,18,20): 22588.9
(13,14,18,21): 3234.08
(13,14,19,20): 25503.6
(13,14,19,21): 3651.39
(13,14,20,20): 17488.2
(13,14,20,21): 2503.81
(13,14,21,20): 17488.2
(13,14,21,21): 2503.81
(13,14,22,20): 17488.2
(13,14,22,21): 2503.81
(13,14,23,20): 17488.2
(13,14,23,21): 2503.81
(13,15,0,1): 27824.2
(13,15,0,2): 2163.8
(13,15,1,1): 30915.8
(13,15,1,2): 2404.23
(13,15,2,1): 20868.1
(13,15,2,2): 1622.85
(13,15,3,1): 23959.7
(13,15,3,2): 1863.28
(13,15,4,1): 27824.2
(13,15,4,2): 2163.8
(13,15,5,1): 30915.8
(13,15,5,2): 2404.23
(13,15,6,1): 34780.2
(13,15,6,2): 2704.76
(13,15,7,1): 37871.8
(13,15,7,2): 2945.18
(13,15,8,1): 27824.2
(13,15,8,2): 2163.8
(13,15,9,1): 30915.8
(13,15,9,2): 2404.23
(13,15,10,1): 20868.1
(13,15,10,2): 1622.85
(13,15,11,1): 23959.7
(13,15,11,2): 1863.28
(13,15,12,1): 13912.1
(13,15,12,2): 1081.9
(13,15,13,1): 17003.7
(13,15,13,2): 1322.32
(13,15,14,1): 20868.1
(13,15,14,2): 1622.85
(13,15,15,1): 23959.7
(13,15,15,2): 1863.28
(13,15,16,1): 27824.2
(13,15,16,2): 2163.8
(13,15,17,1): 30915.8
(13,15,17,2): 2404.23
(13,15,18,1): 23959.7
(13,15,18,2): 1863.28
(13,15,19,1): 27051.3
(13,15,19,2): 2103.7
(13,15,20,1): 18549.5
(13,15,20,2): 1442.54
(13,15,21,1): 18549.5
(13,15,21,2): 1442.54
(13,15,22,1): 18549.5
(13,15,22,2): 1442.54
(13,15,23,1): 18549.5
(13,15,23,2): 1442.54
(13,16,0,5): 29988
(13,16,1,5): 33320
(13,16,2,5): 22491
(13,16,3,5): 25823
(13,16,4,5): 29988
(13,16,5,5): 33320
(13,16,6,5): 37485
(13,16,7,5): 40817
(13,16,8,5): 29988
(13,16,9,5): 33320
(13,16,10,5): 22491
(13,16,11,5): 25823
(13,16,12,5): 14994
(13,16,13,5): 18326
(13,16,14,5): 22491
(13,16,15,5): 25823
(13,16,16,5): 29988
(13,16,17,5): 33320
(13,16,18,5): 25823
(13,16,19,5): 29155
(13,16,20,5): 19992
(13,16,21,5): 19992
(13,16,22,5): 19992
(13,16,23,5): 19992
(13,17,0,11): 5137.79
(13,17,0,12): 24850.2
(13,17,1,11): 5708.66
(13,17,1,12): 27611.3
(13,17,2,11): 3853.34
(13,17,2,12): 18637.7
(13,17,3,11): 4424.21
(13,17,3,12): 21398.8
(13,17,4,11): 5137.79
(13,17,4,12): 24850.2
(13,17,5,11): 5708.66
(13,17,5,12): 27611.3
(13,17,6,11): 6422.24
(13,17,6,12): 31062.8
(13,17,7,11): 6993.1
(13,17,7,12): 33823.9
(13,17,8,11): 5137.79
(13,17,8,12): 24850.2
(13,17,9,11): 5708.66
(13,17,9,12): 27611.3
(13,17,10,11): 3853.34
(13,17,10,12): 18637.7
(13,17,11,11): 4424.21
(13,17,11,12): 21398.8
(13,17,12,11): 2568.9
(13,17,12,12): 12425.1
(13,17,13,11): 3139.76
(13,17,13,12): 15186.2
(13,17,14,11): 3853.34
(13,17,14,12): 18637.7
(13,17,15,11): 4424.21
(13,17,15,12): 21398.8
(13,17,16,11): 5137.79
(13,17,16,12): 24850.2
(13,17,17,11): 5708.66
(13,17,17,12): 27611.3
(13,17,18,11): 4424.21
(13,17,18,12): 21398.8
(13,17,19,11): 4995.07
(13,17,19,12): 24159.9
(13,17,20,11): 3425.19
(13,17,20,12): 16566.8
(13,17,21,11): 3425.19
(13,17,21,12): 16566.8
(13,17,22,11): 3425.19
(13,17,22,12): 16566.8
(13,17,23,11): 3425.19
(13,17,23,12): 16566.8
(13,18,0,19): 29988
(13,18,1,19): 33320
(13,18,2,19): 22491
(13,18,3,19): 25823
(13,18,4,19): 29988
(13,18,5,19): 33320
(13,18,6,19): 37485
(13,18,7,19): 40817
(13,18,8,19): 29988
(13,18,9,19): 33320
(13,18,10,19): 22491
(13,18,11,19): 25823
(13,18,12,19): 14994
(13,18,13,19): 18326
(13,18,14,19): 22491
(13,18,15,19): 25823
(13,18,16,19): 29988
(13,18,17,19): 33320
(13,18,18,19): 25823
(13,18,19,19): 29155
(13,18,20,19): 19992
(13,18,21,19): 19992
(13,18,22,19): 19992
(13,18,23,19): 19992
(13,19,0,22): 26232.3
(13,19,0,23): 3755.71
(13,19,1,22): 29147
(13,19,1,23): 4173.01
(13,19,2,22): 19674.2
(13,19,2,23): 2816.78
(13,19,3,22): 22588.9
(13,19,3,23): 3234.08
(13,19,4,22): 26232.3
(13,19,4,23): 3755.71
(13,19,5,22): 29147
(13,19,5,23): 4173.01
(13,19,6,22): 32790.4
(13,19,6,23): 4694.64
(13,19,7,22): 35705.1
(13,19,7,23): 5111.94
(13,19,8,22): 26232.3
(13,19,8,23): 3755.71
(13,19,9,22): 29147
(13,19,9,23): 4173.01
(13,19,10,22): 19674.2
(13,19,10,23): 2816.78
(13,19,11,22): 22588.9
(13,19,11,23): 3234.08
(13,19,12,22): 13116.1
(13,19,12,23): 1877.86
(13,19,13,22): 16030.8
(13,19,13,23): 2295.16
(13,19,14,22): 19674.2
(13,19,14,23): 2816.78
(13,19,15,22): 22588.9
(13,19,15,23): 3234.08
(13,19,16,22): 26232.3
(13,19,16,23): 3755.71
(13,19,17,22): 29147
(13,19,17,23): 4173.01
(13,19,18,22): 22588.9
(13,19,18,23): 3234.08
(13,19,19,22): 25503.6
(13,19,19,23): 3651.39
(13,19,20,22): 17488.2
(13,19,20,23): 2503.81
(13,19,21,22): 17488.2
(13,19,21,23): 2503.81
(13,19,22,22): 17488.2
(13,19,22,23): 2503.81
(13,19,23,22): 17488.2
(13,19,23,23): 2503.81
(13,20,0,0): 26232.3
(13,20,1,0): 29147
(13,20,2,0): 19674.2
(13,20,3,0): 22588.9
(13,20,4,0): 26232.3
(13,20,5,0): 29147
(13,20,6,0): 32790.4
(13,20,7,0): 35705.1
(13,20,8,0): 26232.3
(13,20,9,0): 29147
(13,20,10,0): 19674.2
(13,20,11,0): 22588.9
(13,20,12,0): 13116.1
(13,20,13,0): 16030.8
(13,20,14,0): 19674.2
(13,20,15,0): 22588.9
(13,20,16,0): 26232.3
(13,20,17,0): 29147
(13,20,18,0): 22588.9
(13,20,19,0): 25503.6
(13,20,20,0): 17488.2
(13,20,21,0): 17488.2
(13,20,22,0): 17488.2
(13,20,23,0): 17488.2
(13,21,0,0): 3755.71
(13,21,1,0): 4173.01
(13,21,2,0): 2816.78
(13,21,3,0): 3234.08
(13,21,4,0): 3755.71
(13,21,5,0): 4173.01
(13,21,6,0): 4694.64
(13,21,7,0): 5111.94
(13,21,8,0): 3755.71
(13,21,9,0): 4173.01
(13,21,10,0): 2816.78
(13,21,11,0): 3234.08
(13,21,12,0): 1877.86
(13,21,13,0): 2295.16
(13,21,14,0): 2816.78
(13,21,15,0): 3234.08
(13,21,16,0): 3755.71
(13,21,17,0): 4173.01
(13,21,18,0): 3234.08
(13,21,19,0): 3651.39
(13,21,20,0): 2503.81
(13,21,21,0): 2503.81
(13,21,22,0): 2503.81
(13,21,23,0): 2503.81
(13,22,0,15): 26232.3
(13,22,1,15): 29147
(13,22,2,15): 19674.2
(13,22,3,15): 22588.9
(13,22,4,15): 26232.3
(13,22,5,15): 29147
(13,22,6,15): 32790.4
(13,22,7,15): 35705.1
(13,22,8,15): 26232.3
(13,22,9,15): 29147
(13,22,10,15): 19674.2
(13,22,11,15): 22588.9
(13,22,12,15): 13116.1
(13,22,13,15): 16030.8
(13,22,14,15): 19674.2
(13,22,15,15): 22588.9
(13,22,16,15): 26232.3
(13,22,17,15): 29147
(13,22,18,15): 22588.9
(13,22,19,15): 25503.6
(13,22,20,15): 17488.2
(13,22,21,15): 17488.2
(13,22,22,15): 17488.2
(13,22,23,15): 17488.2
(13,23,0,15): 3755.71
(13,23,1,15): 4173.01
(13,23,2,15): 2816.78
(13,23,3,15): 3234.08
(13,23,4,15): 3755.71
(13,23,5,15): 4173.01
(13,23,6,15): 4694.64
(13,23,7,15): 5111.94
(13,23,8,15): 3755.71
(13,23,9,15): 4173.01
(13,23,10,15): 2816.78
(13,23,11,15): 3234.08
(13,23,12,15): 1877.86
(13,23,13,15): 2295.16
(13,23,14,15): 2816.78
(13,23,15,15): 3234.08
(13,23,16,15): 3755.71
(13,23,17,15): 4173.01
(13,23,18,15): 3234.08
(13,23,19,15): 3651.39
(13,23,20,15): 2503.81
(13,23,21,15): 2503.81
(13,23,22,15): 2503.81
(13,23,23,15): 2503.81
(14,0,0,2): 34153
(14,0,1,2): 37485
(14,0,2,2): 26656
(14,0,3,2): 29988
(14,0,4,2): 19159
(14,0,5,2): 22491
(14,0,6,2): 26656
(14,0,7,2): 29988
(14,0,8,2): 34153
(14,0,9,2): 37485
(14,0,10,2): 26656
(14,0,11,2): 29988
(14,0,12,2): 19159
(14,0,13,2): 22491
(14,0,14,2): 11662
(14,0,15,2): 14994
(14,0,16,2): 19159
(14,0,17,2): 22491
(14,0,18,2): 26656
(14,0,19,2): 29988
(14,0,20,2): 24157
(14,0,21,2): 24157
(14,0,22,2): 24157
(14,0,23,2): 24157
(14,1,0,3): 31688.7
(14,1,1,3): 34780.2
(14,1,2,3): 24732.6
(14,1,3,3): 27824.2
(14,1,4,3): 17776.6
(14,1,5,3): 20868.1
(14,1,6,3): 24732.6
(14,1,7,3): 27824.2
(14,1,8,3): 31688.7
(14,1,9,3): 34780.2
(14,1,10,3): 24732.6
(14,1,11,3): 27824.2
(14,1,12,3): 17776.6
(14,1,13,3): 20868.1
(14,1,14,3): 10820.5
(14,1,15,3): 13912.1
(14,1,16,3): 17776.6
(14,1,17,3): 20868.1
(14,1,18,3): 24732.6
(14,1,19,3): 27824.2
(14,1,20,3): 22413.9
(14,1,21,3): 22413.9
(14,1,22,3): 22413.9
(14,1,23,3): 22413.9
(14,2,0,4): 36617.3
(14,2,1,4): 40189.8
(14,2,2,4): 28579.4
(14,2,3,4): 32151.8
(14,2,4,4): 20541.4
(14,2,5,4): 24113.9
(14,2,6,4): 28579.4
(14,2,7,4): 32151.8
(14,2,8,4): 36617.3
(14,2,9,4): 40189.8
(14,2,10,4): 28579.4
(14,2,11,4): 32151.8
(14,2,12,4): 20541.4
(14,2,13,4): 24113.9
(14,2,14,4): 12503.5
(14,2,15,4): 16075.9
(14,2,16,4): 20541.4
(14,2,17,4): 24113.9
(14,2,18,4): 28579.4
(14,2,19,4): 32151.8
(14,2,20,4): 25900.1
(14,2,21,4): 25900.1
(14,2,22,4): 25900.1
(14,2,23,4): 25900.1
(14,3,0,6): 31688.7
(14,3,1,6): 34780.2
(14,3,2,6): 24732.6
(14,3,3,6): 27824.2
(14,3,4,6): 17776.6
(14,3,5,6): 20868.1
(14,3,6,6): 24732.6
(14,3,7,6): 27824.2
(14,3,8,6): 31688.7
(14,3,9,6): 34780.2
(14,3,10,6): 24732.6
(14,3,11,6): 27824.2
(14,3,12,6): 17776.6
(14,3,13,6): 20868.1
(14,3,14,6): 10820.5
(14,3,15,6): 13912.1
(14,3,16,6): 17776.6
(14,3,17,6): 20868.1
(14,3,18,6): 24732.6
(14,3,19,6): 27824.2
(14,3,20,6): 22413.9
(14,3,21,6): 22413.9
(14,3,22,6): 22413.9
(14,3,23,6): 22413.9
(14,4,0,6): 36617.3
(14,4,1,6): 40189.8
(14,4,2,6): 28579.4
(14,4,3,6): 32151.8
(14,4,4,6): 20541.4
(14,4,5,6): 24113.9
(14,4,6,6): 28579.4
(14,4,7,6): 32151.8
(14,4,8,6): 36617.3
(14,4,9,6): 40189.8
(14,4,10,6): 28579.4
(14,4,11,6): 32151.8
(14,4,12,6): 20541.4
(14,4,13,6): 24113.9
(14,4,14,6): 12503.5
(14,4,15,6): 16075.9
(14,4,16,6): 20541.4
(14,4,17,6): 24113.9
(14,4,18,6): 28579.4
(14,4,19,6): 32151.8
(14,4,20,6): 25900.1
(14,4,21,6): 25900.1
(14,4,22,6): 25900.1
(14,4,23,6): 25900.1
(14,5,0,7): 14031.2
(14,5,0,8): 54274.8
(14,5,1,7): 15400.1
(14,5,1,8): 59569.9
(14,5,2,7): 10951.2
(14,5,2,8): 42360.8
(14,5,3,7): 12320.1
(14,5,3,8): 47655.9
(14,5,4,7): 7871.16
(14,5,4,8): 30446.8
(14,5,5,7): 9240.06
(14,5,5,8): 35741.9
(14,5,6,7): 10951.2
(14,5,6,8): 42360.8
(14,5,7,7): 12320.1
(14,5,7,8): 47655.9
(14,5,8,7): 14031.2
(14,5,8,8): 54274.8
(14,5,9,7): 15400.1
(14,5,9,8): 59569.9
(14,5,10,7): 10951.2
(14,5,10,8): 42360.8
(14,5,11,7): 12320.1
(14,5,11,8): 47655.9
(14,5,12,7): 7871.16
(14,5,12,8): 30446.8
(14,5,13,7): 9240.06
(14,5,13,8): 35741.9
(14,5,14,7): 4791.14
(14,5,14,8): 18532.9
(14,5,15,7): 6160.04
(14,5,15,8): 23828
(14,5,16,7): 7871.16
(14,5,16,8): 30446.8
(14,5,17,7): 9240.06
(14,5,17,8): 35741.9
(14,5,18,7): 10951.2
(14,5,18,8): 42360.8
(14,5,19,7): 12320.1
(14,5,19,8): 47655.9
(14,5,20,7): 9924.51
(14,5,20,8): 38389.5
(14,5,21,7): 9924.51
(14,5,21,8): 38389.5
(14,5,22,7): 9924.51
(14,5,22,8): 38389.5
(14,5,23,7): 9924.51
(14,5,23,8): 38389.5
(14,6,0,10): 34153
(14,6,0,17): 34153
(14,6,1,10): 37485
(14,6,1,17): 37485
(14,6,2,10): 26656
(14,6,2,17): 26656
(14,6,3,10): 29988
(14,6,3,17): 29988
(14,6,4,10): 19159
(14,6,4,17): 19159
(14,6,5,10): 22491
(14,6,5,17): 22491
(14,6,6,10): 26656
(14,6,6,17): 26656
(14,6,7,10): 29988
(14,6,7,17): 29988
(14,6,8,10): 34153
(14,6,8,17): 34153
(14,6,9,10): 37485
(14,6,9,17): 37485
(14,6,10,10): 26656
(14,6,10,17): 26656
(14,6,11,10): 29988
(14,6,11,17): 29988
(14,6,12,10): 19159
(14,6,12,17): 19159
(14,6,13,10): 22491
(14,6,13,17): 22491
(14,6,14,10): 11662
(14,6,14,17): 11662
(14,6,15,10): 14994
(14,6,15,17): 14994
(14,6,16,10): 19159
(14,6,16,17): 19159
(14,6,17,10): 22491
(14,6,17,17): 22491
(14,6,18,10): 26656
(14,6,18,17): 26656
(14,6,19,10): 29988
(14,6,19,17): 29988
(14,6,20,10): 24157
(14,6,20,17): 24157
(14,6,21,10): 24157
(14,6,21,17): 24157
(14,6,22,10): 24157
(14,6,22,17): 24157
(14,6,23,10): 24157
(14,6,23,17): 24157
(14,7,0,9): 14031.2
(14,7,1,9): 15400.1
(14,7,2,9): 10951.2
(14,7,3,9): 12320.1
(14,7,4,9): 7871.16
(14,7,5,9): 9240.06
(14,7,6,9): 10951.2
(14,7,7,9): 12320.1
(14,7,8,9): 14031.2
(14,7,9,9): 15400.1
(14,7,10,9): 10951.2
(14,7,11,9): 12320.1
(14,7,12,9): 7871.16
(14,7,13,9): 9240.06
(14,7,14,9): 4791.14
(14,7,15,9): 6160.04
(14,7,16,9): 7871.16
(14,7,17,9): 9240.06
(14,7,18,9): 10951.2
(14,7,19,9): 12320.1
(14,7,20,9): 9924.51
(14,7,21,9): 9924.51
(14,7,22,9): 9924.51
(14,7,23,9): 9924.51
(14,8,0,9): 20121.8
(14,8,0,16): 34153
(14,8,1,9): 22084.9
(14,8,1,16): 37485
(14,8,2,9): 15704.8
(14,8,2,16): 26656
(14,8,3,9): 17667.9
(14,8,3,16): 29988
(14,8,4,9): 11287.8
(14,8,4,16): 19159
(14,8,5,9): 13250.9
(14,8,5,16): 22491
(14,8,6,9): 15704.8
(14,8,6,16): 26656
(14,8,7,9): 17667.9
(14,8,7,16): 29988
(14,8,8,9): 20121.8
(14,8,8,16): 34153
(14,8,9,9): 22084.9
(14,8,9,16): 37485
(14,8,10,9): 15704.8
(14,8,10,16): 26656
(14,8,11,9): 17667.9
(14,8,11,16): 29988
(14,8,12,9): 11287.8
(14,8,12,16): 19159
(14,8,13,9): 13250.9
(14,8,13,16): 22491
(14,8,14,9): 6870.86
(14,8,14,16): 11662
(14,8,15,9): 8833.96
(14,8,15,16): 14994
(14,8,16,9): 11287.8
(14,8,16,16): 19159
(14,8,17,9): 13250.9
(14,8,17,16): 22491
(14,8,18,9): 15704.8
(14,8,18,16): 26656
(14,8,19,9): 17667.9
(14,8,19,16): 29988
(14,8,20,9): 14232.5
(14,8,20,16): 24157
(14,8,21,9): 14232.5
(14,8,21,16): 24157
(14,8,22,9): 14232.5
(14,8,22,16): 24157
(14,8,23,9): 14232.5
(14,8,23,16): 24157
(14,9,0,5): 34153
(14,9,1,5): 37485
(14,9,2,5): 26656
(14,9,3,5): 29988
(14,9,4,5): 19159
(14,9,5,5): 22491
(14,9,6,5): 26656
(14,9,7,5): 29988
(14,9,8,5): 34153
(14,9,9,5): 37485
(14,9,10,5): 26656
(14,9,11,5): 29988
(14,9,12,5): 19159
(14,9,13,5): 22491
(14,9,14,5): 11662
(14,9,15,5): 14994
(14,9,16,5): 19159
(14,9,17,5): 22491
(14,9,18,5): 26656
(14,9,19,5): 29988
(14,9,20,5): 24157
(14,9,21,5): 24157
(14,9,22,5): 24157
(14,9,23,5): 24157
(14,10,0,12): 34153
(14,10,1,12): 37485
(14,10,2,12): 26656
(14,10,3,12): 29988
(14,10,4,12): 19159
(14,10,5,12): 22491
(14,10,6,12): 26656
(14,10,7,12): 29988
(14,10,8,12): 34153
(14,10,9,12): 37485
(14,10,10,12): 26656
(14,10,11,12): 29988
(14,10,12,12): 19159
(14,10,13,12): 22491
(14,10,14,12): 11662
(14,10,15,12): 14994
(14,10,16,12): 19159
(14,10,17,12): 22491
(14,10,18,12): 26656
(14,10,19,12): 29988
(14,10,20,12): 24157
(14,10,21,12): 24157
(14,10,22,12): 24157
(14,10,23,12): 24157
(14,11,0,18): 5851.37
(14,11,1,18): 6422.24
(14,11,2,18): 4566.93
(14,11,3,18): 5137.79
(14,11,4,18): 3282.48
(14,11,5,18): 3853.34
(14,11,6,18): 4566.93
(14,11,7,18): 5137.79
(14,11,8,18): 5851.37
(14,11,9,18): 6422.24
(14,11,10,18): 4566.93
(14,11,11,18): 5137.79
(14,11,12,18): 3282.48
(14,11,13,18): 3853.34
(14,11,14,18): 1998.03
(14,11,15,18): 2568.9
(14,11,16,18): 3282.48
(14,11,17,18): 3853.34
(14,11,18,18): 4566.93
(14,11,19,18): 5137.79
(14,11,20,18): 4138.78
(14,11,21,18): 4138.78
(14,11,22,18): 4138.78
(14,11,23,18): 4138.78
(14,12,0,13): 34153
(14,12,0,18): 28301.6
(14,12,1,13): 37485
(14,12,1,18): 31062.8
(14,12,2,13): 26656
(14,12,2,18): 22089.1
(14,12,3,13): 29988
(14,12,3,18): 24850.2
(14,12,4,13): 19159
(14,12,4,18): 15876.5
(14,12,5,13): 22491
(14,12,5,18): 18637.7
(14,12,6,13): 26656
(14,12,6,18): 22089.1
(14,12,7,13): 29988
(14,12,7,18): 24850.2
(14,12,8,13): 34153
(14,12,8,18): 28301.6
(14,12,9,13): 37485
(14,12,9,18): 31062.8
(14,12,10,13): 26656
(14,12,10,18): 22089.1
(14,12,11,13): 29988
(14,12,11,18): 24850.2
(14,12,12,13): 19159
(14,12,12,18): 15876.5
(14,12,13,13): 22491
(14,12,13,18): 18637.7
(14,12,14,13): 11662
(14,12,14,18): 9663.97
(14,12,15,13): 14994
(14,12,15,18): 12425.1
(14,12,16,13): 19159
(14,12,16,18): 15876.5
(14,12,17,13): 22491
(14,12,17,18): 18637.7
(14,12,18,13): 26656
(14,12,18,18): 22089.1
(14,12,19,13): 29988
(14,12,19,18): 24850.2
(14,12,20,13): 24157
(14,12,20,18): 20018.2
(14,12,21,13): 24157
(14,12,21,18): 20018.2
(14,12,22,13): 24157
(14,12,22,18): 20018.2
(14,12,23,13): 24157
(14,12,23,18): 20018.2
(14,13,0,14): 34153
(14,13,1,14): 37485
(14,13,2,14): 26656
(14,13,3,14): 29988
(14,13,4,14): 19159
(14,13,5,14): 22491
(14,13,6,14): 26656
(14,13,7,14): 29988
(14,13,8,14): 34153
(14,13,9,14): 37485
(14,13,10,14): 26656
(14,13,11,14): 29988
(14,13,12,14): 19159
(14,13,13,14): 22491
(14,13,14,14): 11662
(14,13,15,14): 14994
(14,13,16,14): 19159
(14,13,17,14): 22491
(14,13,18,14): 26656
(14,13,19,14): 29988
(14,13,20,14): 24157
(14,13,21,14): 24157
(14,13,22,14): 24157
(14,13,23,14): 24157
(14,14,0,20): 29875.7
(14,14,0,21): 4277.34
(14,14,1,20): 32790.4
(14,14,1,21): 4694.64
(14,14,2,20): 23317.6
(14,14,2,21): 3338.41
(14,14,3,20): 26232.3
(14,14,3,21): 3755.71
(14,14,4,20): 16759.5
(14,14,4,21): 2399.48
(14,14,5,20): 19674.2
(14,14,5,21): 2816.78
(14,14,6,20): 23317.6
(14,14,6,21): 3338.41
(14,14,7,20): 26232.3
(14,14,7,21): 3755.71
(14,14,8,20): 29875.7
(14,14,8,21): 4277.34
(14,14,9,20): 32790.4
(14,14,9,21): 4694.64
(14,14,10,20): 23317.6
(14,14,10,21): 3338.41
(14,14,11,20): 26232.3
(14,14,11,21): 3755.71
(14,14,12,20): 16759.5
(14,14,12,21): 2399.48
(14,14,13,20): 19674.2
(14,14,13,21): 2816.78
(14,14,14,20): 10201.4
(14,14,14,21): 1460.55
(14,14,15,20): 13116.1
(14,14,15,21): 1877.86
(14,14,16,20): 16759.5
(14,14,16,21): 2399.48
(14,14,17,20): 19674.2
(14,14,17,21): 2816.78
(14,14,18,20): 23317.6
(14,14,18,21): 3338.41
(14,14,19,20): 26232.3
(14,14,19,21): 3755.71
(14,14,20,20): 21131.6
(14,14,20,21): 3025.43
(14,14,21,20): 21131.6
(14,14,21,21): 3025.43
(14,14,22,20): 21131.6
(14,14,22,21): 3025.43
(14,14,23,20): 21131.6
(14,14,23,21): 3025.43
(14,15,0,1): 31688.7
(14,15,0,2): 2464.33
(14,15,1,1): 34780.2
(14,15,1,2): 2704.76
(14,15,2,1): 24732.6
(14,15,2,2): 1923.38
(14,15,3,1): 27824.2
(14,15,3,2): 2163.8
(14,15,4,1): 17776.6
(14,15,4,2): 1382.43
(14,15,5,1): 20868.1
(14,15,5,2): 1622.85
(14,15,6,1): 24732.6
(14,15,6,2): 1923.38
(14,15,7,1): 27824.2
(14,15,7,2): 2163.8
(14,15,8,1): 31688.7
(14,15,8,2): 2464.33
(14,15,9,1): 34780.2
(14,15,9,2): 2704.76
(14,15,10,1): 24732.6
(14,15,10,2): 1923.38
(14,15,11,1): 27824.2
(14,15,11,2): 2163.8
(14,15,12,1): 17776.6
(14,15,12,2): 1382.43
(14,15,13,1): 20868.1
(14,15,13,2): 1622.85
(14,15,14,1): 10820.5
(14,15,14,2): 841.479
(14,15,15,1): 13912.1
(14,15,15,2): 1081.9
(14,15,16,1): 17776.6
(14,15,16,2): 1382.43
(14,15,17,1): 20868.1
(14,15,17,2): 1622.85
(14,15,18,1): 24732.6
(14,15,18,2): 1923.38
(14,15,19,1): 27824.2
(14,15,19,2): 2163.8
(14,15,20,1): 22413.9
(14,15,20,2): 1743.06
(14,15,21,1): 22413.9
(14,15,21,2): 1743.06
(14,15,22,1): 22413.9
(14,15,22,2): 1743.06
(14,15,23,1): 22413.9
(14,15,23,2): 1743.06
(14,16,0,5): 34153
(14,16,1,5): 37485
(14,16,2,5): 26656
(14,16,3,5): 29988
(14,16,4,5): 19159
(14,16,5,5): 22491
(14,16,6,5): 26656
(14,16,7,5): 29988
(14,16,8,5): 34153
(14,16,9,5): 37485
(14,16,10,5): 26656
(14,16,11,5): 29988
(14,16,12,5): 19159
(14,16,13,5): 22491
(14,16,14,5): 11662
(14,16,15,5): 14994
(14,16,16,5): 19159
(14,16,17,5): 22491
(14,16,18,5): 26656
(14,16,19,5): 29988
(14,16,20,5): 24157
(14,16,21,5): 24157
(14,16,22,5): 24157
(14,16,23,5): 24157
(14,17,0,11): 5851.37
(14,17,0,12): 28301.6
(14,17,1,11): 6422.24
(14,17,1,12): 31062.8
(14,17,2,11): 4566.93
(14,17,2,12): 22089.1
(14,17,3,11): 5137.79
(14,17,3,12): 24850.2
(14,17,4,11): 3282.48
(14,17,4,12): 15876.5
(14,17,5,11): 3853.34
(14,17,5,12): 18637.7
(14,17,6,11): 4566.93
(14,17,6,12): 22089.1
(14,17,7,11): 5137.79
(14,17,7,12): 24850.2
(14,17,8,11): 5851.37
(14,17,8,12): 28301.6
(14,17,9,11): 6422.24
(14,17,9,12): 31062.8
(14,17,10,11): 4566.93
(14,17,10,12): 22089.1
(14,17,11,11): 5137.79
(14,17,11,12): 24850.2
(14,17,12,11): 3282.48
(14,17,12,12): 15876.5
(14,17,13,11): 3853.34
(14,17,13,12): 18637.7
(14,17,14,11): 1998.03
(14,17,14,12): 9663.97
(14,17,15,11): 2568.9
(14,17,15,12): 12425.1
(14,17,16,11): 3282.48
(14,17,16,12): 15876.5
(14,17,17,11): 3853.34
(14,17,17,12): 18637.7
(14,17,18,11): 4566.93
(14,17,18,12): 22089.1
(14,17,19,11): 5137.79
(14,17,19,12): 24850.2
(14,17,20,11): 4138.78
(14,17,20,12): 20018.2
(14,17,21,11): 4138.78
(14,17,21,12): 20018.2
(14,17,22,11): 4138.78
(14,17,22,12): 20018.2
(14,17,23,11): 4138.78
(14,17,23,12): 20018.2
(14,18,0,19): 34153
(14,18,1,19): 37485
(14,18,2,19): 26656
(14,18,3,19): 29988
(14,18,4,19): 19159
(14,18,5,19): 22491
(14,18,6,19): 26656
(14,18,7,19): 29988
(14,18,8,19): 34153
(14,18,9,19): 37485
(14,18,10,19): 26656
(14,18,11,19): 29988
(14,18,12,19): 19159
(14,18,13,19): 22491
(14,18,14,19): 11662
(14,18,15,19): 14994
(14,18,16,19): 19159
(14,18,17,19): 22491
(14,18,18,19): 26656
(14,18,19,19): 29988
(14,18,20,19): 24157
(14,18,21,19): 24157
(14,18,22,19): 24157
(14,18,23,19): 24157
(14,19,0,22): 29875.7
(14,19,0,23): 4277.34
(14,19,1,22): 32790.4
(14,19,1,23): 4694.64
(14,19,2,22): 23317.6
(14,19,2,23): 3338.41
(14,19,3,22): 26232.3
(14,19,3,23): 3755.71
(14,19,4,22): 16759.5
(14,19,4,23): 2399.48
(14,19,5,22): 19674.2
(14,19,5,23): 2816.78
(14,19,6,22): 23317.6
(14,19,6,23): 3338.41
(14,19,7,22): 26232.3
(14,19,7,23): 3755.71
(14,19,8,22): 29875.7
(14,19,8,23): 4277.34
(14,19,9,22): 32790.4
(14,19,9,23): 4694.64
(14,19,10,22): 23317.6
(14,19,10,23): 3338.41
(14,19,11,22): 26232.3
(14,19,11,23): 3755.71
(14,19,12,22): 16759.5
(14,19,12,23): 2399.48
(14,19,13,22): 19674.2
(14,19,13,23): 2816.78
(14,19,14,22): 10201.4
(14,19,14,23): 1460.55
(14,19,15,22): 13116.1
(14,19,15,23): 1877.86
(14,19,16,22): 16759.5
(14,19,16,23): 2399.48
(14,19,17,22): 19674.2
(14,19,17,23): 2816.78
(14,19,18,22): 23317.6
(14,19,18,23): 3338.41
(14,19,19,22): 26232.3
(14,19,19,23): 3755.71
(14,19,20,22): 21131.6
(14,19,20,23): 3025.43
(14,19,21,22): 21131.6
(14,19,21,23): 3025.43
(14,19,22,22): 21131.6
(14,19,22,23): 3025.43
(14,19,23,22): 21131.6
(14,19,23,23): 3025.43
(14,20,0,0): 29875.7
(14,20,1,0): 32790.4
(14,20,2,0): 23317.6
(14,20,3,0): 26232.3
(14,20,4,0): 16759.5
(14,20,5,0): 19674.2
(14,20,6,0): 23317.6
(14,20,7,0): 26232.3
(14,20,8,0): 29875.7
(14,20,9,0): 32790.4
(14,20,10,0): 23317.6
(14,20,11,0): 26232.3
(14,20,12,0): 16759.5
(14,20,13,0): 19674.2
(14,20,14,0): 10201.4
(14,20,15,0): 13116.1
(14,20,16,0): 16759.5
(14,20,17,0): 19674.2
(14,20,18,0): 23317.6
(14,20,19,0): 26232.3
(14,20,20,0): 21131.6
(14,20,21,0): 21131.6
(14,20,22,0): 21131.6
(14,20,23,0): 21131.6
(14,21,0,0): 4277.34
(14,21,1,0): 4694.64
(14,21,2,0): 3338.41
(14,21,3,0): 3755.71
(14,21,4,0): 2399.48
(14,21,5,0): 2816.78
(14,21,6,0): 3338.41
(14,21,7,0): 3755.71
(14,21,8,0): 4277.34
(14,21,9,0): 4694.64
(14,21,10,0): 3338.41
(14,21,11,0): 3755.71
(14,21,12,0): 2399.48
(14,21,13,0): 2816.78
(14,21,14,0): 1460.55
(14,21,15,0): 1877.86
(14,21,16,0): 2399.48
(14,21,17,0): 2816.78
(14,21,18,0): 3338.41
(14,21,19,0): 3755.71
(14,21,20,0): 3025.43
(14,21,21,0): 3025.43
(14,21,22,0): 3025.43
(14,21,23,0): 3025.43
(14,22,0,15): 29875.7
(14,22,1,15): 32790.4
(14,22,2,15): 23317.6
(14,22,3,15): 26232.3
(14,22,4,15): 16759.5
(14,22,5,15): 19674.2
(14,22,6,15): 23317.6
(14,22,7,15): 26232.3
(14,22,8,15): 29875.7
(14,22,9,15): 32790.4
(14,22,10,15): 23317.6
(14,22,11,15): 26232.3
(14,22,12,15): 16759.5
(14,22,13,15): 19674.2
(14,22,14,15): 10201.4
(14,22,15,15): 13116.1
(14,22,16,15): 16759.5
(14,22,17,15): 19674.2
(14,22,18,15): 23317.6
(14,22,19,15): 26232.3
(14,22,20,15): 21131.6
(14,22,21,15): 21131.6
(14,22,22,15): 21131.6
(14,22,23,15): 21131.6
(14,23,0,15): 4277.34
(14,23,1,15): 4694.64
(14,23,2,15): 3338.41
(14,23,3,15): 3755.71
(14,23,4,15): 2399.48
(14,23,5,15): 2816.78
(14,23,6,15): 3338.41
(14,23,7,15): 3755.71
(14,23,8,15): 4277.34
(14,23,9,15): 4694.64
(14,23,10,15): 3338.41
(14,23,11,15): 3755.71
(14,23,12,15): 2399.48
(14,23,13,15): 2816.78
(14,23,14,15): 1460.55
(14,23,15,15): 1877.86
(14,23,16,15): 2399.48
(14,23,17,15): 2816.78
(14,23,18,15): 3338.41
(14,23,19,15): 3755.71
(14,23,20,15): 3025.43
(14,23,21,15): 3025.43
(14,23,22,15): 3025.43
(14,23,23,15): 3025.43
(15,0,0,2): 37485
(15,0,1,2): 40817
(15,0,2,2): 29988
(15,0,3,2): 33320
(15,0,4,2): 22491
(15,0,5,2): 25823
(15,0,6,2): 29988
(15,0,7,2): 33320
(15,0,8,2): 37485
(15,0,9,2): 40817
(15,0,10,2): 29988
(15,0,11,2): 33320
(15,0,12,2): 22491
(15,0,13,2): 25823
(15,0,14,2): 14994
(15,0,15,2): 18326
(15,0,16,2): 22491
(15,0,17,2): 25823
(15,0,18,2): 29988
(15,0,19,2): 33320
(15,0,20,2): 27489
(15,0,21,2): 27489
(15,0,22,2): 27489
(15,0,23,2): 27489
(15,1,0,3): 34780.2
(15,1,1,3): 37871.8
(15,1,2,3): 27824.2
(15,1,3,3): 30915.8
(15,1,4,3): 20868.1
(15,1,5,3): 23959.7
(15,1,6,3): 27824.2
(15,1,7,3): 30915.8
(15,1,8,3): 34780.2
(15,1,9,3): 37871.8
(15,1,10,3): 27824.2
(15,1,11,3): 30915.8
(15,1,12,3): 20868.1
(15,1,13,3): 23959.7
(15,1,14,3): 13912.1
(15,1,15,3): 17003.7
(15,1,16,3): 20868.1
(15,1,17,3): 23959.7
(15,1,18,3): 27824.2
(15,1,19,3): 30915.8
(15,1,20,3): 25505.5
(15,1,21,3): 25505.5
(15,1,22,3): 25505.5
(15,1,23,3): 25505.5
(15,2,0,4): 40189.8
(15,2,1,4): 43762.2
(15,2,2,4): 32151.8
(15,2,3,4): 35724.2
(15,2,4,4): 24113.9
(15,2,5,4): 27686.3
(15,2,6,4): 32151.8
(15,2,7,4): 35724.2
(15,2,8,4): 40189.8
(15,2,9,4): 43762.2
(15,2,10,4): 32151.8
(15,2,11,4): 35724.2
(15,2,12,4): 24113.9
(15,2,13,4): 27686.3
(15,2,14,4): 16075.9
(15,2,15,4): 19648.3
(15,2,16,4): 24113.9
(15,2,17,4): 27686.3
(15,2,18,4): 32151.8
(15,2,19,4): 35724.2
(15,2,20,4): 29472.5
(15,2,21,4): 29472.5
(15,2,22,4): 29472.5
(15,2,23,4): 29472.5
(15,3,0,6): 34780.2
(15,3,1,6): 37871.8
(15,3,2,6): 27824.2
(15,3,3,6): 30915.8
(15,3,4,6): 20868.1
(15,3,5,6): 23959.7
(15,3,6,6): 27824.2
(15,3,7,6): 30915.8
(15,3,8,6): 34780.2
(15,3,9,6): 37871.8
(15,3,10,6): 27824.2
(15,3,11,6): 30915.8
(15,3,12,6): 20868.1
(15,3,13,6): 23959.7
(15,3,14,6): 13912.1
(15,3,15,6): 17003.7
(15,3,16,6): 20868.1
(15,3,17,6): 23959.7
(15,3,18,6): 27824.2
(15,3,19,6): 30915.8
(15,3,20,6): 25505.5
(15,3,21,6): 25505.5
(15,3,22,6): 25505.5
(15,3,23,6): 25505.5
(15,4,0,6): 40189.8
(15,4,1,6): 43762.2
(15,4,2,6): 32151.8
(15,4,3,6): 35724.2
(15,4,4,6): 24113.9
(15,4,5,6): 27686.3
(15,4,6,6): 32151.8
(15,4,7,6): 35724.2
(15,4,8,6): 40189.8
(15,4,9,6): 43762.2
(15,4,10,6): 32151.8
(15,4,11,6): 35724.2
(15,4,12,6): 24113.9
(15,4,13,6): 27686.3
(15,4,14,6): 16075.9
(15,4,15,6): 19648.3
(15,4,16,6): 24113.9
(15,4,17,6): 27686.3
(15,4,18,6): 32151.8
(15,4,19,6): 35724.2
(15,4,20,6): 29472.5
(15,4,21,6): 29472.5
(15,4,22,6): 29472.5
(15,4,23,6): 29472.5
(15,5,0,7): 15400.1
(15,5,0,8): 59569.9
(15,5,1,7): 16769
(15,5,1,8): 64865
(15,5,2,7): 12320.1
(15,5,2,8): 47655.9
(15,5,3,7): 13689
(15,5,3,8): 52951
(15,5,4,7): 9240.06
(15,5,4,8): 35741.9
(15,5,5,7): 10609
(15,5,5,8): 41037
(15,5,6,7): 12320.1
(15,5,6,8): 47655.9
(15,5,7,7): 13689
(15,5,7,8): 52951
(15,5,8,7): 15400.1
(15,5,8,8): 59569.9
(15,5,9,7): 16769
(15,5,9,8): 64865
(15,5,10,7): 12320.1
(15,5,10,8): 47655.9
(15,5,11,7): 13689
(15,5,11,8): 52951
(15,5,12,7): 9240.06
(15,5,12,8): 35741.9
(15,5,13,7): 10609
(15,5,13,8): 41037
(15,5,14,7): 6160.04
(15,5,14,8): 23828
(15,5,15,7): 7528.94
(15,5,15,8): 29123.1
(15,5,16,7): 9240.06
(15,5,16,8): 35741.9
(15,5,17,7): 10609
(15,5,17,8): 41037
(15,5,18,7): 12320.1
(15,5,18,8): 47655.9
(15,5,19,7): 13689
(15,5,19,8): 52951
(15,5,20,7): 11293.4
(15,5,20,8): 43684.6
(15,5,21,7): 11293.4
(15,5,21,8): 43684.6
(15,5,22,7): 11293.4
(15,5,22,8): 43684.6
(15,5,23,7): 11293.4
(15,5,23,8): 43684.6
(15,6,0,10): 37485
(15,6,0,17): 37485
(15,6,1,10): 40817
(15,6,1,17): 40817
(15,6,2,10): 29988
(15,6,2,17): 29988
(15,6,3,10): 33320
(15,6,3,17): 33320
(15,6,4,10): 22491
(15,6,4,17): 22491
(15,6,5,10): 25823
(15,6,5,17): 25823
(15,6,6,10): 29988
(15,6,6,17): 29988
(15,6,7,10): 33320
(15,6,7,17): 33320
(15,6,8,10): 37485
(15,6,8,17): 37485
(15,6,9,10): 40817
(15,6,9,17): 40817
(15,6,10,10): 29988
(15,6,10,17): 29988
(15,6,11,10): 33320
(15,6,11,17): 33320
(15,6,12,10): 22491
(15,6,12,17): 22491
(15,6,13,10): 25823
(15,6,13,17): 25823
(15,6,14,10): 14994
(15,6,14,17): 14994
(15,6,15,10): 18326
(15,6,15,17): 18326
(15,6,16,10): 22491
(15,6,16,17): 22491
(15,6,17,10): 25823
(15,6,17,17): 25823
(15,6,18,10): 29988
(15,6,18,17): 29988
(15,6,19,10): 33320
(15,6,19,17): 33320
(15,6,20,10): 27489
(15,6,20,17): 27489
(15,6,21,10): 27489
(15,6,21,17): 27489
(15,6,22,10): 27489
(15,6,22,17): 27489
(15,6,23,10): 27489
(15,6,23,17): 27489
(15,7,0,9): 15400.1
(15,7,1,9): 16769
(15,7,2,9): 12320.1
(15,7,3,9): 13689
(15,7,4,9): 9240.06
(15,7,5,9): 10609
(15,7,6,9): 12320.1
(15,7,7,9): 13689
(15,7,8,9): 15400.1
(15,7,9,9): 16769
(15,7,10,9): 12320.1
(15,7,11,9): 13689
(15,7,12,9): 9240.06
(15,7,13,9): 10609
(15,7,14,9): 6160.04
(15,7,15,9): 7528.94
(15,7,16,9): 9240.06
(15,7,17,9): 10609
(15,7,18,9): 12320.1
(15,7,19,9): 13689
(15,7,20,9): 11293.4
(15,7,21,9): 11293.4
(15,7,22,9): 11293.4
(15,7,23,9): 11293.4
(15,8,0,9): 22084.9
(15,8,0,16): 37485
(15,8,1,9): 24048
(15,8,1,16): 40817
(15,8,2,9): 17667.9
(15,8,2,16): 29988
(15,8,3,9): 19631
(15,8,3,16): 33320
(15,8,4,9): 13250.9
(15,8,4,16): 22491
(15,8,5,9): 15214
(15,8,5,16): 25823
(15,8,6,9): 17667.9
(15,8,6,16): 29988
(15,8,7,9): 19631
(15,8,7,16): 33320
(15,8,8,9): 22084.9
(15,8,8,16): 37485
(15,8,9,9): 24048
(15,8,9,16): 40817
(15,8,10,9): 17667.9
(15,8,10,16): 29988
(15,8,11,9): 19631
(15,8,11,16): 33320
(15,8,12,9): 13250.9
(15,8,12,16): 22491
(15,8,13,9): 15214
(15,8,13,16): 25823
(15,8,14,9): 8833.96
(15,8,14,16): 14994
(15,8,15,9): 10797.1
(15,8,15,16): 18326
(15,8,16,9): 13250.9
(15,8,16,16): 22491
(15,8,17,9): 15214
(15,8,17,16): 25823
(15,8,18,9): 17667.9
(15,8,18,16): 29988
(15,8,19,9): 19631
(15,8,19,16): 33320
(15,8,20,9): 16195.6
(15,8,20,16): 27489
(15,8,21,9): 16195.6
(15,8,21,16): 27489
(15,8,22,9): 16195.6
(15,8,22,16): 27489
(15,8,23,9): 16195.6
(15,8,23,16): 27489
(15,9,0,5): 37485
(15,9,1,5): 40817
(15,9,2,5): 29988
(15,9,3,5): 33320
(15,9,4,5): 22491
(15,9,5,5): 25823
(15,9,6,5): 29988
(15,9,7,5): 33320
(15,9,8,5): 37485
(15,9,9,5): 40817
(15,9,10,5): 29988
(15,9,11,5): 33320
(15,9,12,5): 22491
(15,9,13,5): 25823
(15,9,14,5): 14994
(15,9,15,5): 18326
(15,9,16,5): 22491
(15,9,17,5): 25823
(15,9,18,5): 29988
(15,9,19,5): 33320
(15,9,20,5): 27489
(15,9,21,5): 27489
(15,9,22,5): 27489
(15,9,23,5): 27489
(15,10,0,12): 37485
(15,10,1,12): 40817
(15,10,2,12): 29988
(15,10,3,12): 33320
(15,10,4,12): 22491
(15,10,5,12): 25823
(15,10,6,12): 29988
(15,10,7,12): 33320
(15,10,8,12): 37485
(15,10,9,12): 40817
(15,10,10,12): 29988
(15,10,11,12): 33320
(15,10,12,12): 22491
(15,10,13,12): 25823
(15,10,14,12): 14994
(15,10,15,12): 18326
(15,10,16,12): 22491
(15,10,17,12): 25823
(15,10,18,12): 29988
(15,10,19,12): 33320
(15,10,20,12): 27489
(15,10,21,12): 27489
(15,10,22,12): 27489
(15,10,23,12): 27489
(15,11,0,18): 6422.24
(15,11,1,18): 6993.1
(15,11,2,18): 5137.79
(15,11,3,18): 5708.66
(15,11,4,18): 3853.34
(15,11,5,18): 4424.21
(15,11,6,18): 5137.79
(15,11,7,18): 5708.66
(15,11,8,18): 6422.24
(15,11,9,18): 6993.1
(15,11,10,18): 5137.79
(15,11,11,18): 5708.66
(15,11,12,18): 3853.34
(15,11,13,18): 4424.21
(15,11,14,18): 2568.9
(15,11,15,18): 3139.76
(15,11,16,18): 3853.34
(15,11,17,18): 4424.21
(15,11,18,18): 5137.79
(15,11,19,18): 5708.66
(15,11,20,18): 4709.64
(15,11,21,18): 4709.64
(15,11,22,18): 4709.64
(15,11,23,18): 4709.64
(15,12,0,13): 37485
(15,12,0,18): 31062.8
(15,12,1,13): 40817
(15,12,1,18): 33823.9
(15,12,2,13): 29988
(15,12,2,18): 24850.2
(15,12,3,13): 33320
(15,12,3,18): 27611.3
(15,12,4,13): 22491
(15,12,4,18): 18637.7
(15,12,5,13): 25823
(15,12,5,18): 21398.8
(15,12,6,13): 29988
(15,12,6,18): 24850.2
(15,12,7,13): 33320
(15,12,7,18): 27611.3
(15,12,8,13): 37485
(15,12,8,18): 31062.8
(15,12,9,13): 40817
(15,12,9,18): 33823.9
(15,12,10,13): 29988
(15,12,10,18): 24850.2
(15,12,11,13): 33320
(15,12,11,18): 27611.3
(15,12,12,13): 22491
(15,12,12,18): 18637.7
(15,12,13,13): 25823
(15,12,13,18): 21398.8
(15,12,14,13): 14994
(15,12,14,18): 12425.1
(15,12,15,13): 18326
(15,12,15,18): 15186.2
(15,12,16,13): 22491
(15,12,16,18): 18637.7
(15,12,17,13): 25823
(15,12,17,18): 21398.8
(15,12,18,13): 29988
(15,12,18,18): 24850.2
(15,12,19,13): 33320
(15,12,19,18): 27611.3
(15,12,20,13): 27489
(15,12,20,18): 22779.4
(15,12,21,13): 27489
(15,12,21,18): 22779.4
(15,12,22,13): 27489
(15,12,22,18): 22779.4
(15,12,23,13): 27489
(15,12,23,18): 22779.4
(15,13,0,14): 37485
(15,13,1,14): 40817
(15,13,2,14): 29988
(15,13,3,14): 33320
(15,13,4,14): 22491
(15,13,5,14): 25823
(15,13,6,14): 29988
(15,13,7,14): 33320
(15,13,8,14): 37485
(15,13,9,14): 40817
(15,13,10,14): 29988
(15,13,11,14): 33320
(15,13,12,14): 22491
(15,13,13,14): 25823
(15,13,14,14): 14994
(15,13,15,14): 18326
(15,13,16,14): 22491
(15,13,17,14): 25823
(15,13,18,14): 29988
(15,13,19,14): 33320
(15,13,20,14): 27489
(15,13,21,14): 27489
(15,13,22,14): 27489
(15,13,23,14): 27489
(15,14,0,20): 32790.4
(15,14,0,21): 4694.64
(15,14,1,20): 35705.1
(15,14,1,21): 5111.94
(15,14,2,20): 26232.3
(15,14,2,21): 3755.71
(15,14,3,20): 29147
(15,14,3,21): 4173.01
(15,14,4,20): 19674.2
(15,14,4,21): 2816.78
(15,14,5,20): 22588.9
(15,14,5,21): 3234.08
(15,14,6,20): 26232.3
(15,14,6,21): 3755.71
(15,14,7,20): 29147
(15,14,7,21): 4173.01
(15,14,8,20): 32790.4
(15,14,8,21): 4694.64
(15,14,9,20): 35705.1
(15,14,9,21): 5111.94
(15,14,10,20): 26232.3
(15,14,10,21): 3755.71
(15,14,11,20): 29147
(15,14,11,21): 4173.01
(15,14,12,20): 19674.2
(15,14,12,21): 2816.78
(15,14,13,20): 22588.9
(15,14,13,21): 3234.08
(15,14,14,20): 13116.1
(15,14,14,21): 1877.86
(15,14,15,20): 16030.8
(15,14,15,21): 2295.16
(15,14,16,20): 19674.2
(15,14,16,21): 2816.78
(15,14,17,20): 22588.9
(15,14,17,21): 3234.08
(15,14,18,20): 26232.3
(15,14,18,21): 3755.71
(15,14,19,20): 29147
(15,14,19,21): 4173.01
(15,14,20,20): 24046.3
(15,14,20,21): 3442.73
(15,14,21,20): 24046.3
(15,14,21,21): 3442.73
(15,14,22,20): 24046.3
(15,14,22,21): 3442.73
(15,14,23,20): 24046.3
(15,14,23,21): 3442.73
(15,15,0,1): 34780.2
(15,15,0,2): 2704.76
(15,15,1,1): 37871.8
(15,15,1,2): 2945.18
(15,15,2,1): 27824.2
(15,15,2,2): 2163.8
(15,15,3,1): 30915.8
(15,15,3,2): 2404.23
(15,15,4,1): 20868.1
(15,15,4,2): 1622.85
(15,15,5,1): 23959.7
(15,15,5,2): 1863.28
(15,15,6,1): 27824.2
(15,15,6,2): 2163.8
(15,15,7,1): 30915.8
(15,15,7,2): 2404.23
(15,15,8,1): 34780.2
(15,15,8,2): 2704.76
(15,15,9,1): 37871.8
(15,15,9,2): 2945.18
(15,15,10,1): 27824.2
(15,15,10,2): 2163.8
(15,15,11,1): 30915.8
(15,15,11,2): 2404.23
(15,15,12,1): 20868.1
(15,15,12,2): 1622.85
(15,15,13,1): 23959.7
(15,15,13,2): 1863.28
(15,15,14,1): 13912.1
(15,15,14,2): 1081.9
(15,15,15,1): 17003.7
(15,15,15,2): 1322.32
(15,15,16,1): 20868.1
(15,15,16,2): 1622.85
(15,15,17,1): 23959.7
(15,15,17,2): 1863.28
(15,15,18,1): 27824.2
(15,15,18,2): 2163.8
(15,15,19,1): 30915.8
(15,15,19,2): 2404.23
(15,15,20,1): 25505.5
(15,15,20,2): 1983.49
(15,15,21,1): 25505.5
(15,15,21,2): 1983.49
(15,15,22,1): 25505.5
(15,15,22,2): 1983.49
(15,15,23,1): 25505.5
(15,15,23,2): 1983.49
(15,16,0,5): 37485
(15,16,1,5): 40817
(15,16,2,5): 29988
(15,16,3,5): 33320
(15,16,4,5): 22491
(15,16,5,5): 25823
(15,16,6,5): 29988
(15,16,7,5): 33320
(15,16,8,5): 37485
(15,16,9,5): 40817
(15,16,10,5): 29988
(15,16,11,5): 33320
(15,16,12,5): 22491
(15,16,13,5): 25823
(15,16,14,5): 14994
(15,16,15,5): 18326
(15,16,16,5): 22491
(15,16,17,5): 25823
(15,16,18,5): 29988
(15,16,19,5): 33320
(15,16,20,5): 27489
(15,16,21,5): 27489
(15,16,22,5): 27489
(15,16,23,5): 27489
(15,17,0,11): 6422.24
(15,17,0,12): 31062.8
(15,17,1,11): 6993.1
(15,17,1,12): 33823.9
(15,17,2,11): 5137.79
(15,17,2,12): 24850.2
(15,17,3,11): 5708.66
(15,17,3,12): 27611.3
(15,17,4,11): 3853.34
(15,17,4,12): 18637.7
(15,17,5,11): 4424.21
(15,17,5,12): 21398.8
(15,17,6,11): 5137.79
(15,17,6,12): 24850.2
(15,17,7,11): 5708.66
(15,17,7,12): 27611.3
(15,17,8,11): 6422.24
(15,17,8,12): 31062.8
(15,17,9,11): 6993.1
(15,17,9,12): 33823.9
(15,17,10,11): 5137.79
(15,17,10,12): 24850.2
(15,17,11,11): 5708.66
(15,17,11,12): 27611.3
(15,17,12,11): 3853.34
(15,17,12,12): 18637.7
(15,17,13,11): 4424.21
(15,17,13,12): 21398.8
(15,17,14,11): 2568.9
(15,17,14,12): 12425.1
(15,17,15,11): 3139.76
(15,17,15,12): 15186.2
(15,17,16,11): 3853.34
(15,17,16,12): 18637.7
(15,17,17,11): 4424.21
(15,17,17,12): 21398.8
(15,17,18,11): 5137.79
(15,17,18,12): 24850.2
(15,17,19,11): 5708.66
(15,17,19,12): 27611.3
(15,17,20,11): 4709.64
(15,17,20,12): 22779.4
(15,17,21,11): 4709.64
(15,17,21,12): 22779.4
(15,17,22,11): 4709.64
(15,17,22,12): 22779.4
(15,17,23,11): 4709.64
(15,17,23,12): 22779.4
(15,18,0,19): 37485
(15,18,1,19): 40817
(15,18,2,19): 29988
(15,18,3,19): 33320
(15,18,4,19): 22491
(15,18,5,19): 25823
(15,18,6,19): 29988
(15,18,7,19): 33320
(15,18,8,19): 37485
(15,18,9,19): 40817
(15,18,10,19): 29988
(15,18,11,19): 33320
(15,18,12,19): 22491
(15,18,13,19): 25823
(15,18,14,19): 14994
(15,18,15,19): 18326
(15,18,16,19): 22491
(15,18,17,19): 25823
(15,18,18,19): 29988
(15,18,19,19): 33320
(15,18,20,19): 27489
(15,18,21,19): 27489
(15,18,22,19): 27489
(15,18,23,19): 27489
(15,19,0,22): 32790.4
(15,19,0,23): 4694.64
(15,19,1,22): 35705.1
(15,19,1,23): 5111.94
(15,19,2,22): 26232.3
(15,19,2,23): 3755.71
(15,19,3,22): 29147
(15,19,3,23): 4173.01
(15,19,4,22): 19674.2
(15,19,4,23): 2816.78
(15,19,5,22): 22588.9
(15,19,5,23): 3234.08
(15,19,6,22): 26232.3
(15,19,6,23): 3755.71
(15,19,7,22): 29147
(15,19,7,23): 4173.01
(15,19,8,22): 32790.4
(15,19,8,23): 4694.64
(15,19,9,22): 35705.1
(15,19,9,23): 5111.94
(15,19,10,22): 26232.3
(15,19,10,23): 3755.71
(15,19,11,22): 29147
(15,19,11,23): 4173.01
(15,19,12,22): 19674.2
(15,19,12,23): 2816.78
(15,19,13,22): 22588.9
(15,19,13,23): 3234.08
(15,19,14,22): 13116.1
(15,19,14,23): 1877.86
(15,19,15,22): 16030.8
(15,19,15,23): 2295.16
(15,19,16,22): 19674.2
(15,19,16,23): 2816.78
(15,19,17,22): 22588.9
(15,19,17,23): 3234.08
(15,19,18,22): 26232.3
(15,19,18,23): 3755.71
(15,19,19,22): 29147
(15,19,19,23): 4173.01
(15,19,20,22): 24046.3
(15,19,20,23): 3442.73
(15,19,21,22): 24046.3
(15,19,21,23): 3442.73
(15,19,22,22): 24046.3
(15,19,22,23): 3442.73
(15,19,23,22): 24046.3
(15,19,23,23): 3442.73
(15,20,0,0): 32790.4
(15,20,1,0): 35705.1
(15,20,2,0): 26232.3
(15,20,3,0): 29147
(15,20,4,0): 19674.2
(15,20,5,0): 22588.9
(15,20,6,0): 26232.3
(15,20,7,0): 29147
(15,20,8,0): 32790.4
(15,20,9,0): 35705.1
(15,20,10,0): 26232.3
(15,20,11,0): 29147
(15,20,12,0): 19674.2
(15,20,13,0): 22588.9
(15,20,14,0): 13116.1
(15,20,15,0): 16030.8
(15,20,16,0): 19674.2
(15,20,17,0): 22588.9
(15,20,18,0): 26232.3
(15,20,19,0): 29147
(15,20,20,0): 24046.3
(15,20,21,0): 24046.3
(15,20,22,0): 24046.3
(15,20,23,0): 24046.3
(15,21,0,0): 4694.64
(15,21,1,0): 5111.94
(15,21,2,0): 3755.71
(15,21,3,0): 4173.01
(15,21,4,0): 2816.78
(15,21,5,0): 3234.08
(15,21,6,0): 3755.71
(15,21,7,0): 4173.01
(15,21,8,0): 4694.64
(15,21,9,0): 5111.94
(15,21,10,0): 3755.71
(15,21,11,0): 4173.01
(15,21,12,0): 2816.78
(15,21,13,0): 3234.08
(15,21,14,0): 1877.86
(15,21,15,0): 2295.16
(15,21,16,0): 2816.78
(15,21,17,0): 3234.08
(15,21,18,0): 3755.71
(15,21,19,0): 4173.01
(15,21,20,0): 3442.73
(15,21,21,0): 3442.73
(15,21,22,0): 3442.73
(15,21,23,0): 3442.73
(15,22,0,15): 32790.4
(15,22,1,15): 35705.1
(15,22,2,15): 26232.3
(15,22,3,15): 29147
(15,22,4,15): 19674.2
(15,22,5,15): 22588.9
(15,22,6,15): 26232.3
(15,22,7,15): 29147
(15,22,8,15): 32790.4
(15,22,9,15): 35705.1
(15,22,10,15): 26232.3
(15,22,11,15): 29147
(15,22,12,15): 19674.2
(15,22,13,15): 22588.9
(15,22,14,15): 13116.1
(15,22,15,15): 16030.8
(15,22,16,15): 19674.2
(15,22,17,15): 22588.9
(15,22,18,15): 26232.3
(15,22,19,15): 29147
(15,22,20,15): 24046.3
(15,22,21,15): 24046.3
(15,22,22,15): 24046.3
(15,22,23,15): 24046.3
(15,23,0,15): 4694.64
(15,23,1,15): 5111.94
(15,23,2,15): 3755.71
(15,23,3,15): 4173.01
(15,23,4,15): 2816.78
(15,23,5,15): 3234.08
(15,23,6,15): 3755.71
(15,23,7,15): 4173.01
(15,23,8,15): 4694.64
(15,23,9,15): 5111.94
(15,23,10,15): 3755.71
(15,23,11,15): 4173.01
(15,23,12,15): 2816.78
(15,23,13,15): 3234.08
(15,23,14,15): 1877.86
(15,23,15,15): 2295.16
(15,23,16,15): 2816.78
(15,23,17,15): 3234.08
(15,23,18,15): 3755.71
(15,23,19,15): 4173.01
(15,23,20,15): 3442.73
(15,23,21,15): 3442.73
(15,23,22,15): 3442.73
(15,23,23,15): 3442.73
(16,0,0,2): 41650
(16,0,1,2): 44982
(16,0,2,2): 34153
(16,0,3,2): 37485
(16,0,4,2): 26656
(16,0,5,2): 29988
(16,0,6,2): 19159
(16,0,7,2): 22491
(16,0,8,2): 26656
(16,0,9,2): 29988
(16,0,10,2): 34153
(16,0,11,2): 37485
(16,0,12,2): 26656
(16,0,13,2): 29988
(16,0,14,2): 19159
(16,0,15,2): 22491
(16,0,16,2): 11662
(16,0,17,2): 14994
(16,0,18,2): 19159
(16,0,19,2): 22491
(16,0,20,2): 31654
(16,0,21,2): 31654
(16,0,22,2): 31654
(16,0,23,2): 31654
(16,1,0,3): 38644.7
(16,1,1,3): 41736.3
(16,1,2,3): 31688.7
(16,1,3,3): 34780.2
(16,1,4,3): 24732.6
(16,1,5,3): 27824.2
(16,1,6,3): 17776.6
(16,1,7,3): 20868.1
(16,1,8,3): 24732.6
(16,1,9,3): 27824.2
(16,1,10,3): 31688.7
(16,1,11,3): 34780.2
(16,1,12,3): 24732.6
(16,1,13,3): 27824.2
(16,1,14,3): 17776.6
(16,1,15,3): 20868.1
(16,1,16,3): 10820.5
(16,1,17,3): 13912.1
(16,1,18,3): 17776.6
(16,1,19,3): 20868.1
(16,1,20,3): 29370
(16,1,21,3): 29370
(16,1,22,3): 29370
(16,1,23,3): 29370
(16,2,0,4): 44655.3
(16,2,1,4): 48227.7
(16,2,2,4): 36617.3
(16,2,3,4): 40189.8
(16,2,4,4): 28579.4
(16,2,5,4): 32151.8
(16,2,6,4): 20541.4
(16,2,7,4): 24113.9
(16,2,8,4): 28579.4
(16,2,9,4): 32151.8
(16,2,10,4): 36617.3
(16,2,11,4): 40189.8
(16,2,12,4): 28579.4
(16,2,13,4): 32151.8
(16,2,14,4): 20541.4
(16,2,15,4): 24113.9
(16,2,16,4): 12503.5
(16,2,17,4): 16075.9
(16,2,18,4): 20541.4
(16,2,19,4): 24113.9
(16,2,20,4): 33938
(16,2,21,4): 33938
(16,2,22,4): 33938
(16,2,23,4): 33938
(16,3,0,6): 38644.7
(16,3,1,6): 41736.3
(16,3,2,6): 31688.7
(16,3,3,6): 34780.2
(16,3,4,6): 24732.6
(16,3,5,6): 27824.2
(16,3,6,6): 17776.6
(16,3,7,6): 20868.1
(16,3,8,6): 24732.6
(16,3,9,6): 27824.2
(16,3,10,6): 31688.7
(16,3,11,6): 34780.2
(16,3,12,6): 24732.6
(16,3,13,6): 27824.2
(16,3,14,6): 17776.6
(16,3,15,6): 20868.1
(16,3,16,6): 10820.5
(16,3,17,6): 13912.1
(16,3,18,6): 17776.6
(16,3,19,6): 20868.1
(16,3,20,6): 29370
(16,3,21,6): 29370
(16,3,22,6): 29370
(16,3,23,6): 29370
(16,4,0,6): 44655.3
(16,4,1,6): 48227.7
(16,4,2,6): 36617.3
(16,4,3,6): 40189.8
(16,4,4,6): 28579.4
(16,4,5,6): 32151.8
(16,4,6,6): 20541.4
(16,4,7,6): 24113.9
(16,4,8,6): 28579.4
(16,4,9,6): 32151.8
(16,4,10,6): 36617.3
(16,4,11,6): 40189.8
(16,4,12,6): 28579.4
(16,4,13,6): 32151.8
(16,4,14,6): 20541.4
(16,4,15,6): 24113.9
(16,4,16,6): 12503.5
(16,4,17,6): 16075.9
(16,4,18,6): 20541.4
(16,4,19,6): 24113.9
(16,4,20,6): 33938
(16,4,21,6): 33938
(16,4,22,6): 33938
(16,4,23,6): 33938
(16,5,0,7): 17111.2
(16,5,0,8): 66188.8
(16,5,1,7): 18480.1
(16,5,1,8): 71483.9
(16,5,2,7): 14031.2
(16,5,2,8): 54274.8
(16,5,3,7): 15400.1
(16,5,3,8): 59569.9
(16,5,4,7): 10951.2
(16,5,4,8): 42360.8
(16,5,5,7): 12320.1
(16,5,5,8): 47655.9
(16,5,6,7): 7871.16
(16,5,6,8): 30446.8
(16,5,7,7): 9240.06
(16,5,7,8): 35741.9
(16,5,8,7): 10951.2
(16,5,8,8): 42360.8
(16,5,9,7): 12320.1
(16,5,9,8): 47655.9
(16,5,10,7): 14031.2
(16,5,10,8): 54274.8
(16,5,11,7): 15400.1
(16,5,11,8): 59569.9
(16,5,12,7): 10951.2
(16,5,12,8): 42360.8
(16,5,13,7): 12320.1
(16,5,13,8): 47655.9
(16,5,14,7): 7871.16
(16,5,14,8): 30446.8
(16,5,15,7): 9240.06
(16,5,15,8): 35741.9
(16,5,16,7): 4791.14
(16,5,16,8): 18532.9
(16,5,17,7): 6160.04
(16,5,17,8): 23828
(16,5,18,7): 7871.16
(16,5,18,8): 30446.8
(16,5,19,7): 9240.06
(16,5,19,8): 35741.9
(16,5,20,7): 13004.5
(16,5,20,8): 50303.5
(16,5,21,7): 13004.5
(16,5,21,8): 50303.5
(16,5,22,7): 13004.5
(16,5,22,8): 50303.5
(16,5,23,7): 13004.5
(16,5,23,8): 50303.5
(16,6,0,10): 41650
(16,6,0,17): 41650
(16,6,1,10): 44982
(16,6,1,17): 44982
(16,6,2,10): 34153
(16,6,2,17): 34153
(16,6,3,10): 37485
(16,6,3,17): 37485
(16,6,4,10): 26656
(16,6,4,17): 26656
(16,6,5,10): 29988
(16,6,5,17): 29988
(16,6,6,10): 19159
(16,6,6,17): 19159
(16,6,7,10): 22491
(16,6,7,17): 22491
(16,6,8,10): 26656
(16,6,8,17): 26656
(16,6,9,10): 29988
(16,6,9,17): 29988
(16,6,10,10): 34153
(16,6,10,17): 34153
(16,6,11,10): 37485
(16,6,11,17): 37485
(16,6,12,10): 26656
(16,6,12,17): 26656
(16,6,13,10): 29988
(16,6,13,17): 29988
(16,6,14,10): 19159
(16,6,14,17): 19159
(16,6,15,10): 22491
(16,6,15,17): 22491
(16,6,16,10): 11662
(16,6,16,17): 11662
(16,6,17,10): 14994
(16,6,17,17): 14994
(16,6,18,10): 19159
(16,6,18,17): 19159
(16,6,19,10): 22491
(16,6,19,17): 22491
(16,6,20,10): 31654
(16,6,20,17): 31654
(16,6,21,10): 31654
(16,6,21,17): 31654
(16,6,22,10): 31654
(16,6,22,17): 31654
(16,6,23,10): 31654
(16,6,23,17): 31654
(16,7,0,9): 17111.2
(16,7,1,9): 18480.1
(16,7,2,9): 14031.2
(16,7,3,9): 15400.1
(16,7,4,9): 10951.2
(16,7,5,9): 12320.1
(16,7,6,9): 7871.16
(16,7,7,9): 9240.06
(16,7,8,9): 10951.2
(16,7,9,9): 12320.1
(16,7,10,9): 14031.2
(16,7,11,9): 15400.1
(16,7,12,9): 10951.2
(16,7,13,9): 12320.1
(16,7,14,9): 7871.16
(16,7,15,9): 9240.06
(16,7,16,9): 4791.14
(16,7,17,9): 6160.04
(16,7,18,9): 7871.16
(16,7,19,9): 9240.06
(16,7,20,9): 13004.5
(16,7,21,9): 13004.5
(16,7,22,9): 13004.5
(16,7,23,9): 13004.5
(16,8,0,9): 24538.8
(16,8,0,16): 41650
(16,8,1,9): 26501.9
(16,8,1,16): 44982
(16,8,2,9): 20121.8
(16,8,2,16): 34153
(16,8,3,9): 22084.9
(16,8,3,16): 37485
(16,8,4,9): 15704.8
(16,8,4,16): 26656
(16,8,5,9): 17667.9
(16,8,5,16): 29988
(16,8,6,9): 11287.8
(16,8,6,16): 19159
(16,8,7,9): 13250.9
(16,8,7,16): 22491
(16,8,8,9): 15704.8
(16,8,8,16): 26656
(16,8,9,9): 17667.9
(16,8,9,16): 29988
(16,8,10,9): 20121.8
(16,8,10,16): 34153
(16,8,11,9): 22084.9
(16,8,11,16): 37485
(16,8,12,9): 15704.8
(16,8,12,16): 26656
(16,8,13,9): 17667.9
(16,8,13,16): 29988
(16,8,14,9): 11287.8
(16,8,14,16): 19159
(16,8,15,9): 13250.9
(16,8,15,16): 22491
(16,8,16,9): 6870.86
(16,8,16,16): 11662
(16,8,17,9): 8833.96
(16,8,17,16): 14994
(16,8,18,9): 11287.8
(16,8,18,16): 19159
(16,8,19,9): 13250.9
(16,8,19,16): 22491
(16,8,20,9): 18649.5
(16,8,20,16): 31654
(16,8,21,9): 18649.5
(16,8,21,16): 31654
(16,8,22,9): 18649.5
(16,8,22,16): 31654
(16,8,23,9): 18649.5
(16,8,23,16): 31654
(16,9,0,5): 41650
(16,9,1,5): 44982
(16,9,2,5): 34153
(16,9,3,5): 37485
(16,9,4,5): 26656
(16,9,5,5): 29988
(16,9,6,5): 19159
(16,9,7,5): 22491
(16,9,8,5): 26656
(16,9,9,5): 29988
(16,9,10,5): 34153
(16,9,11,5): 37485
(16,9,12,5): 26656
(16,9,13,5): 29988
(16,9,14,5): 19159
(16,9,15,5): 22491
(16,9,16,5): 11662
(16,9,17,5): 14994
(16,9,18,5): 19159
(16,9,19,5): 22491
(16,9,20,5): 31654
(16,9,21,5): 31654
(16,9,22,5): 31654
(16,9,23,5): 31654
(16,10,0,12): 41650
(16,10,1,12): 44982
(16,10,2,12): 34153
(16,10,3,12): 37485
(16,10,4,12): 26656
(16,10,5,12): 29988
(16,10,6,12): 19159
(16,10,7,12): 22491
(16,10,8,12): 26656
(16,10,9,12): 29988
(16,10,10,12): 34153
(16,10,11,12): 37485
(16,10,12,12): 26656
(16,10,13,12): 29988
(16,10,14,12): 19159
(16,10,15,12): 22491
(16,10,16,12): 11662
(16,10,17,12): 14994
(16,10,18,12): 19159
(16,10,19,12): 22491
(16,10,20,12): 31654
(16,10,21,12): 31654
(16,10,22,12): 31654
(16,10,23,12): 31654
(16,11,0,18): 7135.82
(16,11,1,18): 7706.69
(16,11,2,18): 5851.37
(16,11,3,18): 6422.24
(16,11,4,18): 4566.93
(16,11,5,18): 5137.79
(16,11,6,18): 3282.48
(16,11,7,18): 3853.34
(16,11,8,18): 4566.93
(16,11,9,18): 5137.79
(16,11,10,18): 5851.37
(16,11,11,18): 6422.24
(16,11,12,18): 4566.93
(16,11,13,18): 5137.79
(16,11,14,18): 3282.48
(16,11,15,18): 3853.34
(16,11,16,18): 1998.03
(16,11,17,18): 2568.9
(16,11,18,18): 3282.48
(16,11,19,18): 3853.34
(16,11,20,18): 5423.22
(16,11,21,18): 5423.22
(16,11,22,18): 5423.22
(16,11,23,18): 5423.22
(16,12,0,13): 41650
(16,12,0,18): 34514.2
(16,12,1,13): 44982
(16,12,1,18): 37275.3
(16,12,2,13): 34153
(16,12,2,18): 28301.6
(16,12,3,13): 37485
(16,12,3,18): 31062.8
(16,12,4,13): 26656
(16,12,4,18): 22089.1
(16,12,5,13): 29988
(16,12,5,18): 24850.2
(16,12,6,13): 19159
(16,12,6,18): 15876.5
(16,12,7,13): 22491
(16,12,7,18): 18637.7
(16,12,8,13): 26656
(16,12,8,18): 22089.1
(16,12,9,13): 29988
(16,12,9,18): 24850.2
(16,12,10,13): 34153
(16,12,10,18): 28301.6
(16,12,11,13): 37485
(16,12,11,18): 31062.8
(16,12,12,13): 26656
(16,12,12,18): 22089.1
(16,12,13,13): 29988
(16,12,13,18): 24850.2
(16,12,14,13): 19159
(16,12,14,18): 15876.5
(16,12,15,13): 22491
(16,12,15,18): 18637.7
(16,12,16,13): 11662
(16,12,16,18): 9663.97
(16,12,17,13): 14994
(16,12,17,18): 12425.1
(16,12,18,13): 19159
(16,12,18,18): 15876.5
(16,12,19,13): 22491
(16,12,19,18): 18637.7
(16,12,20,13): 31654
(16,12,20,18): 26230.8
(16,12,21,13): 31654
(16,12,21,18): 26230.8
(16,12,22,13): 31654
(16,12,22,18): 26230.8
(16,12,23,13): 31654
(16,12,23,18): 26230.8
(16,13,0,14): 41650
(16,13,1,14): 44982
(16,13,2,14): 34153
(16,13,3,14): 37485
(16,13,4,14): 26656
(16,13,5,14): 29988
(16,13,6,14): 19159
(16,13,7,14): 22491
(16,13,8,14): 26656
(16,13,9,14): 29988
(16,13,10,14): 34153
(16,13,11,14): 37485
(16,13,12,14): 26656
(16,13,13,14): 29988
(16,13,14,14): 19159
(16,13,15,14): 22491
(16,13,16,14): 11662
(16,13,17,14): 14994
(16,13,18,14): 19159
(16,13,19,14): 22491
(16,13,20,14): 31654
(16,13,21,14): 31654
(16,13,22,14): 31654
(16,13,23,14): 31654
(16,14,0,20): 36433.7
(16,14,0,21): 5216.27
(16,14,1,20): 39348.4
(16,14,1,21): 5633.57
(16,14,2,20): 29875.7
(16,14,2,21): 4277.34
(16,14,3,20): 32790.4
(16,14,3,21): 4694.64
(16,14,4,20): 23317.6
(16,14,4,21): 3338.41
(16,14,5,20): 26232.3
(16,14,5,21): 3755.71
(16,14,6,20): 16759.5
(16,14,6,21): 2399.48
(16,14,7,20): 19674.2
(16,14,7,21): 2816.78
(16,14,8,20): 23317.6
(16,14,8,21): 3338.41
(16,14,9,20): 26232.3
(16,14,9,21): 3755.71
(16,14,10,20): 29875.7
(16,14,10,21): 4277.34
(16,14,11,20): 32790.4
(16,14,11,21): 4694.64
(16,14,12,20): 23317.6
(16,14,12,21): 3338.41
(16,14,13,20): 26232.3
(16,14,13,21): 3755.71
(16,14,14,20): 16759.5
(16,14,14,21): 2399.48
(16,14,15,20): 19674.2
(16,14,15,21): 2816.78
(16,14,16,20): 10201.4
(16,14,16,21): 1460.55
(16,14,17,20): 13116.1
(16,14,17,21): 1877.86
(16,14,18,20): 16759.5
(16,14,18,21): 2399.48
(16,14,19,20): 19674.2
(16,14,19,21): 2816.78
(16,14,20,20): 27689.6
(16,14,20,21): 3964.36
(16,14,21,20): 27689.6
(16,14,21,21): 3964.36
(16,14,22,20): 27689.6
(16,14,22,21): 3964.36
(16,14,23,20): 27689.6
(16,14,23,21): 3964.36
(16,15,0,1): 38644.7
(16,15,0,2): 3005.28
(16,15,1,1): 41736.3
(16,15,1,2): 3245.71
(16,15,2,1): 31688.7
(16,15,2,2): 2464.33
(16,15,3,1): 34780.2
(16,15,3,2): 2704.76
(16,15,4,1): 24732.6
(16,15,4,2): 1923.38
(16,15,5,1): 27824.2
(16,15,5,2): 2163.8
(16,15,6,1): 17776.6
(16,15,6,2): 1382.43
(16,15,7,1): 20868.1
(16,15,7,2): 1622.85
(16,15,8,1): 24732.6
(16,15,8,2): 1923.38
(16,15,9,1): 27824.2
(16,15,9,2): 2163.8
(16,15,10,1): 31688.7
(16,15,10,2): 2464.33
(16,15,11,1): 34780.2
(16,15,11,2): 2704.76
(16,15,12,1): 24732.6
(16,15,12,2): 1923.38
(16,15,13,1): 27824.2
(16,15,13,2): 2163.8
(16,15,14,1): 17776.6
(16,15,14,2): 1382.43
(16,15,15,1): 20868.1
(16,15,15,2): 1622.85
(16,15,16,1): 10820.5
(16,15,16,2): 841.479
(16,15,17,1): 13912.1
(16,15,17,2): 1081.9
(16,15,18,1): 17776.6
(16,15,18,2): 1382.43
(16,15,19,1): 20868.1
(16,15,19,2): 1622.85
(16,15,20,1): 29370
(16,15,20,2): 2284.02
(16,15,21,1): 29370
(16,15,21,2): 2284.02
(16,15,22,1): 29370
(16,15,22,2): 2284.02
(16,15,23,1): 29370
(16,15,23,2): 2284.02
(16,16,0,5): 41650
(16,16,1,5): 44982
(16,16,2,5): 34153
(16,16,3,5): 37485
(16,16,4,5): 26656
(16,16,5,5): 29988
(16,16,6,5): 19159
(16,16,7,5): 22491
(16,16,8,5): 26656
(16,16,9,5): 29988
(16,16,10,5): 34153
(16,16,11,5): 37485
(16,16,12,5): 26656
(16,16,13,5): 29988
(16,16,14,5): 19159
(16,16,15,5): 22491
(16,16,16,5): 11662
(16,16,17,5): 14994
(16,16,18,5): 19159
(16,16,19,5): 22491
(16,16,20,5): 31654
(16,16,21,5): 31654
(16,16,22,5): 31654
(16,16,23,5): 31654
(16,17,0,11): 7135.82
(16,17,0,12): 34514.2
(16,17,1,11): 7706.69
(16,17,1,12): 37275.3
(16,17,2,11): 5851.37
(16,17,2,12): 28301.6
(16,17,3,11): 6422.24
(16,17,3,12): 31062.8
(16,17,4,11): 4566.93
(16,17,4,12): 22089.1
(16,17,5,11): 5137.79
(16,17,5,12): 24850.2
(16,17,6,11): 3282.48
(16,17,6,12): 15876.5
(16,17,7,11): 3853.34
(16,17,7,12): 18637.7
(16,17,8,11): 4566.93
(16,17,8,12): 22089.1
(16,17,9,11): 5137.79
(16,17,9,12): 24850.2
(16,17,10,11): 5851.37
(16,17,10,12): 28301.6
(16,17,11,11): 6422.24
(16,17,11,12): 31062.8
(16,17,12,11): 4566.93
(16,17,12,12): 22089.1
(16,17,13,11): 5137.79
(16,17,13,12): 24850.2
(16,17,14,11): 3282.48
(16,17,14,12): 15876.5
(16,17,15,11): 3853.34
(16,17,15,12): 18637.7
(16,17,16,11): 1998.03
(16,17,16,12): 9663.97
(16,17,17,11): 2568.9
(16,17,17,12): 12425.1
(16,17,18,11): 3282.48
(16,17,18,12): 15876.5
(16,17,19,11): 3853.34
(16,17,19,12): 18637.7
(16,17,20,11): 5423.22
(16,17,20,12): 26230.8
(16,17,21,11): 5423.22
(16,17,21,12): 26230.8
(16,17,22,11): 5423.22
(16,17,22,12): 26230.8
(16,17,23,11): 5423.22
(16,17,23,12): 26230.8
(16,18,0,19): 41650
(16,18,1,19): 44982
(16,18,2,19): 34153
(16,18,3,19): 37485
(16,18,4,19): 26656
(16,18,5,19): 29988
(16,18,6,19): 19159
(16,18,7,19): 22491
(16,18,8,19): 26656
(16,18,9,19): 29988
(16,18,10,19): 34153
(16,18,11,19): 37485
(16,18,12,19): 26656
(16,18,13,19): 29988
(16,18,14,19): 19159
(16,18,15,19): 22491
(16,18,16,19): 11662
(16,18,17,19): 14994
(16,18,18,19): 19159
(16,18,19,19): 22491
(16,18,20,19): 31654
(16,18,21,19): 31654
(16,18,22,19): 31654
(16,18,23,19): 31654
(16,19,0,22): 36433.7
(16,19,0,23): 5216.27
(16,19,1,22): 39348.4
(16,19,1,23): 5633.57
(16,19,2,22): 29875.7
(16,19,2,23): 4277.34
(16,19,3,22): 32790.4
(16,19,3,23): 4694.64
(16,19,4,22): 23317.6
(16,19,4,23): 3338.41
(16,19,5,22): 26232.3
(16,19,5,23): 3755.71
(16,19,6,22): 16759.5
(16,19,6,23): 2399.48
(16,19,7,22): 19674.2
(16,19,7,23): 2816.78
(16,19,8,22): 23317.6
(16,19,8,23): 3338.41
(16,19,9,22): 26232.3
(16,19,9,23): 3755.71
(16,19,10,22): 29875.7
(16,19,10,23): 4277.34
(16,19,11,22): 32790.4
(16,19,11,23): 4694.64
(16,19,12,22): 23317.6
(16,19,12,23): 3338.41
(16,19,13,22): 26232.3
(16,19,13,23): 3755.71
(16,19,14,22): 16759.5
(16,19,14,23): 2399.48
(16,19,15,22): 19674.2
(16,19,15,23): 2816.78
(16,19,16,22): 10201.4
(16,19,16,23): 1460.55
(16,19,17,22): 13116.1
(16,19,17,23): 1877.86
(16,19,18,22): 16759.5
(16,19,18,23): 2399.48
(16,19,19,22): 19674.2
(16,19,19,23): 2816.78
(16,19,20,22): 27689.6
(16,19,20,23): 3964.36
(16,19,21,22): 27689.6
(16,19,21,23): 3964.36
(16,19,22,22): 27689.6
(16,19,22,23): 3964.36
(16,19,23,22): 27689.6
(16,19,23,23): 3964.36
(16,20,0,0): 36433.7
(16,20,1,0): 39348.4
(16,20,2,0): 29875.7
(16,20,3,0): 32790.4
(16,20,4,0): 23317.6
(16,20,5,0): 26232.3
(16,20,6,0): 16759.5
(16,20,7,0): 19674.2
(16,20,8,0): 23317.6
(16,20,9,0): 26232.3
(16,20,10,0): 29875.7
(16,20,11,0): 32790.4
(16,20,12,0): 23317.6
(16,20,13,0): 26232.3
(16,20,14,0): 16759.5
(16,20,15,0): 19674.2
(16,20,16,0): 10201.4
(16,20,17,0): 13116.1
(16,20,18,0): 16759.5
(16,20,19,0): 19674.2
(16,20,20,0): 27689.6
(16,20,21,0): 27689.6
(16,20,22,0): 27689.6
(16,20,23,0): 27689.6
(16,21,0,0): 5216.27
(16,21,1,0): 5633.57
(16,21,2,0): 4277.34
(16,21,3,0): 4694.64
(16,21,4,0): 3338.41
(16,21,5,0): 3755.71
(16,21,6,0): 2399.48
(16,21,7,0): 2816.78
(16,21,8,0): 3338.41
(16,21,9,0): 3755.71
(16,21,10,0): 4277.34
(16,21,11,0): 4694.64
(16,21,12,0): 3338.41
(16,21,13,0): 3755.71
(16,21,14,0): 2399.48
(16,21,15,0): 2816.78
(16,21,16,0): 1460.55
(16,21,17,0): 1877.86
(16,21,18,0): 2399.48
(16,21,19,0): 2816.78
(16,21,20,0): 3964.36
(16,21,21,0): 3964.36
(16,21,22,0): 3964.36
(16,21,23,0): 3964.36
(16,22,0,15): 36433.7
(16,22,1,15): 39348.4
(16,22,2,15): 29875.7
(16,22,3,15): 32790.4
(16,22,4,15): 23317.6
(16,22,5,15): 26232.3
(16,22,6,15): 16759.5
(16,22,7,15): 19674.2
(16,22,8,15): 23317.6
(16,22,9,15): 26232.3
(16,22,10,15): 29875.7
(16,22,11,15): 32790.4
(16,22,12,15): 23317.6
(16,22,13,15): 26232.3
(16,22,14,15): 16759.5
(16,22,15,15): 19674.2
(16,22,16,15): 10201.4
(16,22,17,15): 13116.1
(16,22,18,15): 16759.5
(16,22,19,15): 19674.2
(16,22,20,15): 27689.6
(16,22,21,15): 27689.6
(16,22,22,15): 27689.6
(16,22,23,15): 27689.6
(16,23,0,15): 5216.27
(16,23,1,15): 5633.57
(16,23,2,15): 4277.34
(16,23,3,15): 4694.64
(16,23,4,15): 3338.41
(16,23,5,15): 3755.71
(16,23,6,15): 2399.48
(16,23,7,15): 2816.78
(16,23,8,15): 3338.41
(16,23,9,15): 3755.71
(16,23,10,15): 4277.34
(16,23,11,15): 4694.64
(16,23,12,15): 3338.41
(16,23,13,15): 3755.71
(16,23,14,15): 2399.48
(16,23,15,15): 2816.78
(16,23,16,15): 1460.55
(16,23,17,15): 1877.86
(16,23,18,15): 2399.48
(16,23,19,15): 2816.78
(16,23,20,15): 3964.36
(16,23,21,15): 3964.36
(16,23,22,15): 3964.36
(16,23,23,15): 3964.36
(17,0,0,2): 44982
(17,0,1,2): 48314
(17,0,2,2): 37485
(17,0,3,2): 40817
(17,0,4,2): 29988
(17,0,5,2): 33320
(17,0,6,2): 22491
(17,0,7,2): 25823
(17,0,8,2): 29988
(17,0,9,2): 33320
(17,0,10,2): 37485
(17,0,11,2): 40817
(17,0,12,2): 29988
(17,0,13,2): 33320
(17,0,14,2): 22491
(17,0,15,2): 25823
(17,0,16,2): 14994
(17,0,17,2): 18326
(17,0,18,2): 22491
(17,0,19,2): 25823
(17,0,20,2): 34986
(17,0,21,2): 34986
(17,0,22,2): 34986
(17,0,23,2): 34986
(17,1,0,3): 41736.3
(17,1,1,3): 44827.9
(17,1,2,3): 34780.2
(17,1,3,3): 37871.8
(17,1,4,3): 27824.2
(17,1,5,3): 30915.8
(17,1,6,3): 20868.1
(17,1,7,3): 23959.7
(17,1,8,3): 27824.2
(17,1,9,3): 30915.8
(17,1,10,3): 34780.2
(17,1,11,3): 37871.8
(17,1,12,3): 27824.2
(17,1,13,3): 30915.8
(17,1,14,3): 20868.1
(17,1,15,3): 23959.7
(17,1,16,3): 13912.1
(17,1,17,3): 17003.7
(17,1,18,3): 20868.1
(17,1,19,3): 23959.7
(17,1,20,3): 32461.6
(17,1,21,3): 32461.6
(17,1,22,3): 32461.6
(17,1,23,3): 32461.6
(17,2,0,4): 48227.7
(17,2,1,4): 51800.1
(17,2,2,4): 40189.8
(17,2,3,4): 43762.2
(17,2,4,4): 32151.8
(17,2,5,4): 35724.2
(17,2,6,4): 24113.9
(17,2,7,4): 27686.3
(17,2,8,4): 32151.8
(17,2,9,4): 35724.2
(17,2,10,4): 40189.8
(17,2,11,4): 43762.2
(17,2,12,4): 32151.8
(17,2,13,4): 35724.2
(17,2,14,4): 24113.9
(17,2,15,4): 27686.3
(17,2,16,4): 16075.9
(17,2,17,4): 19648.3
(17,2,18,4): 24113.9
(17,2,19,4): 27686.3
(17,2,20,4): 37510.4
(17,2,21,4): 37510.4
(17,2,22,4): 37510.4
(17,2,23,4): 37510.4
(17,3,0,6): 41736.3
(17,3,1,6): 44827.9
(17,3,2,6): 34780.2
(17,3,3,6): 37871.8
(17,3,4,6): 27824.2
(17,3,5,6): 30915.8
(17,3,6,6): 20868.1
(17,3,7,6): 23959.7
(17,3,8,6): 27824.2
(17,3,9,6): 30915.8
(17,3,10,6): 34780.2
(17,3,11,6): 37871.8
(17,3,12,6): 27824.2
(17,3,13,6): 30915.8
(17,3,14,6): 20868.1
(17,3,15,6): 23959.7
(17,3,16,6): 13912.1
(17,3,17,6): 17003.7
(17,3,18,6): 20868.1
(17,3,19,6): 23959.7
(17,3,20,6): 32461.6
(17,3,21,6): 32461.6
(17,3,22,6): 32461.6
(17,3,23,6): 32461.6
(17,4,0,6): 48227.7
(17,4,1,6): 51800.1
(17,4,2,6): 40189.8
(17,4,3,6): 43762.2
(17,4,4,6): 32151.8
(17,4,5,6): 35724.2
(17,4,6,6): 24113.9
(17,4,7,6): 27686.3
(17,4,8,6): 32151.8
(17,4,9,6): 35724.2
(17,4,10,6): 40189.8
(17,4,11,6): 43762.2
(17,4,12,6): 32151.8
(17,4,13,6): 35724.2
(17,4,14,6): 24113.9
(17,4,15,6): 27686.3
(17,4,16,6): 16075.9
(17,4,17,6): 19648.3
(17,4,18,6): 24113.9
(17,4,19,6): 27686.3
(17,4,20,6): 37510.4
(17,4,21,6): 37510.4
(17,4,22,6): 37510.4
(17,4,23,6): 37510.4
(17,5,0,7): 18480.1
(17,5,0,8): 71483.9
(17,5,1,7): 19849
(17,5,1,8): 76779
(17,5,2,7): 15400.1
(17,5,2,8): 59569.9
(17,5,3,7): 16769
(17,5,3,8): 64865
(17,5,4,7): 12320.1
(17,5,4,8): 47655.9
(17,5,5,7): 13689
(17,5,5,8): 52951
(17,5,6,7): 9240.06
(17,5,6,8): 35741.9
(17,5,7,7): 10609
(17,5,7,8): 41037
(17,5,8,7): 12320.1
(17,5,8,8): 47655.9
(17,5,9,7): 13689
(17,5,9,8): 52951
(17,5,10,7): 15400.1
(17,5,10,8): 59569.9
(17,5,11,7): 16769
(17,5,11,8): 64865
(17,5,12,7): 12320.1
(17,5,12,8): 47655.9
(17,5,13,7): 13689
(17,5,13,8): 52951
(17,5,14,7): 9240.06
(17,5,14,8): 35741.9
(17,5,15,7): 10609
(17,5,15,8): 41037
(17,5,16,7): 6160.04
(17,5,16,8): 23828
(17,5,17,7): 7528.94
(17,5,17,8): 29123.1
(17,5,18,7): 9240.06
(17,5,18,8): 35741.9
(17,5,19,7): 10609
(17,5,19,8): 41037
(17,5,20,7): 14373.4
(17,5,20,8): 55598.6
(17,5,21,7): 14373.4
(17,5,21,8): 55598.6
(17,5,22,7): 14373.4
(17,5,22,8): 55598.6
(17,5,23,7): 14373.4
(17,5,23,8): 55598.6
(17,6,0,10): 44982
(17,6,0,17): 44982
(17,6,1,10): 48314
(17,6,1,17): 48314
(17,6,2,10): 37485
(17,6,2,17): 37485
(17,6,3,10): 40817
(17,6,3,17): 40817
(17,6,4,10): 29988
(17,6,4,17): 29988
(17,6,5,10): 33320
(17,6,5,17): 33320
(17,6,6,10): 22491
(17,6,6,17): 22491
(17,6,7,10): 25823
(17,6,7,17): 25823
(17,6,8,10): 29988
(17,6,8,17): 29988
(17,6,9,10): 33320
(17,6,9,17): 33320
(17,6,10,10): 37485
(17,6,10,17): 37485
(17,6,11,10): 40817
(17,6,11,17): 40817
(17,6,12,10): 29988
(17,6,12,17): 29988
(17,6,13,10): 33320
(17,6,13,17): 33320
(17,6,14,10): 22491
(17,6,14,17): 22491
(17,6,15,10): 25823
(17,6,15,17): 25823
(17,6,16,10): 14994
(17,6,16,17): 14994
(17,6,17,10): 18326
(17,6,17,17): 18326
(17,6,18,10): 22491
(17,6,18,17): 22491
(17,6,19,10): 25823
(17,6,19,17): 25823
(17,6,20,10): 34986
(17,6,20,17): 34986
(17,6,21,10): 34986
(17,6,21,17): 34986
(17,6,22,10): 34986
(17,6,22,17): 34986
(17,6,23,10): 34986
(17,6,23,17): 34986
(17,7,0,9): 18480.1
(17,7,1,9): 19849
(17,7,2,9): 15400.1
(17,7,3,9): 16769
(17,7,4,9): 12320.1
(17,7,5,9): 13689
(17,7,6,9): 9240.06
(17,7,7,9): 10609
(17,7,8,9): 12320.1
(17,7,9,9): 13689
(17,7,10,9): 15400.1
(17,7,11,9): 16769
(17,7,12,9): 12320.1
(17,7,13,9): 13689
(17,7,14,9): 9240.06
(17,7,15,9): 10609
(17,7,16,9): 6160.04
(17,7,17,9): 7528.94
(17,7,18,9): 9240.06
(17,7,19,9): 10609
(17,7,20,9): 14373.4
(17,7,21,9): 14373.4
(17,7,22,9): 14373.4
(17,7,23,9): 14373.4
(17,8,0,9): 26501.9
(17,8,0,16): 44982
(17,8,1,9): 28465
(17,8,1,16): 48314
(17,8,2,9): 22084.9
(17,8,2,16): 37485
(17,8,3,9): 24048
(17,8,3,16): 40817
(17,8,4,9): 17667.9
(17,8,4,16): 29988
(17,8,5,9): 19631
(17,8,5,16): 33320
(17,8,6,9): 13250.9
(17,8,6,16): 22491
(17,8,7,9): 15214
(17,8,7,16): 25823
(17,8,8,9): 17667.9
(17,8,8,16): 29988
(17,8,9,9): 19631
(17,8,9,16): 33320
(17,8,10,9): 22084.9
(17,8,10,16): 37485
(17,8,11,9): 24048
(17,8,11,16): 40817
(17,8,12,9): 17667.9
(17,8,12,16): 29988
(17,8,13,9): 19631
(17,8,13,16): 33320
(17,8,14,9): 13250.9
(17,8,14,16): 22491
(17,8,15,9): 15214
(17,8,15,16): 25823
(17,8,16,9): 8833.96
(17,8,16,16): 14994
(17,8,17,9): 10797.1
(17,8,17,16): 18326
(17,8,18,9): 13250.9
(17,8,18,16): 22491
(17,8,19,9): 15214
(17,8,19,16): 25823
(17,8,20,9): 20612.6
(17,8,20,16): 34986
(17,8,21,9): 20612.6
(17,8,21,16): 34986
(17,8,22,9): 20612.6
(17,8,22,16): 34986
(17,8,23,9): 20612.6
(17,8,23,16): 34986
(17,9,0,5): 44982
(17,9,1,5): 48314
(17,9,2,5): 37485
(17,9,3,5): 40817
(17,9,4,5): 29988
(17,9,5,5): 33320
(17,9,6,5): 22491
(17,9,7,5): 25823
(17,9,8,5): 29988
(17,9,9,5): 33320
(17,9,10,5): 37485
(17,9,11,5): 40817
(17,9,12,5): 29988
(17,9,13,5): 33320
(17,9,14,5): 22491
(17,9,15,5): 25823
(17,9,16,5): 14994
(17,9,17,5): 18326
(17,9,18,5): 22491
(17,9,19,5): 25823
(17,9,20,5): 34986
(17,9,21,5): 34986
(17,9,22,5): 34986
(17,9,23,5): 34986
(17,10,0,12): 44982
(17,10,1,12): 48314
(17,10,2,12): 37485
(17,10,3,12): 40817
(17,10,4,12): 29988
(17,10,5,12): 33320
(17,10,6,12): 22491
(17,10,7,12): 25823
(17,10,8,12): 29988
(17,10,9,12): 33320
(17,10,10,12): 37485
(17,10,11,12): 40817
(17,10,12,12): 29988
(17,10,13,12): 33320
(17,10,14,12): 22491
(17,10,15,12): 25823
(17,10,16,12): 14994
(17,10,17,12): 18326
(17,10,18,12): 22491
(17,10,19,12): 25823
(17,10,20,12): 34986
(17,10,21,12): 34986
(17,10,22,12): 34986
(17,10,23,12): 34986
(17,11,0,18): 7706.69
(17,11,1,18): 8277.55
(17,11,2,18): 6422.24
(17,11,3,18): 6993.1
(17,11,4,18): 5137.79
(17,11,5,18): 5708.66
(17,11,6,18): 3853.34
(17,11,7,18): 4424.21
(17,11,8,18): 5137.79
(17,11,9,18): 5708.66
(17,11,10,18): 6422.24
(17,11,11,18): 6993.1
(17,11,12,18): 5137.79
(17,11,13,18): 5708.66
(17,11,14,18): 3853.34
(17,11,15,18): 4424.21
(17,11,16,18): 2568.9
(17,11,17,18): 3139.76
(17,11,18,18): 3853.34
(17,11,19,18): 4424.21
(17,11,20,18): 5994.09
(17,11,21,18): 5994.09
(17,11,22,18): 5994.09
(17,11,23,18): 5994.09
(17,12,0,13): 44982
(17,12,0,18): 37275.3
(17,12,1,13): 48314
(17,12,1,18): 40036.4
(17,12,2,13): 37485
(17,12,2,18): 31062.8
(17,12,3,13): 40817
(17,12,3,18): 33823.9
(17,12,4,13): 29988
(17,12,4,18): 24850.2
(17,12,5,13): 33320
(17,12,5,18): 27611.3
(17,12,6,13): 22491
(17,12,6,18): 18637.7
(17,12,7,13): 25823
(17,12,7,18): 21398.8
(17,12,8,13): 29988
(17,12,8,18): 24850.2
(17,12,9,13): 33320
(17,12,9,18): 27611.3
(17,12,10,13): 37485
(17,12,10,18): 31062.8
(17,12,11,13): 40817
(17,12,11,18): 33823.9
(17,12,12,13): 29988
(17,12,12,18): 24850.2
(17,12,13,13): 33320
(17,12,13,18): 27611.3
(17,12,14,13): 22491
(17,12,14,18): 18637.7
(17,12,15,13): 25823
(17,12,15,18): 21398.8
(17,12,16,13): 14994
(17,12,16,18): 12425.1
(17,12,17,13): 18326
(17,12,17,18): 15186.2
(17,12,18,13): 22491
(17,12,18,18): 18637.7
(17,12,19,13): 25823
(17,12,19,18): 21398.8
(17,12,20,13): 34986
(17,12,20,18): 28991.9
(17,12,21,13): 34986
(17,12,21,18): 28991.9
(17,12,22,13): 34986
(17,12,22,18): 28991.9
(17,12,23,13): 34986
(17,12,23,18): 28991.9
(17,13,0,14): 44982
(17,13,1,14): 48314
(17,13,2,14): 37485
(17,13,3,14): 40817
(17,13,4,14): 29988
(17,13,5,14): 33320
(17,13,6,14): 22491
(17,13,7,14): 25823
(17,13,8,14): 29988
(17,13,9,14): 33320
(17,13,10,14): 37485
(17,13,11,14): 40817
(17,13,12,14): 29988
(17,13,13,14): 33320
(17,13,14,14): 22491
(17,13,15,14): 25823
(17,13,16,14): 14994
(17,13,17,14): 18326
(17,13,18,14): 22491
(17,13,19,14): 25823
(17,13,20,14): 34986
(17,13,21,14): 34986
(17,13,22,14): 34986
(17,13,23,14): 34986
(17,14,0,20): 39348.4
(17,14,0,21): 5633.57
(17,14,1,20): 42263.1
(17,14,1,21): 6050.87
(17,14,2,20): 32790.4
(17,14,2,21): 4694.64
(17,14,3,20): 35705.1
(17,14,3,21): 5111.94
(17,14,4,20): 26232.3
(17,14,4,21): 3755.71
(17,14,5,20): 29147
(17,14,5,21): 4173.01
(17,14,6,20): 19674.2
(17,14,6,21): 2816.78
(17,14,7,20): 22588.9
(17,14,7,21): 3234.08
(17,14,8,20): 26232.3
(17,14,8,21): 3755.71
(17,14,9,20): 29147
(17,14,9,21): 4173.01
(17,14,10,20): 32790.4
(17,14,10,21): 4694.64
(17,14,11,20): 35705.1
(17,14,11,21): 5111.94
(17,14,12,20): 26232.3
(17,14,12,21): 3755.71
(17,14,13,20): 29147
(17,14,13,21): 4173.01
(17,14,14,20): 19674.2
(17,14,14,21): 2816.78
(17,14,15,20): 22588.9
(17,14,15,21): 3234.08
(17,14,16,20): 13116.1
(17,14,16,21): 1877.86
(17,14,17,20): 16030.8
(17,14,17,21): 2295.16
(17,14,18,20): 19674.2
(17,14,18,21): 2816.78
(17,14,19,20): 22588.9
(17,14,19,21): 3234.08
(17,14,20,20): 30604.3
(17,14,20,21): 4381.66
(17,14,21,20): 30604.3
(17,14,21,21): 4381.66
(17,14,22,20): 30604.3
(17,14,22,21): 4381.66
(17,14,23,20): 30604.3
(17,14,23,21): 4381.66
(17,15,0,1): 41736.3
(17,15,0,2): 3245.71
(17,15,1,1): 44827.9
(17,15,1,2): 3486.13
(17,15,2,1): 34780.2
(17,15,2,2): 2704.76
(17,15,3,1): 37871.8
(17,15,3,2): 2945.18
(17,15,4,1): 27824.2
(17,15,4,2): 2163.8
(17,15,5,1): 30915.8
(17,15,5,2): 2404.23
(17,15,6,1): 20868.1
(17,15,6,2): 1622.85
(17,15,7,1): 23959.7
(17,15,7,2): 1863.28
(17,15,8,1): 27824.2
(17,15,8,2): 2163.8
(17,15,9,1): 30915.8
(17,15,9,2): 2404.23
(17,15,10,1): 34780.2
(17,15,10,2): 2704.76
(17,15,11,1): 37871.8
(17,15,11,2): 2945.18
(17,15,12,1): 27824.2
(17,15,12,2): 2163.8
(17,15,13,1): 30915.8
(17,15,13,2): 2404.23
(17,15,14,1): 20868.1
(17,15,14,2): 1622.85
(17,15,15,1): 23959.7
(17,15,15,2): 1863.28
(17,15,16,1): 13912.1
(17,15,16,2): 1081.9
(17,15,17,1): 17003.7
(17,15,17,2): 1322.32
(17,15,18,1): 20868.1
(17,15,18,2): 1622.85
(17,15,19,1): 23959.7
(17,15,19,2): 1863.28
(17,15,20,1): 32461.6
(17,15,20,2): 2524.44
(17,15,21,1): 32461.6
(17,15,21,2): 2524.44
(17,15,22,1): 32461.6
(17,15,22,2): 2524.44
(17,15,23,1): 32461.6
(17,15,23,2): 2524.44
(17,16,0,5): 44982
(17,16,1,5): 48314
(17,16,2,5): 37485
(17,16,3,5): 40817
(17,16,4,5): 29988
(17,16,5,5): 33320
(17,16,6,5): 22491
(17,16,7,5): 25823
(17,16,8,5): 29988
(17,16,9,5): 33320
(17,16,10,5): 37485
(17,16,11,5): 40817
(17,16,12,5): 29988
(17,16,13,5): 33320
(17,16,14,5): 22491
(17,16,15,5): 25823
(17,16,16,5): 14994
(17,16,17,5): 18326
(17,16,18,5): 22491
(17,16,19,5): 25823
(17,16,20,5): 34986
(17,16,21,5): 34986
(17,16,22,5): 34986
(17,16,23,5): 34986
(17,17,0,11): 7706.69
(17,17,0,12): 37275.3
(17,17,1,11): 8277.55
(17,17,1,12): 40036.4
(17,17,2,11): 6422.24
(17,17,2,12): 31062.8
(17,17,3,11): 6993.1
(17,17,3,12): 33823.9
(17,17,4,11): 5137.79
(17,17,4,12): 24850.2
(17,17,5,11): 5708.66
(17,17,5,12): 27611.3
(17,17,6,11): 3853.34
(17,17,6,12): 18637.7
(17,17,7,11): 4424.21
(17,17,7,12): 21398.8
(17,17,8,11): 5137.79
(17,17,8,12): 24850.2
(17,17,9,11): 5708.66
(17,17,9,12): 27611.3
(17,17,10,11): 6422.24
(17,17,10,12): 31062.8
(17,17,11,11): 6993.1
(17,17,11,12): 33823.9
(17,17,12,11): 5137.79
(17,17,12,12): 24850.2
(17,17,13,11): 5708.66
(17,17,13,12): 27611.3
(17,17,14,11): 3853.34
(17,17,14,12): 18637.7
(17,17,15,11): 4424.21
(17,17,15,12): 21398.8
(17,17,16,11): 2568.9
(17,17,16,12): 12425.1
(17,17,17,11): 3139.76
(17,17,17,12): 15186.2
(17,17,18,11): 3853.34
(17,17,18,12): 18637.7
(17,17,19,11): 4424.21
(17,17,19,12): 21398.8
(17,17,20,11): 5994.09
(17,17,20,12): 28991.9
(17,17,21,11): 5994.09
(17,17,21,12): 28991.9
(17,17,22,11): 5994.09
(17,17,22,12): 28991.9
(17,17,23,11): 5994.09
(17,17,23,12): 28991.9
(17,18,0,19): 44982
(17,18,1,19): 48314
(17,18,2,19): 37485
(17,18,3,19): 40817
(17,18,4,19): 29988
(17,18,5,19): 33320
(17,18,6,19): 22491
(17,18,7,19): 25823
(17,18,8,19): 29988
(17,18,9,19): 33320
(17,18,10,19): 37485
(17,18,11,19): 40817
(17,18,12,19): 29988
(17,18,13,19): 33320
(17,18,14,19): 22491
(17,18,15,19): 25823
(17,18,16,19): 14994
(17,18,17,19): 18326
(17,18,18,19): 22491
(17,18,19,19): 25823
(17,18,20,19): 34986
(17,18,21,19): 34986
(17,18,22,19): 34986
(17,18,23,19): 34986
(17,19,0,22): 39348.4
(17,19,0,23): 5633.57
(17,19,1,22): 42263.1
(17,19,1,23): 6050.87
(17,19,2,22): 32790.4
(17,19,2,23): 4694.64
(17,19,3,22): 35705.1
(17,19,3,23): 5111.94
(17,19,4,22): 26232.3
(17,19,4,23): 3755.71
(17,19,5,22): 29147
(17,19,5,23): 4173.01
(17,19,6,22): 19674.2
(17,19,6,23): 2816.78
(17,19,7,22): 22588.9
(17,19,7,23): 3234.08
(17,19,8,22): 26232.3
(17,19,8,23): 3755.71
(17,19,9,22): 29147
(17,19,9,23): 4173.01
(17,19,10,22): 32790.4
(17,19,10,23): 4694.64
(17,19,11,22): 35705.1
(17,19,11,23): 5111.94
(17,19,12,22): 26232.3
(17,19,12,23): 3755.71
(17,19,13,22): 29147
(17,19,13,23): 4173.01
(17,19,14,22): 19674.2
(17,19,14,23): 2816.78
(17,19,15,22): 22588.9
(17,19,15,23): 3234.08
(17,19,16,22): 13116.1
(17,19,16,23): 1877.86
(17,19,17,22): 16030.8
(17,19,17,23): 2295.16
(17,19,18,22): 19674.2
(17,19,18,23): 2816.78
(17,19,19,22): 22588.9
(17,19,19,23): 3234.08
(17,19,20,22): 30604.3
(17,19,20,23): 4381.66
(17,19,21,22): 30604.3
(17,19,21,23): 4381.66
(17,19,22,22): 30604.3
(17,19,22,23): 4381.66
(17,19,23,22): 30604.3
(17,19,23,23): 4381.66
(17,20,0,0): 39348.4
(17,20,1,0): 42263.1
(17,20,2,0): 32790.4
(17,20,3,0): 35705.1
(17,20,4,0): 26232.3
(17,20,5,0): 29147
(17,20,6,0): 19674.2
(17,20,7,0): 22588.9
(17,20,8,0): 26232.3
(17,20,9,0): 29147
(17,20,10,0): 32790.4
(17,20,11,0): 35705.1
(17,20,12,0): 26232.3
(17,20,13,0): 29147
(17,20,14,0): 19674.2
(17,20,15,0): 22588.9
(17,20,16,0): 13116.1
(17,20,17,0): 16030.8
(17,20,18,0): 19674.2
(17,20,19,0): 22588.9
(17,20,20,0): 30604.3
(17,20,21,0): 30604.3
(17,20,22,0): 30604.3
(17,20,23,0): 30604.3
(17,21,0,0): 5633.57
(17,21,1,0): 6050.87
(17,21,2,0): 4694.64
(17,21,3,0): 5111.94
(17,21,4,0): 3755.71
(17,21,5,0): 4173.01
(17,21,6,0): 2816.78
(17,21,7,0): 3234.08
(17,21,8,0): 3755.71
(17,21,9,0): 4173.01
(17,21,10,0): 4694.64
(17,21,11,0): 5111.94
(17,21,12,0): 3755.71
(17,21,13,0): 4173.01
(17,21,14,0): 2816.78
(17,21,15,0): 3234.08
(17,21,16,0): 1877.86
(17,21,17,0): 2295.16
(17,21,18,0): 2816.78
(17,21,19,0): 3234.08
(17,21,20,0): 4381.66
(17,21,21,0): 4381.66
(17,21,22,0): 4381.66
(17,21,23,0): 4381.66
(17,22,0,15): 39348.4
(17,22,1,15): 42263.1
(17,22,2,15): 32790.4
(17,22,3,15): 35705.1
(17,22,4,15): 26232.3
(17,22,5,15): 29147
(17,22,6,15): 19674.2
(17,22,7,15): 22588.9
(17,22,8,15): 26232.3
(17,22,9,15): 29147
(17,22,10,15): 32790.4
(17,22,11,15): 35705.1
(17,22,12,15): 26232.3
(17,22,13,15): 29147
(17,22,14,15): 19674.2
(17,22,15,15): 22588.9
(17,22,16,15): 13116.1
(17,22,17,15): 16030.8
(17,22,18,15): 19674.2
(17,22,19,15): 22588.9
(17,22,20,15): 30604.3
(17,22,21,15): 30604.3
(17,22,22,15): 30604.3
(17,22,23,15): 30604.3
(17,23,0,15): 5633.57
(17,23,1,15): 6050.87
(17,23,2,15): 4694.64
(17,23,3,15): 5111.94
(17,23,4,15): 3755.71
(17,23,5,15): 4173.01
(17,23,6,15): 2816.78
(17,23,7,15): 3234.08
(17,23,8,15): 3755.71
(17,23,9,15): 4173.01
(17,23,10,15): 4694.64
(17,23,11,15): 5111.94
(17,23,12,15): 3755.71
(17,23,13,15): 4173.01
(17,23,14,15): 2816.78
(17,23,15,15): 3234.08
(17,23,16,15): 1877.86
(17,23,17,15): 2295.16
(17,23,18,15): 2816.78
(17,23,19,15): 3234.08
(17,23,20,15): 4381.66
(17,23,21,15): 4381.66
(17,23,22,15): 4381.66
(17,23,23,15): 4381.66
(18,0,0,2): 34153
(18,0,1,2): 37485
(18,0,2,2): 41650
(18,0,3,2): 44982
(18,0,4,2): 34153
(18,0,5,2): 37485
(18,0,6,2): 26656
(18,0,7,2): 29988
(18,0,8,2): 19159
(18,0,9,2): 22491
(18,0,10,2): 26656
(18,0,11,2): 29988
(18,0,12,2): 34153
(18,0,13,2): 37485
(18,0,14,2): 26656
(18,0,15,2): 29988
(18,0,16,2): 19159
(18,0,17,2): 22491
(18,0,18,2): 11662
(18,0,19,2): 14994
(18,0,20,2): 24157
(18,0,21,2): 24157
(18,0,22,2): 24157
(18,0,23,2): 24157
(18,1,0,3): 31688.7
(18,1,1,3): 34780.2
(18,1,2,3): 38644.7
(18,1,3,3): 41736.3
(18,1,4,3): 31688.7
(18,1,5,3): 34780.2
(18,1,6,3): 24732.6
(18,1,7,3): 27824.2
(18,1,8,3): 17776.6
(18,1,9,3): 20868.1
(18,1,10,3): 24732.6
(18,1,11,3): 27824.2
(18,1,12,3): 31688.7
(18,1,13,3): 34780.2
(18,1,14,3): 24732.6
(18,1,15,3): 27824.2
(18,1,16,3): 17776.6
(18,1,17,3): 20868.1
(18,1,18,3): 10820.5
(18,1,19,3): 13912.1
(18,1,20,3): 22413.9
(18,1,21,3): 22413.9
(18,1,22,3): 22413.9
(18,1,23,3): 22413.9
(18,2,0,4): 36617.3
(18,2,1,4): 40189.8
(18,2,2,4): 44655.3
(18,2,3,4): 48227.7
(18,2,4,4): 36617.3
(18,2,5,4): 40189.8
(18,2,6,4): 28579.4
(18,2,7,4): 32151.8
(18,2,8,4): 20541.4
(18,2,9,4): 24113.9
(18,2,10,4): 28579.4
(18,2,11,4): 32151.8
(18,2,12,4): 36617.3
(18,2,13,4): 40189.8
(18,2,14,4): 28579.4
(18,2,15,4): 32151.8
(18,2,16,4): 20541.4
(18,2,17,4): 24113.9
(18,2,18,4): 12503.5
(18,2,19,4): 16075.9
(18,2,20,4): 25900.1
(18,2,21,4): 25900.1
(18,2,22,4): 25900.1
(18,2,23,4): 25900.1
(18,3,0,6): 31688.7
(18,3,1,6): 34780.2
(18,3,2,6): 38644.7
(18,3,3,6): 41736.3
(18,3,4,6): 31688.7
(18,3,5,6): 34780.2
(18,3,6,6): 24732.6
(18,3,7,6): 27824.2
(18,3,8,6): 17776.6
(18,3,9,6): 20868.1
(18,3,10,6): 24732.6
(18,3,11,6): 27824.2
(18,3,12,6): 31688.7
(18,3,13,6): 34780.2
(18,3,14,6): 24732.6
(18,3,15,6): 27824.2
(18,3,16,6): 17776.6
(18,3,17,6): 20868.1
(18,3,18,6): 10820.5
(18,3,19,6): 13912.1
(18,3,20,6): 22413.9
(18,3,21,6): 22413.9
(18,3,22,6): 22413.9
(18,3,23,6): 22413.9
(18,4,0,6): 36617.3
(18,4,1,6): 40189.8
(18,4,2,6): 44655.3
(18,4,3,6): 48227.7
(18,4,4,6): 36617.3
(18,4,5,6): 40189.8
(18,4,6,6): 28579.4
(18,4,7,6): 32151.8
(18,4,8,6): 20541.4
(18,4,9,6): 24113.9
(18,4,10,6): 28579.4
(18,4,11,6): 32151.8
(18,4,12,6): 36617.3
(18,4,13,6): 40189.8
(18,4,14,6): 28579.4
(18,4,15,6): 32151.8
(18,4,16,6): 20541.4
(18,4,17,6): 24113.9
(18,4,18,6): 12503.5
(18,4,19,6): 16075.9
(18,4,20,6): 25900.1
(18,4,21,6): 25900.1
(18,4,22,6): 25900.1
(18,4,23,6): 25900.1
(18,5,0,7): 14031.2
(18,5,0,8): 54274.8
(18,5,1,7): 15400.1
(18,5,1,8): 59569.9
(18,5,2,7): 17111.2
(18,5,2,8): 66188.8
(18,5,3,7): 18480.1
(18,5,3,8): 71483.9
(18,5,4,7): 14031.2
(18,5,4,8): 54274.8
(18,5,5,7): 15400.1
(18,5,5,8): 59569.9
(18,5,6,7): 10951.2
(18,5,6,8): 42360.8
(18,5,7,7): 12320.1
(18,5,7,8): 47655.9
(18,5,8,7): 7871.16
(18,5,8,8): 30446.8
(18,5,9,7): 9240.06
(18,5,9,8): 35741.9
(18,5,10,7): 10951.2
(18,5,10,8): 42360.8
(18,5,11,7): 12320.1
(18,5,11,8): 47655.9
(18,5,12,7): 14031.2
(18,5,12,8): 54274.8
(18,5,13,7): 15400.1
(18,5,13,8): 59569.9
(18,5,14,7): 10951.2
(18,5,14,8): 42360.8
(18,5,15,7): 12320.1
(18,5,15,8): 47655.9
(18,5,16,7): 7871.16
(18,5,16,8): 30446.8
(18,5,17,7): 9240.06
(18,5,17,8): 35741.9
(18,5,18,7): 4791.14
(18,5,18,8): 18532.9
(18,5,19,7): 6160.04
(18,5,19,8): 23828
(18,5,20,7): 9924.51
(18,5,20,8): 38389.5
(18,5,21,7): 9924.51
(18,5,21,8): 38389.5
(18,5,22,7): 9924.51
(18,5,22,8): 38389.5
(18,5,23,7): 9924.51
(18,5,23,8): 38389.5
(18,6,0,10): 34153
(18,6,0,17): 34153
(18,6,1,10): 37485
(18,6,1,17): 37485
(18,6,2,10): 41650
(18,6,2,17): 41650
(18,6,3,10): 44982
(18,6,3,17): 44982
(18,6,4,10): 34153
(18,6,4,17): 34153
(18,6,5,10): 37485
(18,6,5,17): 37485
(18,6,6,10): 26656
(18,6,6,17): 26656
(18,6,7,10): 29988
(18,6,7,17): 29988
(18,6,8,10): 19159
(18,6,8,17): 19159
(18,6,9,10): 22491
(18,6,9,17): 22491
(18,6,10,10): 26656
(18,6,10,17): 26656
(18,6,11,10): 29988
(18,6,11,17): 29988
(18,6,12,10): 34153
(18,6,12,17): 34153
(18,6,13,10): 37485
(18,6,13,17): 37485
(18,6,14,10): 26656
(18,6,14,17): 26656
(18,6,15,10): 29988
(18,6,15,17): 29988
(18,6,16,10): 19159
(18,6,16,17): 19159
(18,6,17,10): 22491
(18,6,17,17): 22491
(18,6,18,10): 11662
(18,6,18,17): 11662
(18,6,19,10): 14994
(18,6,19,17): 14994
(18,6,20,10): 24157
(18,6,20,17): 24157
(18,6,21,10): 24157
(18,6,21,17): 24157
(18,6,22,10): 24157
(18,6,22,17): 24157
(18,6,23,10): 24157
(18,6,23,17): 24157
(18,7,0,9): 14031.2
(18,7,1,9): 15400.1
(18,7,2,9): 17111.2
(18,7,3,9): 18480.1
(18,7,4,9): 14031.2
(18,7,5,9): 15400.1
(18,7,6,9): 10951.2
(18,7,7,9): 12320.1
(18,7,8,9): 7871.16
(18,7,9,9): 9240.06
(18,7,10,9): 10951.2
(18,7,11,9): 12320.1
(18,7,12,9): 14031.2
(18,7,13,9): 15400.1
(18,7,14,9): 10951.2
(18,7,15,9): 12320.1
(18,7,16,9): 7871.16
(18,7,17,9): 9240.06
(18,7,18,9): 4791.14
(18,7,19,9): 6160.04
(18,7,20,9): 9924.51
(18,7,21,9): 9924.51
(18,7,22,9): 9924.51
(18,7,23,9): 9924.51
(18,8,0,9): 20121.8
(18,8,0,16): 34153
(18,8,1,9): 22084.9
(18,8,1,16): 37485
(18,8,2,9): 24538.8
(18,8,2,16): 41650
(18,8,3,9): 26501.9
(18,8,3,16): 44982
(18,8,4,9): 20121.8
(18,8,4,16): 34153
(18,8,5,9): 22084.9
(18,8,5,16): 37485
(18,8,6,9): 15704.8
(18,8,6,16): 26656
(18,8,7,9): 17667.9
(18,8,7,16): 29988
(18,8,8,9): 11287.8
(18,8,8,16): 19159
(18,8,9,9): 13250.9
(18,8,9,16): 22491
(18,8,10,9): 15704.8
(18,8,10,16): 26656
(18,8,11,9): 17667.9
(18,8,11,16): 29988
(18,8,12,9): 20121.8
(18,8,12,16): 34153
(18,8,13,9): 22084.9
(18,8,13,16): 37485
(18,8,14,9): 15704.8
(18,8,14,16): 26656
(18,8,15,9): 17667.9
(18,8,15,16): 29988
(18,8,16,9): 11287.8
(18,8,16,16): 19159
(18,8,17,9): 13250.9
(18,8,17,16): 22491
(18,8,18,9): 6870.86
(18,8,18,16): 11662
(18,8,19,9): 8833.96
(18,8,19,16): 14994
(18,8,20,9): 14232.5
(18,8,20,16): 24157
(18,8,21,9): 14232.5
(18,8,21,16): 24157
(18,8,22,9): 14232.5
(18,8,22,16): 24157
(18,8,23,9): 14232.5
(18,8,23,16): 24157
(18,9,0,5): 34153
(18,9,1,5): 37485
(18,9,2,5): 41650
(18,9,3,5): 44982
(18,9,4,5): 34153
(18,9,5,5): 37485
(18,9,6,5): 26656
(18,9,7,5): 29988
(18,9,8,5): 19159
(18,9,9,5): 22491
(18,9,10,5): 26656
(18,9,11,5): 29988
(18,9,12,5): 34153
(18,9,13,5): 37485
(18,9,14,5): 26656
(18,9,15,5): 29988
(18,9,16,5): 19159
(18,9,17,5): 22491
(18,9,18,5): 11662
(18,9,19,5): 14994
(18,9,20,5): 24157
(18,9,21,5): 24157
(18,9,22,5): 24157
(18,9,23,5): 24157
(18,10,0,12): 34153
(18,10,1,12): 37485
(18,10,2,12): 41650
(18,10,3,12): 44982
(18,10,4,12): 34153
(18,10,5,12): 37485
(18,10,6,12): 26656
(18,10,7,12): 29988
(18,10,8,12): 19159
(18,10,9,12): 22491
(18,10,10,12): 26656
(18,10,11,12): 29988
(18,10,12,12): 34153
(18,10,13,12): 37485
(18,10,14,12): 26656
(18,10,15,12): 29988
(18,10,16,12): 19159
(18,10,17,12): 22491
(18,10,18,12): 11662
(18,10,19,12): 14994
(18,10,20,12): 24157
(18,10,21,12): 24157
(18,10,22,12): 24157
(18,10,23,12): 24157
(18,11,0,18): 5851.37
(18,11,1,18): 6422.24
(18,11,2,18): 7135.82
(18,11,3,18): 7706.69
(18,11,4,18): 5851.37
(18,11,5,18): 6422.24
(18,11,6,18): 4566.93
(18,11,7,18): 5137.79
(18,11,8,18): 3282.48
(18,11,9,18): 3853.34
(18,11,10,18): 4566.93
(18,11,11,18): 5137.79
(18,11,12,18): 5851.37
(18,11,13,18): 6422.24
(18,11,14,18): 4566.93
(18,11,15,18): 5137.79
(18,11,16,18): 3282.48
(18,11,17,18): 3853.34
(18,11,18,18): 1998.03
(18,11,19,18): 2568.9
(18,11,20,18): 4138.78
(18,11,21,18): 4138.78
(18,11,22,18): 4138.78
(18,11,23,18): 4138.78
(18,12,0,13): 34153
(18,12,0,18): 28301.6
(18,12,1,13): 37485
(18,12,1,18): 31062.8
(18,12,2,13): 41650
(18,12,2,18): 34514.2
(18,12,3,13): 44982
(18,12,3,18): 37275.3
(18,12,4,13): 34153
(18,12,4,18): 28301.6
(18,12,5,13): 37485
(18,12,5,18): 31062.8
(18,12,6,13): 26656
(18,12,6,18): 22089.1
(18,12,7,13): 29988
(18,12,7,18): 24850.2
(18,12,8,13): 19159
(18,12,8,18): 15876.5
(18,12,9,13): 22491
(18,12,9,18): 18637.7
(18,12,10,13): 26656
(18,12,10,18): 22089.1
(18,12,11,13): 29988
(18,12,11,18): 24850.2
(18,12,12,13): 34153
(18,12,12,18): 28301.6
(18,12,13,13): 37485
(18,12,13,18): 31062.8
(18,12,14,13): 26656
(18,12,14,18): 22089.1
(18,12,15,13): 29988
(18,12,15,18): 24850.2
(18,12,16,13): 19159
(18,12,16,18): 15876.5
(18,12,17,13): 22491
(18,12,17,18): 18637.7
(18,12,18,13): 11662
(18,12,18,18): 9663.97
(18,12,19,13): 14994
(18,12,19,18): 12425.1
(18,12,20,13): 24157
(18,12,20,18): 20018.2
(18,12,21,13): 24157
(18,12,21,18): 20018.2
(18,12,22,13): 24157
(18,12,22,18): 20018.2
(18,12,23,13): 24157
(18,12,23,18): 20018.2
(18,13,0,14): 34153
(18,13,1,14): 37485
(18,13,2,14): 41650
(18,13,3,14): 44982
(18,13,4,14): 34153
(18,13,5,14): 37485
(18,13,6,14): 26656
(18,13,7,14): 29988
(18,13,8,14): 19159
(18,13,9,14): 22491
(18,13,10,14): 26656
(18,13,11,14): 29988
(18,13,12,14): 34153
(18,13,13,14): 37485
(18,13,14,14): 26656
(18,13,15,14): 29988
(18,13,16,14): 19159
(18,13,17,14): 22491
(18,13,18,14): 11662
(18,13,19,14): 14994
(18,13,20,14): 24157
(18,13,21,14): 24157
(18,13,22,14): 24157
(18,13,23,14): 24157
(18,14,0,20): 29875.7
(18,14,0,21): 4277.34
(18,14,1,20): 32790.4
(18,14,1,21): 4694.64
(18,14,2,20): 36433.7
(18,14,2,21): 5216.27
(18,14,3,20): 39348.4
(18,14,3,21): 5633.57
(18,14,4,20): 29875.7
(18,14,4,21): 4277.34
(18,14,5,20): 32790.4
(18,14,5,21): 4694.64
(18,14,6,20): 23317.6
(18,14,6,21): 3338.41
(18,14,7,20): 26232.3
(18,14,7,21): 3755.71
(18,14,8,20): 16759.5
(18,14,8,21): 2399.48
(18,14,9,20): 19674.2
(18,14,9,21): 2816.78
(18,14,10,20): 23317.6
(18,14,10,21): 3338.41
(18,14,11,20): 26232.3
(18,14,11,21): 3755.71
(18,14,12,20): 29875.7
(18,14,12,21): 4277.34
(18,14,13,20): 32790.4
(18,14,13,21): 4694.64
(18,14,14,20): 23317.6
(18,14,14,21): 3338.41
(18,14,15,20): 26232.3
(18,14,15,21): 3755.71
(18,14,16,20): 16759.5
(18,14,16,21): 2399.48
(18,14,17,20): 19674.2
(18,14,17,21): 2816.78
(18,14,18,20): 10201.4
(18,14,18,21): 1460.55
(18,14,19,20): 13116.1
(18,14,19,21): 1877.86
(18,14,20,20): 21131.6
(18,14,20,21): 3025.43
(18,14,21,20): 21131.6
(18,14,21,21): 3025.43
(18,14,22,20): 21131.6
(18,14,22,21): 3025.43
(18,14,23,20): 21131.6
(18,14,23,21): 3025.43
(18,15,0,1): 31688.7
(18,15,0,2): 2464.33
(18,15,1,1): 34780.2
(18,15,1,2): 2704.76
(18,15,2,1): 38644.7
(18,15,2,2): 3005.28
(18,15,3,1): 41736.3
(18,15,3,2): 3245.71
(18,15,4,1): 31688.7
(18,15,4,2): 2464.33
(18,15,5,1): 34780.2
(18,15,5,2): 2704.76
(18,15,6,1): 24732.6
(18,15,6,2): 1923.38
(18,15,7,1): 27824.2
(18,15,7,2): 2163.8
(18,15,8,1): 17776.6
(18,15,8,2): 1382.43
(18,15,9,1): 20868.1
(18,15,9,2): 1622.85
(18,15,10,1): 24732.6
(18,15,10,2): 1923.38
(18,15,11,1): 27824.2
(18,15,11,2): 2163.8
(18,15,12,1): 31688.7
(18,15,12,2): 2464.33
(18,15,13,1): 34780.2
(18,15,13,2): 2704.76
(18,15,14,1): 24732.6
(18,15,14,2): 1923.38
(18,15,15,1): 27824.2
(18,15,15,2): 2163.8
(18,15,16,1): 17776.6
(18,15,16,2): 1382.43
(18,15,17,1): 20868.1
(18,15,17,2): 1622.85
(18,15,18,1): 10820.5
(18,15,18,2): 841.479
(18,15,19,1): 13912.1
(18,15,19,2): 1081.9
(18,15,20,1): 22413.9
(18,15,20,2): 1743.06
(18,15,21,1): 22413.9
(18,15,21,2): 1743.06
(18,15,22,1): 22413.9
(18,15,22,2): 1743.06
(18,15,23,1): 22413.9
(18,15,23,2): 1743.06
(18,16,0,5): 34153
(18,16,1,5): 37485
(18,16,2,5): 41650
(18,16,3,5): 44982
(18,16,4,5): 34153
(18,16,5,5): 37485
(18,16,6,5): 26656
(18,16,7,5): 29988
(18,16,8,5): 19159
(18,16,9,5): 22491
(18,16,10,5): 26656
(18,16,11,5): 29988
(18,16,12,5): 34153
(18,16,13,5): 37485
(18,16,14,5): 26656
(18,16,15,5): 29988
(18,16,16,5): 19159
(18,16,17,5): 22491
(18,16,18,5): 11662
(18,16,19,5): 14994
(18,16,20,5): 24157
(18,16,21,5): 24157
(18,16,22,5): 24157
(18,16,23,5): 24157
(18,17,0,11): 5851.37
(18,17,0,12): 28301.6
(18,17,1,11): 6422.24
(18,17,1,12): 31062.8
(18,17,2,11): 7135.82
(18,17,2,12): 34514.2
(18,17,3,11): 7706.69
(18,17,3,12): 37275.3
(18,17,4,11): 5851.37
(18,17,4,12): 28301.6
(18,17,5,11): 6422.24
(18,17,5,12): 31062.8
(18,17,6,11): 4566.93
(18,17,6,12): 22089.1
(18,17,7,11): 5137.79
(18,17,7,12): 24850.2
(18,17,8,11): 3282.48
(18,17,8,12): 15876.5
(18,17,9,11): 3853.34
(18,17,9,12): 18637.7
(18,17,10,11): 4566.93
(18,17,10,12): 22089.1
(18,17,11,11): 5137.79
(18,17,11,12): 24850.2
(18,17,12,11): 5851.37
(18,17,12,12): 28301.6
(18,17,13,11): 6422.24
(18,17,13,12): 31062.8
(18,17,14,11): 4566.93
(18,17,14,12): 22089.1
(18,17,15,11): 5137.79
(18,17,15,12): 24850.2
(18,17,16,11): 3282.48
(18,17,16,12): 15876.5
(18,17,17,11): 3853.34
(18,17,17,12): 18637.7
(18,17,18,11): 1998.03
(18,17,18,12): 9663.97
(18,17,19,11): 2568.9
(18,17,19,12): 12425.1
(18,17,20,11): 4138.78
(18,17,20,12): 20018.2
(18,17,21,11): 4138.78
(18,17,21,12): 20018.2
(18,17,22,11): 4138.78
(18,17,22,12): 20018.2
(18,17,23,11): 4138.78
(18,17,23,12): 20018.2
(18,18,0,19): 34153
(18,18,1,19): 37485
(18,18,2,19): 41650
(18,18,3,19): 44982
(18,18,4,19): 34153
(18,18,5,19): 37485
(18,18,6,19): 26656
(18,18,7,19): 29988
(18,18,8,19): 19159
(18,18,9,19): 22491
(18,18,10,19): 26656
(18,18,11,19): 29988
(18,18,12,19): 34153
(18,18,13,19): 37485
(18,18,14,19): 26656
(18,18,15,19): 29988
(18,18,16,19): 19159
(18,18,17,19): 22491
(18,18,18,19): 11662
(18,18,19,19): 14994
(18,18,20,19): 24157
(18,18,21,19): 24157
(18,18,22,19): 24157
(18,18,23,19): 24157
(18,19,0,22): 29875.7
(18,19,0,23): 4277.34
(18,19,1,22): 32790.4
(18,19,1,23): 4694.64
(18,19,2,22): 36433.7
(18,19,2,23): 5216.27
(18,19,3,22): 39348.4
(18,19,3,23): 5633.57
(18,19,4,22): 29875.7
(18,19,4,23): 4277.34
(18,19,5,22): 32790.4
(18,19,5,23): 4694.64
(18,19,6,22): 23317.6
(18,19,6,23): 3338.41
(18,19,7,22): 26232.3
(18,19,7,23): 3755.71
(18,19,8,22): 16759.5
(18,19,8,23): 2399.48
(18,19,9,22): 19674.2
(18,19,9,23): 2816.78
(18,19,10,22): 23317.6
(18,19,10,23): 3338.41
(18,19,11,22): 26232.3
(18,19,11,23): 3755.71
(18,19,12,22): 29875.7
(18,19,12,23): 4277.34
(18,19,13,22): 32790.4
(18,19,13,23): 4694.64
(18,19,14,22): 23317.6
(18,19,14,23): 3338.41
(18,19,15,22): 26232.3
(18,19,15,23): 3755.71
(18,19,16,22): 16759.5
(18,19,16,23): 2399.48
(18,19,17,22): 19674.2
(18,19,17,23): 2816.78
(18,19,18,22): 10201.4
(18,19,18,23): 1460.55
(18,19,19,22): 13116.1
(18,19,19,23): 1877.86
(18,19,20,22): 21131.6
(18,19,20,23): 3025.43
(18,19,21,22): 21131.6
(18,19,21,23): 3025.43
(18,19,22,22): 21131.6
(18,19,22,23): 3025.43
(18,19,23,22): 21131.6
(18,19,23,23): 3025.43
(18,20,0,0): 29875.7
(18,20,1,0): 32790.4
(18,20,2,0): 36433.7
(18,20,3,0): 39348.4
(18,20,4,0): 29875.7
(18,20,5,0): 32790.4
(18,20,6,0): 23317.6
(18,20,7,0): 26232.3
(18,20,8,0): 16759.5
(18,20,9,0): 19674.2
(18,20,10,0): 23317.6
(18,20,11,0): 26232.3
(18,20,12,0): 29875.7
(18,20,13,0): 32790.4
(18,20,14,0): 23317.6
(18,20,15,0): 26232.3
(18,20,16,0): 16759.5
(18,20,17,0): 19674.2
(18,20,18,0): 10201.4
(18,20,19,0): 13116.1
(18,20,20,0): 21131.6
(18,20,21,0): 21131.6
(18,20,22,0): 21131.6
(18,20,23,0): 21131.6
(18,21,0,0): 4277.34
(18,21,1,0): 4694.64
(18,21,2,0): 5216.27
(18,21,3,0): 5633.57
(18,21,4,0): 4277.34
(18,21,5,0): 4694.64
(18,21,6,0): 3338.41
(18,21,7,0): 3755.71
(18,21,8,0): 2399.48
(18,21,9,0): 2816.78
(18,21,10,0): 3338.41
(18,21,11,0): 3755.71
(18,21,12,0): 4277.34
(18,21,13,0): 4694.64
(18,21,14,0): 3338.41
(18,21,15,0): 3755.71
(18,21,16,0): 2399.48
(18,21,17,0): 2816.78
(18,21,18,0): 1460.55
(18,21,19,0): 1877.86
(18,21,20,0): 3025.43
(18,21,21,0): 3025.43
(18,21,22,0): 3025.43
(18,21,23,0): 3025.43
(18,22,0,15): 29875.7
(18,22,1,15): 32790.4
(18,22,2,15): 36433.7
(18,22,3,15): 39348.4
(18,22,4,15): 29875.7
(18,22,5,15): 32790.4
(18,22,6,15): 23317.6
(18,22,7,15): 26232.3
(18,22,8,15): 16759.5
(18,22,9,15): 19674.2
(18,22,10,15): 23317.6
(18,22,11,15): 26232.3
(18,22,12,15): 29875.7
(18,22,13,15): 32790.4
(18,22,14,15): 23317.6
(18,22,15,15): 26232.3
(18,22,16,15): 16759.5
(18,22,17,15): 19674.2
(18,22,18,15): 10201.4
(18,22,19,15): 13116.1
(18,22,20,15): 21131.6
(18,22,21,15): 21131.6
(18,22,22,15): 21131.6
(18,22,23,15): 21131.6
(18,23,0,15): 4277.34
(18,23,1,15): 4694.64
(18,23,2,15): 5216.27
(18,23,3,15): 5633.57
(18,23,4,15): 4277.34
(18,23,5,15): 4694.64
(18,23,6,15): 3338.41
(18,23,7,15): 3755.71
(18,23,8,15): 2399.48
(18,23,9,15): 2816.78
(18,23,10,15): 3338.41
(18,23,11,15): 3755.71
(18,23,12,15): 4277.34
(18,23,13,15): 4694.64
(18,23,14,15): 3338.41
(18,23,15,15): 3755.71
(18,23,16,15): 2399.48
(18,23,17,15): 2816.78
(18,23,18,15): 1460.55
(18,23,19,15): 1877.86
(18,23,20,15): 3025.43
(18,23,21,15): 3025.43
(18,23,22,15): 3025.43
(18,23,23,15): 3025.43
(19,0,0,2): 37485
(19,0,1,2): 40817
(19,0,2,2): 44982
(19,0,3,2): 48314
(19,0,4,2): 37485
(19,0,5,2): 40817
(19,0,6,2): 29988
(19,0,7,2): 33320
(19,0,8,2): 22491
(19,0,9,2): 25823
(19,0,10,2): 29988
(19,0,11,2): 33320
(19,0,12,2): 37485
(19,0,13,2): 40817
(19,0,14,2): 29988
(19,0,15,2): 33320
(19,0,16,2): 22491
(19,0,17,2): 25823
(19,0,18,2): 14994
(19,0,19,2): 18326
(19,0,20,2): 27489
(19,0,21,2): 27489
(19,0,22,2): 27489
(19,0,23,2): 27489
(19,1,0,3): 34780.2
(19,1,1,3): 37871.8
(19,1,2,3): 41736.3
(19,1,3,3): 44827.9
(19,1,4,3): 34780.2
(19,1,5,3): 37871.8
(19,1,6,3): 27824.2
(19,1,7,3): 30915.8
(19,1,8,3): 20868.1
(19,1,9,3): 23959.7
(19,1,10,3): 27824.2
(19,1,11,3): 30915.8
(19,1,12,3): 34780.2
(19,1,13,3): 37871.8
(19,1,14,3): 27824.2
(19,1,15,3): 30915.8
(19,1,16,3): 20868.1
(19,1,17,3): 23959.7
(19,1,18,3): 13912.1
(19,1,19,3): 17003.7
(19,1,20,3): 25505.5
(19,1,21,3): 25505.5
(19,1,22,3): 25505.5
(19,1,23,3): 25505.5
(19,2,0,4): 40189.8
(19,2,1,4): 43762.2
(19,2,2,4): 48227.7
(19,2,3,4): 51800.1
(19,2,4,4): 40189.8
(19,2,5,4): 43762.2
(19,2,6,4): 32151.8
(19,2,7,4): 35724.2
(19,2,8,4): 24113.9
(19,2,9,4): 27686.3
(19,2,10,4): 32151.8
(19,2,11,4): 35724.2
(19,2,12,4): 40189.8
(19,2,13,4): 43762.2
(19,2,14,4): 32151.8
(19,2,15,4): 35724.2
(19,2,16,4): 24113.9
(19,2,17,4): 27686.3
(19,2,18,4): 16075.9
(19,2,19,4): 19648.3
(19,2,20,4): 29472.5
(19,2,21,4): 29472.5
(19,2,22,4): 29472.5
(19,2,23,4): 29472.5
(19,3,0,6): 34780.2
(19,3,1,6): 37871.8
(19,3,2,6): 41736.3
(19,3,3,6): 44827.9
(19,3,4,6): 34780.2
(19,3,5,6): 37871.8
(19,3,6,6): 27824.2
(19,3,7,6): 30915.8
(19,3,8,6): 20868.1
(19,3,9,6): 23959.7
(19,3,10,6): 27824.2
(19,3,11,6): 30915.8
(19,3,12,6): 34780.2
(19,3,13,6): 37871.8
(19,3,14,6): 27824.2
(19,3,15,6): 30915.8
(19,3,16,6): 20868.1
(19,3,17,6): 23959.7
(19,3,18,6): 13912.1
(19,3,19,6): 17003.7
(19,3,20,6): 25505.5
(19,3,21,6): 25505.5
(19,3,22,6): 25505.5
(19,3,23,6): 25505.5
(19,4,0,6): 40189.8
(19,4,1,6): 43762.2
(19,4,2,6): 48227.7
(19,4,3,6): 51800.1
(19,4,4,6): 40189.8
(19,4,5,6): 43762.2
(19,4,6,6): 32151.8
(19,4,7,6): 35724.2
(19,4,8,6): 24113.9
(19,4,9,6): 27686.3
(19,4,10,6): 32151.8
(19,4,11,6): 35724.2
(19,4,12,6): 40189.8
(19,4,13,6): 43762.2
(19,4,14,6): 32151.8
(19,4,15,6): 35724.2
(19,4,16,6): 24113.9
(19,4,17,6): 27686.3
(19,4,18,6): 16075.9
(19,4,19,6): 19648.3
(19,4,20,6): 29472.5
(19,4,21,6): 29472.5
(19,4,22,6): 29472.5
(19,4,23,6): 29472.5
(19,5,0,7): 15400.1
(19,5,0,8): 59569.9
(19,5,1,7): 16769
(19,5,1,8): 64865
(19,5,2,7): 18480.1
(19,5,2,8): 71483.9
(19,5,3,7): 19849
(19,5,3,8): 76779
(19,5,4,7): 15400.1
(19,5,4,8): 59569.9
(19,5,5,7): 16769
(19,5,5,8): 64865
(19,5,6,7): 12320.1
(19,5,6,8): 47655.9
(19,5,7,7): 13689
(19,5,7,8): 52951
(19,5,8,7): 9240.06
(19,5,8,8): 35741.9
(19,5,9,7): 10609
(19,5,9,8): 41037
(19,5,10,7): 12320.1
(19,5,10,8): 47655.9
(19,5,11,7): 13689
(19,5,11,8): 52951
(19,5,12,7): 15400.1
(19,5,12,8): 59569.9
(19,5,13,7): 16769
(19,5,13,8): 64865
(19,5,14,7): 12320.1
(19,5,14,8): 47655.9
(19,5,15,7): 13689
(19,5,15,8): 52951
(19,5,16,7): 9240.06
(19,5,16,8): 35741.9
(19,5,17,7): 10609
(19,5,17,8): 41037
(19,5,18,7): 6160.04
(19,5,18,8): 23828
(19,5,19,7): 7528.94
(19,5,19,8): 29123.1
(19,5,20,7): 11293.4
(19,5,20,8): 43684.6
(19,5,21,7): 11293.4
(19,5,21,8): 43684.6
(19,5,22,7): 11293.4
(19,5,22,8): 43684.6
(19,5,23,7): 11293.4
(19,5,23,8): 43684.6
(19,6,0,10): 37485
(19,6,0,17): 37485
(19,6,1,10): 40817
(19,6,1,17): 40817
(19,6,2,10): 44982
(19,6,2,17): 44982
(19,6,3,10): 48314
(19,6,3,17): 48314
(19,6,4,10): 37485
(19,6,4,17): 37485
(19,6,5,10): 40817
(19,6,5,17): 40817
(19,6,6,10): 29988
(19,6,6,17): 29988
(19,6,7,10): 33320
(19,6,7,17): 33320
(19,6,8,10): 22491
(19,6,8,17): 22491
(19,6,9,10): 25823
(19,6,9,17): 25823
(19,6,10,10): 29988
(19,6,10,17): 29988
(19,6,11,10): 33320
(19,6,11,17): 33320
(19,6,12,10): 37485
(19,6,12,17): 37485
(19,6,13,10): 40817
(19,6,13,17): 40817
(19,6,14,10): 29988
(19,6,14,17): 29988
(19,6,15,10): 33320
(19,6,15,17): 33320
(19,6,16,10): 22491
(19,6,16,17): 22491
(19,6,17,10): 25823
(19,6,17,17): 25823
(19,6,18,10): 14994
(19,6,18,17): 14994
(19,6,19,10): 18326
(19,6,19,17): 18326
(19,6,20,10): 27489
(19,6,20,17): 27489
(19,6,21,10): 27489
(19,6,21,17): 27489
(19,6,22,10): 27489
(19,6,22,17): 27489
(19,6,23,10): 27489
(19,6,23,17): 27489
(19,7,0,9): 15400.1
(19,7,1,9): 16769
(19,7,2,9): 18480.1
(19,7,3,9): 19849
(19,7,4,9): 15400.1
(19,7,5,9): 16769
(19,7,6,9): 12320.1
(19,7,7,9): 13689
(19,7,8,9): 9240.06
(19,7,9,9): 10609
(19,7,10,9): 12320.1
(19,7,11,9): 13689
(19,7,12,9): 15400.1
(19,7,13,9): 16769
(19,7,14,9): 12320.1
(19,7,15,9): 13689
(19,7,16,9): 9240.06
(19,7,17,9): 10609
(19,7,18,9): 6160.04
(19,7,19,9): 7528.94
(19,7,20,9): 11293.4
(19,7,21,9): 11293.4
(19,7,22,9): 11293.4
(19,7,23,9): 11293.4
(19,8,0,9): 22084.9
(19,8,0,16): 37485
(19,8,1,9): 24048
(19,8,1,16): 40817
(19,8,2,9): 26501.9
(19,8,2,16): 44982
(19,8,3,9): 28465
(19,8,3,16): 48314
(19,8,4,9): 22084.9
(19,8,4,16): 37485
(19,8,5,9): 24048
(19,8,5,16): 40817
(19,8,6,9): 17667.9
(19,8,6,16): 29988
(19,8,7,9): 19631
(19,8,7,16): 33320
(19,8,8,9): 13250.9
(19,8,8,16): 22491
(19,8,9,9): 15214
(19,8,9,16): 25823
(19,8,10,9): 17667.9
(19,8,10,16): 29988
(19,8,11,9): 19631
(19,8,11,16): 33320
(19,8,12,9): 22084.9
(19,8,12,16): 37485
(19,8,13,9): 24048
(19,8,13,16): 40817
(19,8,14,9): 17667.9
(19,8,14,16): 29988
(19,8,15,9): 19631
(19,8,15,16): 33320
(19,8,16,9): 13250.9
(19,8,16,16): 22491
(19,8,17,9): 15214
(19,8,17,16): 25823
(19,8,18,9): 8833.96
(19,8,18,16): 14994
(19,8,19,9): 10797.1
(19,8,19,16): 18326
(19,8,20,9): 16195.6
(19,8,20,16): 27489
(19,8,21,9): 16195.6
(19,8,21,16): 27489
(19,8,22,9): 16195.6
(19,8,22,16): 27489
(19,8,23,9): 16195.6
(19,8,23,16): 27489
(19,9,0,5): 37485
(19,9,1,5): 40817
(19,9,2,5): 44982
(19,9,3,5): 48314
(19,9,4,5): 37485
(19,9,5,5): 40817
(19,9,6,5): 29988
(19,9,7,5): 33320
(19,9,8,5): 22491
(19,9,9,5): 25823
(19,9,10,5): 29988
(19,9,11,5): 33320
(19,9,12,5): 37485
(19,9,13,5): 40817
(19,9,14,5): 29988
(19,9,15,5): 33320
(19,9,16,5): 22491
(19,9,17,5): 25823
(19,9,18,5): 14994
(19,9,19,5): 18326
(19,9,20,5): 27489
(19,9,21,5): 27489
(19,9,22,5): 27489
(19,9,23,5): 27489
(19,10,0,12): 37485
(19,10,1,12): 40817
(19,10,2,12): 44982
(19,10,3,12): 48314
(19,10,4,12): 37485
(19,10,5,12): 40817
(19,10,6,12): 29988
(19,10,7,12): 33320
(19,10,8,12): 22491
(19,10,9,12): 25823
(19,10,10,12): 29988
(19,10,11,12): 33320
(19,10,12,12): 37485
(19,10,13,12): 40817
(19,10,14,12): 29988
(19,10,15,12): 33320
(19,10,16,12): 22491
(19,10,17,12): 25823
(19,10,18,12): 14994
(19,10,19,12): 18326
(19,10,20,12): 27489
(19,10,21,12): 27489
(19,10,22,12): 27489
(19,10,23,12): 27489
(19,11,0,18): 6422.24
(19,11,1,18): 6993.1
(19,11,2,18): 7706.69
(19,11,3,18): 8277.55
(19,11,4,18): 6422.24
(19,11,5,18): 6993.1
(19,11,6,18): 5137.79
(19,11,7,18): 5708.66
(19,11,8,18): 3853.34
(19,11,9,18): 4424.21
(19,11,10,18): 5137.79
(19,11,11,18): 5708.66
(19,11,12,18): 6422.24
(19,11,13,18): 6993.1
(19,11,14,18): 5137.79
(19,11,15,18): 5708.66
(19,11,16,18): 3853.34
(19,11,17,18): 4424.21
(19,11,18,18): 2568.9
(19,11,19,18): 3139.76
(19,11,20,18): 4709.64
(19,11,21,18): 4709.64
(19,11,22,18): 4709.64
(19,11,23,18): 4709.64
(19,12,0,13): 37485
(19,12,0,18): 31062.8
(19,12,1,13): 40817
(19,12,1,18): 33823.9
(19,12,2,13): 44982
(19,12,2,18): 37275.3
(19,12,3,13): 48314
(19,12,3,18): 40036.4
(19,12,4,13): 37485
(19,12,4,18): 31062.8
(19,12,5,13): 40817
(19,12,5,18): 33823.9
(19,12,6,13): 29988
(19,12,6,18): 24850.2
(19,12,7,13): 33320
(19,12,7,18): 27611.3
(19,12,8,13): 22491
(19,12,8,18): 18637.7
(19,12,9,13): 25823
(19,12,9,18): 21398.8
(19,12,10,13): 29988
(19,12,10,18): 24850.2
(19,12,11,13): 33320
(19,12,11,18): 27611.3
(19,12,12,13): 37485
(19,12,12,18): 31062.8
(19,12,13,13): 40817
(19,12,13,18): 33823.9
(19,12,14,13): 29988
(19,12,14,18): 24850.2
(19,12,15,13): 33320
(19,12,15,18): 27611.3
(19,12,16,13): 22491
(19,12,16,18): 18637.7
(19,12,17,13): 25823
(19,12,17,18): 21398.8
(19,12,18,13): 14994
(19,12,18,18): 12425.1
(19,12,19,13): 18326
(19,12,19,18): 15186.2
(19,12,20,13): 27489
(19,12,20,18): 22779.4
(19,12,21,13): 27489
(19,12,21,18): 22779.4
(19,12,22,13): 27489
(19,12,22,18): 22779.4
(19,12,23,13): 27489
(19,12,23,18): 22779.4
(19,13,0,14): 37485
(19,13,1,14): 40817
(19,13,2,14): 44982
(19,13,3,14): 48314
(19,13,4,14): 37485
(19,13,5,14): 40817
(19,13,6,14): 29988
(19,13,7,14): 33320
(19,13,8,14): 22491
(19,13,9,14): 25823
(19,13,10,14): 29988
(19,13,11,14): 33320
(19,13,12,14): 37485
(19,13,13,14): 40817
(19,13,14,14): 29988
(19,13,15,14): 33320
(19,13,16,14): 22491
(19,13,17,14): 25823
(19,13,18,14): 14994
(19,13,19,14): 18326
(19,13,20,14): 27489
(19,13,21,14): 27489
(19,13,22,14): 27489
(19,13,23,14): 27489
(19,14,0,20): 32790.4
(19,14,0,21): 4694.64
(19,14,1,20): 35705.1
(19,14,1,21): 5111.94
(19,14,2,20): 39348.4
(19,14,2,21): 5633.57
(19,14,3,20): 42263.1
(19,14,3,21): 6050.87
(19,14,4,20): 32790.4
(19,14,4,21): 4694.64
(19,14,5,20): 35705.1
(19,14,5,21): 5111.94
(19,14,6,20): 26232.3
(19,14,6,21): 3755.71
(19,14,7,20): 29147
(19,14,7,21): 4173.01
(19,14,8,20): 19674.2
(19,14,8,21): 2816.78
(19,14,9,20): 22588.9
(19,14,9,21): 3234.08
(19,14,10,20): 26232.3
(19,14,10,21): 3755.71
(19,14,11,20): 29147
(19,14,11,21): 4173.01
(19,14,12,20): 32790.4
(19,14,12,21): 4694.64
(19,14,13,20): 35705.1
(19,14,13,21): 5111.94
(19,14,14,20): 26232.3
(19,14,14,21): 3755.71
(19,14,15,20): 29147
(19,14,15,21): 4173.01
(19,14,16,20): 19674.2
(19,14,16,21): 2816.78
(19,14,17,20): 22588.9
(19,14,17,21): 3234.08
(19,14,18,20): 13116.1
(19,14,18,21): 1877.86
(19,14,19,20): 16030.8
(19,14,19,21): 2295.16
(19,14,20,20): 24046.3
(19,14,20,21): 3442.73
(19,14,21,20): 24046.3
(19,14,21,21): 3442.73
(19,14,22,20): 24046.3
(19,14,22,21): 3442.73
(19,14,23,20): 24046.3
(19,14,23,21): 3442.73
(19,15,0,1): 34780.2
(19,15,0,2): 2704.76
(19,15,1,1): 37871.8
(19,15,1,2): 2945.18
(19,15,2,1): 41736.3
(19,15,2,2): 3245.71
(19,15,3,1): 44827.9
(19,15,3,2): 3486.13
(19,15,4,1): 34780.2
(19,15,4,2): 2704.76
(19,15,5,1): 37871.8
(19,15,5,2): 2945.18
(19,15,6,1): 27824.2
(19,15,6,2): 2163.8
(19,15,7,1): 30915.8
(19,15,7,2): 2404.23
(19,15,8,1): 20868.1
(19,15,8,2): 1622.85
(19,15,9,1): 23959.7
(19,15,9,2): 1863.28
(19,15,10,1): 27824.2
(19,15,10,2): 2163.8
(19,15,11,1): 30915.8
(19,15,11,2): 2404.23
(19,15,12,1): 34780.2
(19,15,12,2): 2704.76
(19,15,13,1): 37871.8
(19,15,13,2): 2945.18
(19,15,14,1): 27824.2
(19,15,14,2): 2163.8
(19,15,15,1): 30915.8
(19,15,15,2): 2404.23
(19,15,16,1): 20868.1
(19,15,16,2): 1622.85
(19,15,17,1): 23959.7
(19,15,17,2): 1863.28
(19,15,18,1): 13912.1
(19,15,18,2): 1081.9
(19,15,19,1): 17003.7
(19,15,19,2): 1322.32
(19,15,20,1): 25505.5
(19,15,20,2): 1983.49
(19,15,21,1): 25505.5
(19,15,21,2): 1983.49
(19,15,22,1): 25505.5
(19,15,22,2): 1983.49
(19,15,23,1): 25505.5
(19,15,23,2): 1983.49
(19,16,0,5): 37485
(19,16,1,5): 40817
(19,16,2,5): 44982
(19,16,3,5): 48314
(19,16,4,5): 37485
(19,16,5,5): 40817
(19,16,6,5): 29988
(19,16,7,5): 33320
(19,16,8,5): 22491
(19,16,9,5): 25823
(19,16,10,5): 29988
(19,16,11,5): 33320
(19,16,12,5): 37485
(19,16,13,5): 40817
(19,16,14,5): 29988
(19,16,15,5): 33320
(19,16,16,5): 22491
(19,16,17,5): 25823
(19,16,18,5): 14994
(19,16,19,5): 18326
(19,16,20,5): 27489
(19,16,21,5): 27489
(19,16,22,5): 27489
(19,16,23,5): 27489
(19,17,0,11): 6422.24
(19,17,0,12): 31062.8
(19,17,1,11): 6993.1
(19,17,1,12): 33823.9
(19,17,2,11): 7706.69
(19,17,2,12): 37275.3
(19,17,3,11): 8277.55
(19,17,3,12): 40036.4
(19,17,4,11): 6422.24
(19,17,4,12): 31062.8
(19,17,5,11): 6993.1
(19,17,5,12): 33823.9
(19,17,6,11): 5137.79
(19,17,6,12): 24850.2
(19,17,7,11): 5708.66
(19,17,7,12): 27611.3
(19,17,8,11): 3853.34
(19,17,8,12): 18637.7
(19,17,9,11): 4424.21
(19,17,9,12): 21398.8
(19,17,10,11): 5137.79
(19,17,10,12): 24850.2
(19,17,11,11): 5708.66
(19,17,11,12): 27611.3
(19,17,12,11): 6422.24
(19,17,12,12): 31062.8
(19,17,13,11): 6993.1
(19,17,13,12): 33823.9
(19,17,14,11): 5137.79
(19,17,14,12): 24850.2
(19,17,15,11): 5708.66
(19,17,15,12): 27611.3
(19,17,16,11): 3853.34
(19,17,16,12): 18637.7
(19,17,17,11): 4424.21
(19,17,17,12): 21398.8
(19,17,18,11): 2568.9
(19,17,18,12): 12425.1
(19,17,19,11): 3139.76
(19,17,19,12): 15186.2
(19,17,20,11): 4709.64
(19,17,20,12): 22779.4
(19,17,21,11): 4709.64
(19,17,21,12): 22779.4
(19,17,22,11): 4709.64
(19,17,22,12): 22779.4
(19,17,23,11): 4709.64
(19,17,23,12): 22779.4
(19,18,0,19): 37485
(19,18,1,19): 40817
(19,18,2,19): 44982
(19,18,3,19): 48314
(19,18,4,19): 37485
(19,18,5,19): 40817
(19,18,6,19): 29988
(19,18,7,19): 33320
(19,18,8,19): 22491
(19,18,9,19): 25823
(19,18,10,19): 29988
(19,18,11,19): 33320
(19,18,12,19): 37485
(19,18,13,19): 40817
(19,18,14,19): 29988
(19,18,15,19): 33320
(19,18,16,19): 22491
(19,18,17,19): 25823
(19,18,18,19): 14994
(19,18,19,19): 18326
(19,18,20,19): 27489
(19,18,21,19): 27489
(19,18,22,19): 27489
(19,18,23,19): 27489
(19,19,0,22): 32790.4
(19,19,0,23): 4694.64
(19,19,1,22): 35705.1
(19,19,1,23): 5111.94
(19,19,2,22): 39348.4
(19,19,2,23): 5633.57
(19,19,3,22): 42263.1
(19,19,3,23): 6050.87
(19,19,4,22): 32790.4
(19,19,4,23): 4694.64
(19,19,5,22): 35705.1
(19,19,5,23): 5111.94
(19,19,6,22): 26232.3
(19,19,6,23): 3755.71
(19,19,7,22): 29147
(19,19,7,23): 4173.01
(19,19,8,22): 19674.2
(19,19,8,23): 2816.78
(19,19,9,22): 22588.9
(19,19,9,23): 3234.08
(19,19,10,22): 26232.3
(19,19,10,23): 3755.71
(19,19,11,22): 29147
(19,19,11,23): 4173.01
(19,19,12,22): 32790.4
(19,19,12,23): 4694.64
(19,19,13,22): 35705.1
(19,19,13,23): 5111.94
(19,19,14,22): 26232.3
(19,19,14,23): 3755.71
(19,19,15,22): 29147
(19,19,15,23): 4173.01
(19,19,16,22): 19674.2
(19,19,16,23): 2816.78
(19,19,17,22): 22588.9
(19,19,17,23): 3234.08
(19,19,18,22): 13116.1
(19,19,18,23): 1877.86
(19,19,19,22): 16030.8
(19,19,19,23): 2295.16
(19,19,20,22): 24046.3
(19,19,20,23): 3442.73
(19,19,21,22): 24046.3
(19,19,21,23): 3442.73
(19,19,22,22): 24046.3
(19,19,22,23): 3442.73
(19,19,23,22): 24046.3
(19,19,23,23): 3442.73
(19,20,0,0): 32790.4
(19,20,1,0): 35705.1
(19,20,2,0): 39348.4
(19,20,3,0): 42263.1
(19,20,4,0): 32790.4
(19,20,5,0): 35705.1
(19,20,6,0): 26232.3
(19,20,7,0): 29147
(19,20,8,0): 19674.2
(19,20,9,0): 22588.9
(19,20,10,0): 26232.3
(19,20,11,0): 29147
(19,20,12,0): 32790.4
(19,20,13,0): 35705.1
(19,20,14,0): 26232.3
(19,20,15,0): 29147
(19,20,16,0): 19674.2
(19,20,17,0): 22588.9
(19,20,18,0): 13116.1
(19,20,19,0): 16030.8
(19,20,20,0): 24046.3
(19,20,21,0): 24046.3
(19,20,22,0): 24046.3
(19,20,23,0): 24046.3
(19,21,0,0): 4694.64
(19,21,1,0): 5111.94
(19,21,2,0): 5633.57
(19,21,3,0): 6050.87
(19,21,4,0): 4694.64
(19,21,5,0): 5111.94
(19,21,6,0): 3755.71
(19,21,7,0): 4173.01
(19,21,8,0): 2816.78
(19,21,9,0): 3234.08
(19,21,10,0): 3755.71
(19,21,11,0): 4173.01
(19,21,12,0): 4694.64
(19,21,13,0): 5111.94
(19,21,14,0): 3755.71
(19,21,15,0): 4173.01
(19,21,16,0): 2816.78
(19,21,17,0): 3234.08
(19,21,18,0): 1877.86
(19,21,19,0): 2295.16
(19,21,20,0): 3442.73
(19,21,21,0): 3442.73
(19,21,22,0): 3442.73
(19,21,23,0): 3442.73
(19,22,0,15): 32790.4
(19,22,1,15): 35705.1
(19,22,2,15): 39348.4
(19,22,3,15): 42263.1
(19,22,4,15): 32790.4
(19,22,5,15): 35705.1
(19,22,6,15): 26232.3
(19,22,7,15): 29147
(19,22,8,15): 19674.2
(19,22,9,15): 22588.9
(19,22,10,15): 26232.3
(19,22,11,15): 29147
(19,22,12,15): 32790.4
(19,22,13,15): 35705.1
(19,22,14,15): 26232.3
(19,22,15,15): 29147
(19,22,16,15): 19674.2
(19,22,17,15): 22588.9
(19,22,18,15): 13116.1
(19,22,19,15): 16030.8
(19,22,20,15): 24046.3
(19,22,21,15): 24046.3
(19,22,22,15): 24046.3
(19,22,23,15): 24046.3
(19,23,0,15): 4694.64
(19,23,1,15): 5111.94
(19,23,2,15): 5633.57
(19,23,3,15): 6050.87
(19,23,4,15): 4694.64
(19,23,5,15): 5111.94
(19,23,6,15): 3755.71
(19,23,7,15): 4173.01
(19,23,8,15): 2816.78
(19,23,9,15): 3234.08
(19,23,10,15): 3755.71
(19,23,11,15): 4173.01
(19,23,12,15): 4694.64
(19,23,13,15): 5111.94
(19,23,14,15): 3755.71
(19,23,15,15): 4173.01
(19,23,16,15): 2816.78
(19,23,17,15): 3234.08
(19,23,18,15): 1877.86
(19,23,19,15): 2295.16
(19,23,20,15): 3442.73
(19,23,21,15): 3442.73
(19,23,22,15): 3442.73
(19,23,23,15): 3442.73
(20,0,0,2): 17493
(20,0,1,2): 20825
(20,0,2,2): 24990
(20,0,3,2): 28322
(20,0,4,2): 32487
(20,0,5,2): 35819
(20,0,6,2): 28322
(20,0,7,2): 31654
(20,0,8,2): 20825
(20,0,9,2): 24157
(20,0,10,2): 9996
(20,0,11,2): 13328
(20,0,12,2): 17493
(20,0,13,2): 20825
(20,0,14,2): 24990
(20,0,15,2): 28322
(20,0,16,2): 32487
(20,0,17,2): 35819
(20,0,18,2): 24990
(20,0,19,2): 28322
(20,0,22,2): 22491
(20,0,23,2): 22491
(20,1,0,3): 16230.8
(20,1,1,3): 19322.4
(20,1,2,3): 23186.8
(20,1,3,3): 26278.4
(20,1,4,3): 30142.9
(20,1,5,3): 33234.5
(20,1,6,3): 26278.4
(20,1,7,3): 29370
(20,1,8,3): 19322.4
(20,1,9,3): 22413.9
(20,1,10,3): 9274.73
(20,1,11,3): 12366.3
(20,1,12,3): 16230.8
(20,1,13,3): 19322.4
(20,1,14,3): 23186.8
(20,1,15,3): 26278.4
(20,1,16,3): 30142.9
(20,1,17,3): 33234.5
(20,1,18,3): 23186.8
(20,1,19,3): 26278.4
(20,1,22,3): 20868.1
(20,1,23,3): 20868.1
(20,2,0,4): 18755.2
(20,2,1,4): 22327.6
(20,2,2,4): 26793.2
(20,2,3,4): 30365.6
(20,2,4,4): 34831.1
(20,2,5,4): 38403.5
(20,2,6,4): 30365.6
(20,2,7,4): 33938
(20,2,8,4): 22327.6
(20,2,9,4): 25900.1
(20,2,10,4): 10717.3
(20,2,11,4): 14289.7
(20,2,12,4): 18755.2
(20,2,13,4): 22327.6
(20,2,14,4): 26793.2
(20,2,15,4): 30365.6
(20,2,16,4): 34831.1
(20,2,17,4): 38403.5
(20,2,18,4): 26793.2
(20,2,19,4): 30365.6
(20,2,22,4): 24113.9
(20,2,23,4): 24113.9
(20,3,0,6): 16230.8
(20,3,1,6): 19322.4
(20,3,2,6): 23186.8
(20,3,3,6): 26278.4
(20,3,4,6): 30142.9
(20,3,5,6): 33234.5
(20,3,6,6): 26278.4
(20,3,7,6): 29370
(20,3,8,6): 19322.4
(20,3,9,6): 22413.9
(20,3,10,6): 9274.73
(20,3,11,6): 12366.3
(20,3,12,6): 16230.8
(20,3,13,6): 19322.4
(20,3,14,6): 23186.8
(20,3,15,6): 26278.4
(20,3,16,6): 30142.9
(20,3,17,6): 33234.5
(20,3,18,6): 23186.8
(20,3,19,6): 26278.4
(20,3,22,6): 20868.1
(20,3,23,6): 20868.1
(20,4,0,6): 18755.2
(20,4,1,6): 22327.6
(20,4,2,6): 26793.2
(20,4,3,6): 30365.6
(20,4,4,6): 34831.1
(20,4,5,6): 38403.5
(20,4,6,6): 30365.6
(20,4,7,6): 33938
(20,4,8,6): 22327.6
(20,4,9,6): 25900.1
(20,4,10,6): 10717.3
(20,4,11,6): 14289.7
(20,4,12,6): 18755.2
(20,4,13,6): 22327.6
(20,4,14,6): 26793.2
(20,4,15,6): 30365.6
(20,4,16,6): 34831.1
(20,4,17,6): 38403.5
(20,4,18,6): 26793.2
(20,4,19,6): 30365.6
(20,4,22,6): 24113.9
(20,4,23,6): 24113.9
(20,5,0,7): 7186.71
(20,5,0,8): 27799.3
(20,5,1,7): 8555.61
(20,5,1,8): 33094.4
(20,5,2,7): 10266.7
(20,5,2,8): 39713.3
(20,5,3,7): 11635.6
(20,5,3,8): 45008.4
(20,5,4,7): 13346.7
(20,5,4,8): 51627.3
(20,5,5,7): 14715.6
(20,5,5,8): 56922.4
(20,5,6,7): 11635.6
(20,5,6,8): 45008.4
(20,5,7,7): 13004.5
(20,5,7,8): 50303.5
(20,5,8,7): 8555.61
(20,5,8,8): 33094.4
(20,5,9,7): 9924.51
(20,5,9,8): 38389.5
(20,5,10,7): 4106.69
(20,5,10,8): 15885.3
(20,5,11,7): 5475.59
(20,5,11,8): 21180.4
(20,5,12,7): 7186.71
(20,5,12,8): 27799.3
(20,5,13,7): 8555.61
(20,5,13,8): 33094.4
(20,5,14,7): 10266.7
(20,5,14,8): 39713.3
(20,5,15,7): 11635.6
(20,5,15,8): 45008.4
(20,5,16,7): 13346.7
(20,5,16,8): 51627.3
(20,5,17,7): 14715.6
(20,5,17,8): 56922.4
(20,5,18,7): 10266.7
(20,5,18,8): 39713.3
(20,5,19,7): 11635.6
(20,5,19,8): 45008.4
(20,5,22,7): 9240.06
(20,5,22,8): 35741.9
(20,5,23,7): 9240.06
(20,5,23,8): 35741.9
(20,6,0,10): 17493
(20,6,0,17): 17493
(20,6,1,10): 20825
(20,6,1,17): 20825
(20,6,2,10): 24990
(20,6,2,17): 24990
(20,6,3,10): 28322
(20,6,3,17): 28322
(20,6,4,10): 32487
(20,6,4,17): 32487
(20,6,5,10): 35819
(20,6,5,17): 35819
(20,6,6,10): 28322
(20,6,6,17): 28322
(20,6,7,10): 31654
(20,6,7,17): 31654
(20,6,8,10): 20825
(20,6,8,17): 20825
(20,6,9,10): 24157
(20,6,9,17): 24157
(20,6,10,10): 9996
(20,6,10,17): 9996
(20,6,11,10): 13328
(20,6,11,17): 13328
(20,6,12,10): 17493
(20,6,12,17): 17493
(20,6,13,10): 20825
(20,6,13,17): 20825
(20,6,14,10): 24990
(20,6,14,17): 24990
(20,6,15,10): 28322
(20,6,15,17): 28322
(20,6,16,10): 32487
(20,6,16,17): 32487
(20,6,17,10): 35819
(20,6,17,17): 35819
(20,6,18,10): 24990
(20,6,18,17): 24990
(20,6,19,10): 28322
(20,6,19,17): 28322
(20,6,22,10): 22491
(20,6,22,17): 22491
(20,6,23,10): 22491
(20,6,23,17): 22491
(20,7,0,9): 7186.71
(20,7,1,9): 8555.61
(20,7,2,9): 10266.7
(20,7,3,9): 11635.6
(20,7,4,9): 13346.7
(20,7,5,9): 14715.6
(20,7,6,9): 11635.6
(20,7,7,9): 13004.5
(20,7,8,9): 8555.61
(20,7,9,9): 9924.51
(20,7,10,9): 4106.69
(20,7,11,9): 5475.59
(20,7,12,9): 7186.71
(20,7,13,9): 8555.61
(20,7,14,9): 10266.7
(20,7,15,9): 11635.6
(20,7,16,9): 13346.7
(20,7,17,9): 14715.6
(20,7,18,9): 10266.7
(20,7,19,9): 11635.6
(20,7,22,9): 9240.06
(20,7,23,9): 9240.06
(20,8,0,9): 10306.3
(20,8,0,16): 17493
(20,8,1,9): 12269.4
(20,8,1,16): 20825
(20,8,2,9): 14723.3
(20,8,2,16): 24990
(20,8,3,9): 16686.4
(20,8,3,16): 28322
(20,8,4,9): 19140.3
(20,8,4,16): 32487
(20,8,5,9): 21103.4
(20,8,5,16): 35819
(20,8,6,9): 16686.4
(20,8,6,16): 28322
(20,8,7,9): 18649.5
(20,8,7,16): 31654
(20,8,8,9): 12269.4
(20,8,8,16): 20825
(20,8,9,9): 14232.5
(20,8,9,16): 24157
(20,8,10,9): 5889.31
(20,8,10,16): 9996
(20,8,11,9): 7852.41
(20,8,11,16): 13328
(20,8,12,9): 10306.3
(20,8,12,16): 17493
(20,8,13,9): 12269.4
(20,8,13,16): 20825
(20,8,14,9): 14723.3
(20,8,14,16): 24990
(20,8,15,9): 16686.4
(20,8,15,16): 28322
(20,8,16,9): 19140.3
(20,8,16,16): 32487
(20,8,17,9): 21103.4
(20,8,17,16): 35819
(20,8,18,9): 14723.3
(20,8,18,16): 24990
(20,8,19,9): 16686.4
(20,8,19,16): 28322
(20,8,22,9): 13250.9
(20,8,22,16): 22491
(20,8,23,9): 13250.9
(20,8,23,16): 22491
(20,9,0,5): 17493
(20,9,1,5): 20825
(20,9,2,5): 24990
(20,9,3,5): 28322
(20,9,4,5): 32487
(20,9,5,5): 35819
(20,9,6,5): 28322
(20,9,7,5): 31654
(20,9,8,5): 20825
(20,9,9,5): 24157
(20,9,10,5): 9996
(20,9,11,5): 13328
(20,9,12,5): 17493
(20,9,13,5): 20825
(20,9,14,5): 24990
(20,9,15,5): 28322
(20,9,16,5): 32487
(20,9,17,5): 35819
(20,9,18,5): 24990
(20,9,19,5): 28322
(20,9,22,5): 22491
(20,9,23,5): 22491
(20,10,0,12): 17493
(20,10,1,12): 20825
(20,10,2,12): 24990
(20,10,3,12): 28322
(20,10,4,12): 32487
(20,10,5,12): 35819
(20,10,6,12): 28322
(20,10,7,12): 31654
(20,10,8,12): 20825
(20,10,9,12): 24157
(20,10,10,12): 9996
(20,10,11,12): 13328
(20,10,12,12): 17493
(20,10,13,12): 20825
(20,10,14,12): 24990
(20,10,15,12): 28322
(20,10,16,12): 32487
(20,10,17,12): 35819
(20,10,18,12): 24990
(20,10,19,12): 28322
(20,10,22,12): 22491
(20,10,23,12): 22491
(20,11,0,18): 2997.04
(20,11,1,18): 3567.91
(20,11,2,18): 4281.49
(20,11,3,18): 4852.36
(20,11,4,18): 5565.94
(20,11,5,18): 6136.81
(20,11,6,18): 4852.36
(20,11,7,18): 5423.22
(20,11,8,18): 3567.91
(20,11,9,18): 4138.78
(20,11,10,18): 1712.6
(20,11,11,18): 2283.46
(20,11,12,18): 2997.04
(20,11,13,18): 3567.91
(20,11,14,18): 4281.49
(20,11,15,18): 4852.36
(20,11,16,18): 5565.94
(20,11,17,18): 6136.81
(20,11,18,18): 4281.49
(20,11,19,18): 4852.36
(20,11,22,18): 3853.34
(20,11,23,18): 3853.34
(20,12,0,13): 17493
(20,12,0,18): 14496
(20,12,1,13): 20825
(20,12,1,18): 17257.1
(20,12,2,13): 24990
(20,12,2,18): 20708.5
(20,12,3,13): 28322
(20,12,3,18): 23469.6
(20,12,4,13): 32487
(20,12,4,18): 26921.1
(20,12,5,13): 35819
(20,12,5,18): 29682.2
(20,12,6,13): 28322
(20,12,6,18): 23469.6
(20,12,7,13): 31654
(20,12,7,18): 26230.8
(20,12,8,13): 20825
(20,12,8,18): 17257.1
(20,12,9,13): 24157
(20,12,9,18): 20018.2
(20,12,10,13): 9996
(20,12,10,18): 8283.4
(20,12,11,13): 13328
(20,12,11,18): 11044.5
(20,12,12,13): 17493
(20,12,12,18): 14496
(20,12,13,13): 20825
(20,12,13,18): 17257.1
(20,12,14,13): 24990
(20,12,14,18): 20708.5
(20,12,15,13): 28322
(20,12,15,18): 23469.6
(20,12,16,13): 32487
(20,12,16,18): 26921.1
(20,12,17,13): 35819
(20,12,17,18): 29682.2
(20,12,18,13): 24990
(20,12,18,18): 20708.5
(20,12,19,13): 28322
(20,12,19,18): 23469.6
(20,12,22,13): 22491
(20,12,22,18): 18637.7
(20,12,23,13): 22491
(20,12,23,18): 18637.7
(20,13,0,14): 17493
(20,13,1,14): 20825
(20,13,2,14): 24990
(20,13,3,14): 28322
(20,13,4,14): 32487
(20,13,5,14): 35819
(20,13,6,14): 28322
(20,13,7,14): 31654
(20,13,8,14): 20825
(20,13,9,14): 24157
(20,13,10,14): 9996
(20,13,11,14): 13328
(20,13,12,14): 17493
(20,13,13,14): 20825
(20,13,14,14): 24990
(20,13,15,14): 28322
(20,13,16,14): 32487
(20,13,17,14): 35819
(20,13,18,14): 24990
(20,13,19,14): 28322
(20,13,22,14): 22491
(20,13,23,14): 22491
(20,14,0,20): 15302.2
(20,14,0,21): 2190.83
(20,14,1,20): 18216.9
(20,14,1,21): 2608.13
(20,14,2,20): 21860.2
(20,14,2,21): 3129.76
(20,14,3,20): 24774.9
(20,14,3,21): 3547.06
(20,14,4,20): 28418.3
(20,14,4,21): 4068.69
(20,14,5,20): 31333
(20,14,5,21): 4485.99
(20,14,6,20): 24774.9
(20,14,6,21): 3547.06
(20,14,7,20): 27689.6
(20,14,7,21): 3964.36
(20,14,8,20): 18216.9
(20,14,8,21): 2608.13
(20,14,9,20): 21131.6
(20,14,9,21): 3025.43
(20,14,10,20): 8744.1
(20,14,10,21): 1251.9
(20,14,11,20): 11658.8
(20,14,11,21): 1669.2
(20,14,12,20): 15302.2
(20,14,12,21): 2190.83
(20,14,13,20): 18216.9
(20,14,13,21): 2608.13
(20,14,14,20): 21860.2
(20,14,14,21): 3129.76
(20,14,15,20): 24774.9
(20,14,15,21): 3547.06
(20,14,16,20): 28418.3
(20,14,16,21): 4068.69
(20,14,17,20): 31333
(20,14,17,21): 4485.99
(20,14,18,20): 21860.2
(20,14,18,21): 3129.76
(20,14,19,20): 24774.9
(20,14,19,21): 3547.06
(20,14,22,20): 19674.2
(20,14,22,21): 2816.78
(20,14,23,20): 19674.2
(20,14,23,21): 2816.78
(20,15,0,1): 16230.8
(20,15,0,2): 1262.22
(20,15,1,1): 19322.4
(20,15,1,2): 1502.64
(20,15,2,1): 23186.8
(20,15,2,2): 1803.17
(20,15,3,1): 26278.4
(20,15,3,2): 2043.59
(20,15,4,1): 30142.9
(20,15,4,2): 2344.12
(20,15,5,1): 33234.5
(20,15,5,2): 2584.54
(20,15,6,1): 26278.4
(20,15,6,2): 2043.59
(20,15,7,1): 29370
(20,15,7,2): 2284.02
(20,15,8,1): 19322.4
(20,15,8,2): 1502.64
(20,15,9,1): 22413.9
(20,15,9,2): 1743.06
(20,15,10,1): 9274.73
(20,15,10,2): 721.268
(20,15,11,1): 12366.3
(20,15,11,2): 961.691
(20,15,12,1): 16230.8
(20,15,12,2): 1262.22
(20,15,13,1): 19322.4
(20,15,13,2): 1502.64
(20,15,14,1): 23186.8
(20,15,14,2): 1803.17
(20,15,15,1): 26278.4
(20,15,15,2): 2043.59
(20,15,16,1): 30142.9
(20,15,16,2): 2344.12
(20,15,17,1): 33234.5
(20,15,17,2): 2584.54
(20,15,18,1): 23186.8
(20,15,18,2): 1803.17
(20,15,19,1): 26278.4
(20,15,19,2): 2043.59
(20,15,22,1): 20868.1
(20,15,22,2): 1622.85
(20,15,23,1): 20868.1
(20,15,23,2): 1622.85
(20,16,0,5): 17493
(20,16,1,5): 20825
(20,16,2,5): 24990
(20,16,3,5): 28322
(20,16,4,5): 32487
(20,16,5,5): 35819
(20,16,6,5): 28322
(20,16,7,5): 31654
(20,16,8,5): 20825
(20,16,9,5): 24157
(20,16,10,5): 9996
(20,16,11,5): 13328
(20,16,12,5): 17493
(20,16,13,5): 20825
(20,16,14,5): 24990
(20,16,15,5): 28322
(20,16,16,5): 32487
(20,16,17,5): 35819
(20,16,18,5): 24990
(20,16,19,5): 28322
(20,16,22,5): 22491
(20,16,23,5): 22491
(20,17,0,11): 2997.04
(20,17,0,12): 14496
(20,17,1,11): 3567.91
(20,17,1,12): 17257.1
(20,17,2,11): 4281.49
(20,17,2,12): 20708.5
(20,17,3,11): 4852.36
(20,17,3,12): 23469.6
(20,17,4,11): 5565.94
(20,17,4,12): 26921.1
(20,17,5,11): 6136.81
(20,17,5,12): 29682.2
(20,17,6,11): 4852.36
(20,17,6,12): 23469.6
(20,17,7,11): 5423.22
(20,17,7,12): 26230.8
(20,17,8,11): 3567.91
(20,17,8,12): 17257.1
(20,17,9,11): 4138.78
(20,17,9,12): 20018.2
(20,17,10,11): 1712.6
(20,17,10,12): 8283.4
(20,17,11,11): 2283.46
(20,17,11,12): 11044.5
(20,17,12,11): 2997.04
(20,17,12,12): 14496
(20,17,13,11): 3567.91
(20,17,13,12): 17257.1
(20,17,14,11): 4281.49
(20,17,14,12): 20708.5
(20,17,15,11): 4852.36
(20,17,15,12): 23469.6
(20,17,16,11): 5565.94
(20,17,16,12): 26921.1
(20,17,17,11): 6136.81
(20,17,17,12): 29682.2
(20,17,18,11): 4281.49
(20,17,18,12): 20708.5
(20,17,19,11): 4852.36
(20,17,19,12): 23469.6
(20,17,22,11): 3853.34
(20,17,22,12): 18637.7
(20,17,23,11): 3853.34
(20,17,23,12): 18637.7
(20,18,0,19): 17493
(20,18,1,19): 20825
(20,18,2,19): 24990
(20,18,3,19): 28322
(20,18,4,19): 32487
(20,18,5,19): 35819
(20,18,6,19): 28322
(20,18,7,19): 31654
(20,18,8,19): 20825
(20,18,9,19): 24157
(20,18,10,19): 9996
(20,18,11,19): 13328
(20,18,12,19): 17493
(20,18,13,19): 20825
(20,18,14,19): 24990
(20,18,15,19): 28322
(20,18,16,19): 32487
(20,18,17,19): 35819
(20,18,18,19): 24990
(20,18,19,19): 28322
(20,18,22,19): 22491
(20,18,23,19): 22491
(20,19,0,22): 15302.2
(20,19,0,23): 2190.83
(20,19,1,22): 18216.9
(20,19,1,23): 2608.13
(20,19,2,22): 21860.2
(20,19,2,23): 3129.76
(20,19,3,22): 24774.9
(20,19,3,23): 3547.06
(20,19,4,22): 28418.3
(20,19,4,23): 4068.69
(20,19,5,22): 31333
(20,19,5,23): 4485.99
(20,19,6,22): 24774.9
(20,19,6,23): 3547.06
(20,19,7,22): 27689.6
(20,19,7,23): 3964.36
(20,19,8,22): 18216.9
(20,19,8,23): 2608.13
(20,19,9,22): 21131.6
(20,19,9,23): 3025.43
(20,19,10,22): 8744.1
(20,19,10,23): 1251.9
(20,19,11,22): 11658.8
(20,19,11,23): 1669.2
(20,19,12,22): 15302.2
(20,19,12,23): 2190.83
(20,19,13,22): 18216.9
(20,19,13,23): 2608.13
(20,19,14,22): 21860.2
(20,19,14,23): 3129.76
(20,19,15,22): 24774.9
(20,19,15,23): 3547.06
(20,19,16,22): 28418.3
(20,19,16,23): 4068.69
(20,19,17,22): 31333
(20,19,17,23): 4485.99
(20,19,18,22): 21860.2
(20,19,18,23): 3129.76
(20,19,19,22): 24774.9
(20,19,19,23): 3547.06
(20,19,22,22): 19674.2
(20,19,22,23): 2816.78
(20,19,23,22): 19674.2
(20,19,23,23): 2816.78
(20,20,0,0): 15302.2
(20,20,1,0): 18216.9
(20,20,2,0): 21860.2
(20,20,3,0): 24774.9
(20,20,4,0): 28418.3
(20,20,5,0): 31333
(20,20,6,0): 24774.9
(20,20,7,0): 27689.6
(20,20,8,0): 18216.9
(20,20,9,0): 21131.6
(20,20,10,0): 8744.1
(20,20,11,0): 11658.8
(20,20,12,0): 15302.2
(20,20,13,0): 18216.9
(20,20,14,0): 21860.2
(20,20,15,0): 24774.9
(20,20,16,0): 28418.3
(20,20,17,0): 31333
(20,20,18,0): 21860.2
(20,20,19,0): 24774.9
(20,20,22,0): 19674.2
(20,20,23,0): 19674.2
(20,21,0,0): 2190.83
(20,21,1,0): 2608.13
(20,21,2,0): 3129.76
(20,21,3,0): 3547.06
(20,21,4,0): 4068.69
(20,21,5,0): 4485.99
(20,21,6,0): 3547.06
(20,21,7,0): 3964.36
(20,21,8,0): 2608.13
(20,21,9,0): 3025.43
(20,21,10,0): 1251.9
(20,21,11,0): 1669.2
(20,21,12,0): 2190.83
(20,21,13,0): 2608.13
(20,21,14,0): 3129.76
(20,21,15,0): 3547.06
(20,21,16,0): 4068.69
(20,21,17,0): 4485.99
(20,21,18,0): 3129.76
(20,21,19,0): 3547.06
(20,21,22,0): 2816.78
(20,21,23,0): 2816.78
(20,22,0,15): 15302.2
(20,22,1,15): 18216.9
(20,22,2,15): 21860.2
(20,22,3,15): 24774.9
(20,22,4,15): 28418.3
(20,22,5,15): 31333
(20,22,6,15): 24774.9
(20,22,7,15): 27689.6
(20,22,8,15): 18216.9
(20,22,9,15): 21131.6
(20,22,10,15): 8744.1
(20,22,11,15): 11658.8
(20,22,12,15): 15302.2
(20,22,13,15): 18216.9
(20,22,14,15): 21860.2
(20,22,15,15): 24774.9
(20,22,16,15): 28418.3
(20,22,17,15): 31333
(20,22,18,15): 21860.2
(20,22,19,15): 24774.9
(20,22,22,15): 19674.2
(20,22,23,15): 19674.2
(20,23,0,15): 2190.83
(20,23,1,15): 2608.13
(20,23,2,15): 3129.76
(20,23,3,15): 3547.06
(20,23,4,15): 4068.69
(20,23,5,15): 4485.99
(20,23,6,15): 3547.06
(20,23,7,15): 3964.36
(20,23,8,15): 2608.13
(20,23,9,15): 3025.43
(20,23,10,15): 1251.9
(20,23,11,15): 1669.2
(20,23,12,15): 2190.83
(20,23,13,15): 2608.13
(20,23,14,15): 3129.76
(20,23,15,15): 3547.06
(20,23,16,15): 4068.69
(20,23,17,15): 4485.99
(20,23,18,15): 3129.76
(20,23,19,15): 3547.06
(20,23,22,15): 2816.78
(20,23,23,15): 2816.78
(21,0,0,2): 17493
(21,0,1,2): 20825
(21,0,2,2): 24990
(21,0,3,2): 28322
(21,0,4,2): 32487
(21,0,5,2): 35819
(21,0,6,2): 28322
(21,0,7,2): 31654
(21,0,8,2): 20825
(21,0,9,2): 24157
(21,0,10,2): 9996
(21,0,11,2): 13328
(21,0,12,2): 17493
(21,0,13,2): 20825
(21,0,14,2): 24990
(21,0,15,2): 28322
(21,0,16,2): 32487
(21,0,17,2): 35819
(21,0,18,2): 24990
(21,0,19,2): 28322
(21,0,22,2): 22491
(21,0,23,2): 22491
(21,1,0,3): 16230.8
(21,1,1,3): 19322.4
(21,1,2,3): 23186.8
(21,1,3,3): 26278.4
(21,1,4,3): 30142.9
(21,1,5,3): 33234.5
(21,1,6,3): 26278.4
(21,1,7,3): 29370
(21,1,8,3): 19322.4
(21,1,9,3): 22413.9
(21,1,10,3): 9274.73
(21,1,11,3): 12366.3
(21,1,12,3): 16230.8
(21,1,13,3): 19322.4
(21,1,14,3): 23186.8
(21,1,15,3): 26278.4
(21,1,16,3): 30142.9
(21,1,17,3): 33234.5
(21,1,18,3): 23186.8
(21,1,19,3): 26278.4
(21,1,22,3): 20868.1
(21,1,23,3): 20868.1
(21,2,0,4): 18755.2
(21,2,1,4): 22327.6
(21,2,2,4): 26793.2
(21,2,3,4): 30365.6
(21,2,4,4): 34831.1
(21,2,5,4): 38403.5
(21,2,6,4): 30365.6
(21,2,7,4): 33938
(21,2,8,4): 22327.6
(21,2,9,4): 25900.1
(21,2,10,4): 10717.3
(21,2,11,4): 14289.7
(21,2,12,4): 18755.2
(21,2,13,4): 22327.6
(21,2,14,4): 26793.2
(21,2,15,4): 30365.6
(21,2,16,4): 34831.1
(21,2,17,4): 38403.5
(21,2,18,4): 26793.2
(21,2,19,4): 30365.6
(21,2,22,4): 24113.9
(21,2,23,4): 24113.9
(21,3,0,6): 16230.8
(21,3,1,6): 19322.4
(21,3,2,6): 23186.8
(21,3,3,6): 26278.4
(21,3,4,6): 30142.9
(21,3,5,6): 33234.5
(21,3,6,6): 26278.4
(21,3,7,6): 29370
(21,3,8,6): 19322.4
(21,3,9,6): 22413.9
(21,3,10,6): 9274.73
(21,3,11,6): 12366.3
(21,3,12,6): 16230.8
(21,3,13,6): 19322.4
(21,3,14,6): 23186.8
(21,3,15,6): 26278.4
(21,3,16,6): 30142.9
(21,3,17,6): 33234.5
(21,3,18,6): 23186.8
(21,3,19,6): 26278.4
(21,3,22,6): 20868.1
(21,3,23,6): 20868.1
(21,4,0,6): 18755.2
(21,4,1,6): 22327.6
(21,4,2,6): 26793.2
(21,4,3,6): 30365.6
(21,4,4,6): 34831.1
(21,4,5,6): 38403.5
(21,4,6,6): 30365.6
(21,4,7,6): 33938
(21,4,8,6): 22327.6
(21,4,9,6): 25900.1
(21,4,10,6): 10717.3
(21,4,11,6): 14289.7
(21,4,12,6): 18755.2
(21,4,13,6): 22327.6
(21,4,14,6): 26793.2
(21,4,15,6): 30365.6
(21,4,16,6): 34831.1
(21,4,17,6): 38403.5
(21,4,18,6): 26793.2
(21,4,19,6): 30365.6
(21,4,22,6): 24113.9
(21,4,23,6): 24113.9
(21,5,0,7): 7186.71
(21,5,0,8): 27799.3
(21,5,1,7): 8555.61
(21,5,1,8): 33094.4
(21,5,2,7): 10266.7
(21,5,2,8): 39713.3
(21,5,3,7): 11635.6
(21,5,3,8): 45008.4
(21,5,4,7): 13346.7
(21,5,4,8): 51627.3
(21,5,5,7): 14715.6
(21,5,5,8): 56922.4
(21,5,6,7): 11635.6
(21,5,6,8): 45008.4
(21,5,7,7): 13004.5
(21,5,7,8): 50303.5
(21,5,8,7): 8555.61
(21,5,8,8): 33094.4
(21,5,9,7): 9924.51
(21,5,9,8): 38389.5
(21,5,10,7): 4106.69
(21,5,10,8): 15885.3
(21,5,11,7): 5475.59
(21,5,11,8): 21180.4
(21,5,12,7): 7186.71
(21,5,12,8): 27799.3
(21,5,13,7): 8555.61
(21,5,13,8): 33094.4
(21,5,14,7): 10266.7
(21,5,14,8): 39713.3
(21,5,15,7): 11635.6
(21,5,15,8): 45008.4
(21,5,16,7): 13346.7
(21,5,16,8): 51627.3
(21,5,17,7): 14715.6
(21,5,17,8): 56922.4
(21,5,18,7): 10266.7
(21,5,18,8): 39713.3
(21,5,19,7): 11635.6
(21,5,19,8): 45008.4
(21,5,22,7): 9240.06
(21,5,22,8): 35741.9
(21,5,23,7): 9240.06
(21,5,23,8): 35741.9
(21,6,0,10): 17493
(21,6,0,17): 17493
(21,6,1,10): 20825
(21,6,1,17): 20825
(21,6,2,10): 24990
(21,6,2,17): 24990
(21,6,3,10): 28322
(21,6,3,17): 28322
(21,6,4,10): 32487
(21,6,4,17): 32487
(21,6,5,10): 35819
(21,6,5,17): 35819
(21,6,6,10): 28322
(21,6,6,17): 28322
(21,6,7,10): 31654
(21,6,7,17): 31654
(21,6,8,10): 20825
(21,6,8,17): 20825
(21,6,9,10): 24157
(21,6,9,17): 24157
(21,6,10,10): 9996
(21,6,10,17): 9996
(21,6,11,10): 13328
(21,6,11,17): 13328
(21,6,12,10): 17493
(21,6,12,17): 17493
(21,6,13,10): 20825
(21,6,13,17): 20825
(21,6,14,10): 24990
(21,6,14,17): 24990
(21,6,15,10): 28322
(21,6,15,17): 28322
(21,6,16,10): 32487
(21,6,16,17): 32487
(21,6,17,10): 35819
(21,6,17,17): 35819
(21,6,18,10): 24990
(21,6,18,17): 24990
(21,6,19,10): 28322
(21,6,19,17): 28322
(21,6,22,10): 22491
(21,6,22,17): 22491
(21,6,23,10): 22491
(21,6,23,17): 22491
(21,7,0,9): 7186.71
(21,7,1,9): 8555.61
(21,7,2,9): 10266.7
(21,7,3,9): 11635.6
(21,7,4,9): 13346.7
(21,7,5,9): 14715.6
(21,7,6,9): 11635.6
(21,7,7,9): 13004.5
(21,7,8,9): 8555.61
(21,7,9,9): 9924.51
(21,7,10,9): 4106.69
(21,7,11,9): 5475.59
(21,7,12,9): 7186.71
(21,7,13,9): 8555.61
(21,7,14,9): 10266.7
(21,7,15,9): 11635.6
(21,7,16,9): 13346.7
(21,7,17,9): 14715.6
(21,7,18,9): 10266.7
(21,7,19,9): 11635.6
(21,7,22,9): 9240.06
(21,7,23,9): 9240.06
(21,8,0,9): 10306.3
(21,8,0,16): 17493
(21,8,1,9): 12269.4
(21,8,1,16): 20825
(21,8,2,9): 14723.3
(21,8,2,16): 24990
(21,8,3,9): 16686.4
(21,8,3,16): 28322
(21,8,4,9): 19140.3
(21,8,4,16): 32487
(21,8,5,9): 21103.4
(21,8,5,16): 35819
(21,8,6,9): 16686.4
(21,8,6,16): 28322
(21,8,7,9): 18649.5
(21,8,7,16): 31654
(21,8,8,9): 12269.4
(21,8,8,16): 20825
(21,8,9,9): 14232.5
(21,8,9,16): 24157
(21,8,10,9): 5889.31
(21,8,10,16): 9996
(21,8,11,9): 7852.41
(21,8,11,16): 13328
(21,8,12,9): 10306.3
(21,8,12,16): 17493
(21,8,13,9): 12269.4
(21,8,13,16): 20825
(21,8,14,9): 14723.3
(21,8,14,16): 24990
(21,8,15,9): 16686.4
(21,8,15,16): 28322
(21,8,16,9): 19140.3
(21,8,16,16): 32487
(21,8,17,9): 21103.4
(21,8,17,16): 35819
(21,8,18,9): 14723.3
(21,8,18,16): 24990
(21,8,19,9): 16686.4
(21,8,19,16): 28322
(21,8,22,9): 13250.9
(21,8,22,16): 22491
(21,8,23,9): 13250.9
(21,8,23,16): 22491
(21,9,0,5): 17493
(21,9,1,5): 20825
(21,9,2,5): 24990
(21,9,3,5): 28322
(21,9,4,5): 32487
(21,9,5,5): 35819
(21,9,6,5): 28322
(21,9,7,5): 31654
(21,9,8,5): 20825
(21,9,9,5): 24157
(21,9,10,5): 9996
(21,9,11,5): 13328
(21,9,12,5): 17493
(21,9,13,5): 20825
(21,9,14,5): 24990
(21,9,15,5): 28322
(21,9,16,5): 32487
(21,9,17,5): 35819
(21,9,18,5): 24990
(21,9,19,5): 28322
(21,9,22,5): 22491
(21,9,23,5): 22491
(21,10,0,12): 17493
(21,10,1,12): 20825
(21,10,2,12): 24990
(21,10,3,12): 28322
(21,10,4,12): 32487
(21,10,5,12): 35819
(21,10,6,12): 28322
(21,10,7,12): 31654
(21,10,8,12): 20825
(21,10,9,12): 24157
(21,10,10,12): 9996
(21,10,11,12): 13328
(21,10,12,12): 17493
(21,10,13,12): 20825
(21,10,14,12): 24990
(21,10,15,12): 28322
(21,10,16,12): 32487
(21,10,17,12): 35819
(21,10,18,12): 24990
(21,10,19,12): 28322
(21,10,22,12): 22491
(21,10,23,12): 22491
(21,11,0,18): 2997.04
(21,11,1,18): 3567.91
(21,11,2,18): 4281.49
(21,11,3,18): 4852.36
(21,11,4,18): 5565.94
(21,11,5,18): 6136.81
(21,11,6,18): 4852.36
(21,11,7,18): 5423.22
(21,11,8,18): 3567.91
(21,11,9,18): 4138.78
(21,11,10,18): 1712.6
(21,11,11,18): 2283.46
(21,11,12,18): 2997.04
(21,11,13,18): 3567.91
(21,11,14,18): 4281.49
(21,11,15,18): 4852.36
(21,11,16,18): 5565.94
(21,11,17,18): 6136.81
(21,11,18,18): 4281.49
(21,11,19,18): 4852.36
(21,11,22,18): 3853.34
(21,11,23,18): 3853.34
(21,12,0,13): 17493
(21,12,0,18): 14496
(21,12,1,13): 20825
(21,12,1,18): 17257.1
(21,12,2,13): 24990
(21,12,2,18): 20708.5
(21,12,3,13): 28322
(21,12,3,18): 23469.6
(21,12,4,13): 32487
(21,12,4,18): 26921.1
(21,12,5,13): 35819
(21,12,5,18): 29682.2
(21,12,6,13): 28322
(21,12,6,18): 23469.6
(21,12,7,13): 31654
(21,12,7,18): 26230.8
(21,12,8,13): 20825
(21,12,8,18): 17257.1
(21,12,9,13): 24157
(21,12,9,18): 20018.2
(21,12,10,13): 9996
(21,12,10,18): 8283.4
(21,12,11,13): 13328
(21,12,11,18): 11044.5
(21,12,12,13): 17493
(21,12,12,18): 14496
(21,12,13,13): 20825
(21,12,13,18): 17257.1
(21,12,14,13): 24990
(21,12,14,18): 20708.5
(21,12,15,13): 28322
(21,12,15,18): 23469.6
(21,12,16,13): 32487
(21,12,16,18): 26921.1
(21,12,17,13): 35819
(21,12,17,18): 29682.2
(21,12,18,13): 24990
(21,12,18,18): 20708.5
(21,12,19,13): 28322
(21,12,19,18): 23469.6
(21,12,22,13): 22491
(21,12,22,18): 18637.7
(21,12,23,13): 22491
(21,12,23,18): 18637.7
(21,13,0,14): 17493
(21,13,1,14): 20825
(21,13,2,14): 24990
(21,13,3,14): 28322
(21,13,4,14): 32487
(21,13,5,14): 35819
(21,13,6,14): 28322
(21,13,7,14): 31654
(21,13,8,14): 20825
(21,13,9,14): 24157
(21,13,10,14): 9996
(21,13,11,14): 13328
(21,13,12,14): 17493
(21,13,13,14): 20825
(21,13,14,14): 24990
(21,13,15,14): 28322
(21,13,16,14): 32487
(21,13,17,14): 35819
(21,13,18,14): 24990
(21,13,19,14): 28322
(21,13,22,14): 22491
(21,13,23,14): 22491
(21,14,0,20): 15302.2
(21,14,0,21): 2190.83
(21,14,1,20): 18216.9
(21,14,1,21): 2608.13
(21,14,2,20): 21860.2
(21,14,2,21): 3129.76
(21,14,3,20): 24774.9
(21,14,3,21): 3547.06
(21,14,4,20): 28418.3
(21,14,4,21): 4068.69
(21,14,5,20): 31333
(21,14,5,21): 4485.99
(21,14,6,20): 24774.9
(21,14,6,21): 3547.06
(21,14,7,20): 27689.6
(21,14,7,21): 3964.36
(21,14,8,20): 18216.9
(21,14,8,21): 2608.13
(21,14,9,20): 21131.6
(21,14,9,21): 3025.43
(21,14,10,20): 8744.1
(21,14,10,21): 1251.9
(21,14,11,20): 11658.8
(21,14,11,21): 1669.2
(21,14,12,20): 15302.2
(21,14,12,21): 2190.83
(21,14,13,20): 18216.9
(21,14,13,21): 2608.13
(21,14,14,20): 21860.2
(21,14,14,21): 3129.76
(21,14,15,20): 24774.9
(21,14,15,21): 3547.06
(21,14,16,20): 28418.3
(21,14,16,21): 4068.69
(21,14,17,20): 31333
(21,14,17,21): 4485.99
(21,14,18,20): 21860.2
(21,14,18,21): 3129.76
(21,14,19,20): 24774.9
(21,14,19,21): 3547.06
(21,14,22,20): 19674.2
(21,14,22,21): 2816.78
(21,14,23,20): 19674.2
(21,14,23,21): 2816.78
(21,15,0,1): 16230.8
(21,15,0,2): 1262.22
(21,15,1,1): 19322.4
(21,15,1,2): 1502.64
(21,15,2,1): 23186.8
(21,15,2,2): 1803.17
(21,15,3,1): 26278.4
(21,15,3,2): 2043.59
(21,15,4,1): 30142.9
(21,15,4,2): 2344.12
(21,15,5,1): 33234.5
(21,15,5,2): 2584.54
(21,15,6,1): 26278.4
(21,15,6,2): 2043.59
(21,15,7,1): 29370
(21,15,7,2): 2284.02
(21,15,8,1): 19322.4
(21,15,8,2): 1502.64
(21,15,9,1): 22413.9
(21,15,9,2): 1743.06
(21,15,10,1): 9274.73
(21,15,10,2): 721.268
(21,15,11,1): 12366.3
(21,15,11,2): 961.691
(21,15,12,1): 16230.8
(21,15,12,2): 1262.22
(21,15,13,1): 19322.4
(21,15,13,2): 1502.64
(21,15,14,1): 23186.8
(21,15,14,2): 1803.17
(21,15,15,1): 26278.4
(21,15,15,2): 2043.59
(21,15,16,1): 30142.9
(21,15,16,2): 2344.12
(21,15,17,1): 33234.5
(21,15,17,2): 2584.54
(21,15,18,1): 23186.8
(21,15,18,2): 1803.17
(21,15,19,1): 26278.4
(21,15,19,2): 2043.59
(21,15,22,1): 20868.1
(21,15,22,2): 1622.85
(21,15,23,1): 20868.1
(21,15,23,2): 1622.85
(21,16,0,5): 17493
(21,16,1,5): 20825
(21,16,2,5): 24990
(21,16,3,5): 28322
(21,16,4,5): 32487
(21,16,5,5): 35819
(21,16,6,5): 28322
(21,16,7,5): 31654
(21,16,8,5): 20825
(21,16,9,5): 24157
(21,16,10,5): 9996
(21,16,11,5): 13328
(21,16,12,5): 17493
(21,16,13,5): 20825
(21,16,14,5): 24990
(21,16,15,5): 28322
(21,16,16,5): 32487
(21,16,17,5): 35819
(21,16,18,5): 24990
(21,16,19,5): 28322
(21,16,22,5): 22491
(21,16,23,5): 22491
(21,17,0,11): 2997.04
(21,17,0,12): 14496
(21,17,1,11): 3567.91
(21,17,1,12): 17257.1
(21,17,2,11): 4281.49
(21,17,2,12): 20708.5
(21,17,3,11): 4852.36
(21,17,3,12): 23469.6
(21,17,4,11): 5565.94
(21,17,4,12): 26921.1
(21,17,5,11): 6136.81
(21,17,5,12): 29682.2
(21,17,6,11): 4852.36
(21,17,6,12): 23469.6
(21,17,7,11): 5423.22
(21,17,7,12): 26230.8
(21,17,8,11): 3567.91
(21,17,8,12): 17257.1
(21,17,9,11): 4138.78
(21,17,9,12): 20018.2
(21,17,10,11): 1712.6
(21,17,10,12): 8283.4
(21,17,11,11): 2283.46
(21,17,11,12): 11044.5
(21,17,12,11): 2997.04
(21,17,12,12): 14496
(21,17,13,11): 3567.91
(21,17,13,12): 17257.1
(21,17,14,11): 4281.49
(21,17,14,12): 20708.5
(21,17,15,11): 4852.36
(21,17,15,12): 23469.6
(21,17,16,11): 5565.94
(21,17,16,12): 26921.1
(21,17,17,11): 6136.81
(21,17,17,12): 29682.2
(21,17,18,11): 4281.49
(21,17,18,12): 20708.5
(21,17,19,11): 4852.36
(21,17,19,12): 23469.6
(21,17,22,11): 3853.34
(21,17,22,12): 18637.7
(21,17,23,11): 3853.34
(21,17,23,12): 18637.7
(21,18,0,19): 17493
(21,18,1,19): 20825
(21,18,2,19): 24990
(21,18,3,19): 28322
(21,18,4,19): 32487
(21,18,5,19): 35819
(21,18,6,19): 28322
(21,18,7,19): 31654
(21,18,8,19): 20825
(21,18,9,19): 24157
(21,18,10,19): 9996
(21,18,11,19): 13328
(21,18,12,19): 17493
(21,18,13,19): 20825
(21,18,14,19): 24990
(21,18,15,19): 28322
(21,18,16,19): 32487
(21,18,17,19): 35819
(21,18,18,19): 24990
(21,18,19,19): 28322
(21,18,22,19): 22491
(21,18,23,19): 22491
(21,19,0,22): 15302.2
(21,19,0,23): 2190.83
(21,19,1,22): 18216.9
(21,19,1,23): 2608.13
(21,19,2,22): 21860.2
(21,19,2,23): 3129.76
(21,19,3,22): 24774.9
(21,19,3,23): 3547.06
(21,19,4,22): 28418.3
(21,19,4,23): 4068.69
(21,19,5,22): 31333
(21,19,5,23): 4485.99
(21,19,6,22): 24774.9
(21,19,6,23): 3547.06
(21,19,7,22): 27689.6
(21,19,7,23): 3964.36
(21,19,8,22): 18216.9
(21,19,8,23): 2608.13
(21,19,9,22): 21131.6
(21,19,9,23): 3025.43
(21,19,10,22): 8744.1
(21,19,10,23): 1251.9
(21,19,11,22): 11658.8
(21,19,11,23): 1669.2
(21,19,12,22): 15302.2
(21,19,12,23): 2190.83
(21,19,13,22): 18216.9
(21,19,13,23): 2608.13
(21,19,14,22): 21860.2
(21,19,14,23): 3129.76
(21,19,15,22): 24774.9
(21,19,15,23): 3547.06
(21,19,16,22): 28418.3
(21,19,16,23): 4068.69
(21,19,17,22): 31333
(21,19,17,23): 4485.99
(21,19,18,22): 21860.2
(21,19,18,23): 3129.76
(21,19,19,22): 24774.9
(21,19,19,23): 3547.06
(21,19,22,22): 19674.2
(21,19,22,23): 2816.78
(21,19,23,22): 19674.2
(21,19,23,23): 2816.78
(21,20,0,0): 15302.2
(21,20,1,0): 18216.9
(21,20,2,0): 21860.2
(21,20,3,0): 24774.9
(21,20,4,0): 28418.3
(21,20,5,0): 31333
(21,20,6,0): 24774.9
(21,20,7,0): 27689.6
(21,20,8,0): 18216.9
(21,20,9,0): 21131.6
(21,20,10,0): 8744.1
(21,20,11,0): 11658.8
(21,20,12,0): 15302.2
(21,20,13,0): 18216.9
(21,20,14,0): 21860.2
(21,20,15,0): 24774.9
(21,20,16,0): 28418.3
(21,20,17,0): 31333
(21,20,18,0): 21860.2
(21,20,19,0): 24774.9
(21,20,22,0): 19674.2
(21,20,23,0): 19674.2
(21,21,0,0): 2190.83
(21,21,1,0): 2608.13
(21,21,2,0): 3129.76
(21,21,3,0): 3547.06
(21,21,4,0): 4068.69
(21,21,5,0): 4485.99
(21,21,6,0): 3547.06
(21,21,7,0): 3964.36
(21,21,8,0): 2608.13
(21,21,9,0): 3025.43
(21,21,10,0): 1251.9
(21,21,11,0): 1669.2
(21,21,12,0): 2190.83
(21,21,13,0): 2608.13
(21,21,14,0): 3129.76
(21,21,15,0): 3547.06
(21,21,16,0): 4068.69
(21,21,17,0): 4485.99
(21,21,18,0): 3129.76
(21,21,19,0): 3547.06
(21,21,22,0): 2816.78
(21,21,23,0): 2816.78
(21,22,0,15): 15302.2
(21,22,1,15): 18216.9
(21,22,2,15): 21860.2
(21,22,3,15): 24774.9
(21,22,4,15): 28418.3
(21,22,5,15): 31333
(21,22,6,15): 24774.9
(21,22,7,15): 27689.6
(21,22,8,15): 18216.9
(21,22,9,15): 21131.6
(21,22,10,15): 8744.1
(21,22,11,15): 11658.8
(21,22,12,15): 15302.2
(21,22,13,15): 18216.9
(21,22,14,15): 21860.2
(21,22,15,15): 24774.9
(21,22,16,15): 28418.3
(21,22,17,15): 31333
(21,22,18,15): 21860.2
(21,22,19,15): 24774.9
(21,22,22,15): 19674.2
(21,22,23,15): 19674.2
(21,23,0,15): 2190.83
(21,23,1,15): 2608.13
(21,23,2,15): 3129.76
(21,23,3,15): 3547.06
(21,23,4,15): 4068.69
(21,23,5,15): 4485.99
(21,23,6,15): 3547.06
(21,23,7,15): 3964.36
(21,23,8,15): 2608.13
(21,23,9,15): 3025.43
(21,23,10,15): 1251.9
(21,23,11,15): 1669.2
(21,23,12,15): 2190.83
(21,23,13,15): 2608.13
(21,23,14,15): 3129.76
(21,23,15,15): 3547.06
(21,23,16,15): 4068.69
(21,23,17,15): 4485.99
(21,23,18,15): 3129.76
(21,23,19,15): 3547.06
(21,23,22,15): 2816.78
(21,23,23,15): 2816.78
(22,0,0,2): 17493
(22,0,1,2): 20825
(22,0,2,2): 24990
(22,0,3,2): 28322
(22,0,4,2): 32487
(22,0,5,2): 35819
(22,0,6,2): 28322
(22,0,7,2): 31654
(22,0,8,2): 20825
(22,0,9,2): 24157
(22,0,10,2): 9996
(22,0,11,2): 13328
(22,0,12,2): 17493
(22,0,13,2): 20825
(22,0,14,2): 24990
(22,0,15,2): 28322
(22,0,16,2): 32487
(22,0,17,2): 35819
(22,0,18,2): 24990
(22,0,19,2): 28322
(22,0,20,2): 22491
(22,0,21,2): 22491
(22,1,0,3): 16230.8
(22,1,1,3): 19322.4
(22,1,2,3): 23186.8
(22,1,3,3): 26278.4
(22,1,4,3): 30142.9
(22,1,5,3): 33234.5
(22,1,6,3): 26278.4
(22,1,7,3): 29370
(22,1,8,3): 19322.4
(22,1,9,3): 22413.9
(22,1,10,3): 9274.73
(22,1,11,3): 12366.3
(22,1,12,3): 16230.8
(22,1,13,3): 19322.4
(22,1,14,3): 23186.8
(22,1,15,3): 26278.4
(22,1,16,3): 30142.9
(22,1,17,3): 33234.5
(22,1,18,3): 23186.8
(22,1,19,3): 26278.4
(22,1,20,3): 20868.1
(22,1,21,3): 20868.1
(22,2,0,4): 18755.2
(22,2,1,4): 22327.6
(22,2,2,4): 26793.2
(22,2,3,4): 30365.6
(22,2,4,4): 34831.1
(22,2,5,4): 38403.5
(22,2,6,4): 30365.6
(22,2,7,4): 33938
(22,2,8,4): 22327.6
(22,2,9,4): 25900.1
(22,2,10,4): 10717.3
(22,2,11,4): 14289.7
(22,2,12,4): 18755.2
(22,2,13,4): 22327.6
(22,2,14,4): 26793.2
(22,2,15,4): 30365.6
(22,2,16,4): 34831.1
(22,2,17,4): 38403.5
(22,2,18,4): 26793.2
(22,2,19,4): 30365.6
(22,2,20,4): 24113.9
(22,2,21,4): 24113.9
(22,3,0,6): 16230.8
(22,3,1,6): 19322.4
(22,3,2,6): 23186.8
(22,3,3,6): 26278.4
(22,3,4,6): 30142.9
(22,3,5,6): 33234.5
(22,3,6,6): 26278.4
(22,3,7,6): 29370
(22,3,8,6): 19322.4
(22,3,9,6): 22413.9
(22,3,10,6): 9274.73
(22,3,11,6): 12366.3
(22,3,12,6): 16230.8
(22,3,13,6): 19322.4
(22,3,14,6): 23186.8
(22,3,15,6): 26278.4
(22,3,16,6): 30142.9
(22,3,17,6): 33234.5
(22,3,18,6): 23186.8
(22,3,19,6): 26278.4
(22,3,20,6): 20868.1
(22,3,21,6): 20868.1
(22,4,0,6): 18755.2
(22,4,1,6): 22327.6
(22,4,2,6): 26793.2
(22,4,3,6): 30365.6
(22,4,4,6): 34831.1
(22,4,5,6): 38403.5
(22,4,6,6): 30365.6
(22,4,7,6): 33938
(22,4,8,6): 22327.6
(22,4,9,6): 25900.1
(22,4,10,6): 10717.3
(22,4,11,6): 14289.7
(22,4,12,6): 18755.2
(22,4,13,6): 22327.6
(22,4,14,6): 26793.2
(22,4,15,6): 30365.6
(22,4,16,6): 34831.1
(22,4,17,6): 38403.5
(22,4,18,6): 26793.2
(22,4,19,6): 30365.6
(22,4,20,6): 24113.9
(22,4,21,6): 24113.9
(22,5,0,7): 7186.71
(22,5,0,8): 27799.3
(22,5,1,7): 8555.61
(22,5,1,8): 33094.4
(22,5,2,7): 10266.7
(22,5,2,8): 39713.3
(22,5,3,7): 11635.6
(22,5,3,8): 45008.4
(22,5,4,7): 13346.7
(22,5,4,8): 51627.3
(22,5,5,7): 14715.6
(22,5,5,8): 56922.4
(22,5,6,7): 11635.6
(22,5,6,8): 45008.4
(22,5,7,7): 13004.5
(22,5,7,8): 50303.5
(22,5,8,7): 8555.61
(22,5,8,8): 33094.4
(22,5,9,7): 9924.51
(22,5,9,8): 38389.5
(22,5,10,7): 4106.69
(22,5,10,8): 15885.3
(22,5,11,7): 5475.59
(22,5,11,8): 21180.4
(22,5,12,7): 7186.71
(22,5,12,8): 27799.3
(22,5,13,7): 8555.61
(22,5,13,8): 33094.4
(22,5,14,7): 10266.7
(22,5,14,8): 39713.3
(22,5,15,7): 11635.6
(22,5,15,8): 45008.4
(22,5,16,7): 13346.7
(22,5,16,8): 51627.3
(22,5,17,7): 14715.6
(22,5,17,8): 56922.4
(22,5,18,7): 10266.7
(22,5,18,8): 39713.3
(22,5,19,7): 11635.6
(22,5,19,8): 45008.4
(22,5,20,7): 9240.06
(22,5,20,8): 35741.9
(22,5,21,7): 9240.06
(22,5,21,8): 35741.9
(22,6,0,10): 17493
(22,6,0,17): 17493
(22,6,1,10): 20825
(22,6,1,17): 20825
(22,6,2,10): 24990
(22,6,2,17): 24990
(22,6,3,10): 28322
(22,6,3,17): 28322
(22,6,4,10): 32487
(22,6,4,17): 32487
(22,6,5,10): 35819
(22,6,5,17): 35819
(22,6,6,10): 28322
(22,6,6,17): 28322
(22,6,7,10): 31654
(22,6,7,17): 31654
(22,6,8,10): 20825
(22,6,8,17): 20825
(22,6,9,10): 24157
(22,6,9,17): 24157
(22,6,10,10): 9996
(22,6,10,17): 9996
(22,6,11,10): 13328
(22,6,11,17): 13328
(22,6,12,10): 17493
(22,6,12,17): 17493
(22,6,13,10): 20825
(22,6,13,17): 20825
(22,6,14,10): 24990
(22,6,14,17): 24990
(22,6,15,10): 28322
(22,6,15,17): 28322
(22,6,16,10): 32487
(22,6,16,17): 32487
(22,6,17,10): 35819
(22,6,17,17): 35819
(22,6,18,10): 24990
(22,6,18,17): 24990
(22,6,19,10): 28322
(22,6,19,17): 28322
(22,6,20,10): 22491
(22,6,20,17): 22491
(22,6,21,10): 22491
(22,6,21,17): 22491
(22,7,0,9): 7186.71
(22,7,1,9): 8555.61
(22,7,2,9): 10266.7
(22,7,3,9): 11635.6
(22,7,4,9): 13346.7
(22,7,5,9): 14715.6
(22,7,6,9): 11635.6
(22,7,7,9): 13004.5
(22,7,8,9): 8555.61
(22,7,9,9): 9924.51
(22,7,10,9): 4106.69
(22,7,11,9): 5475.59
(22,7,12,9): 7186.71
(22,7,13,9): 8555.61
(22,7,14,9): 10266.7
(22,7,15,9): 11635.6
(22,7,16,9): 13346.7
(22,7,17,9): 14715.6
(22,7,18,9): 10266.7
(22,7,19,9): 11635.6
(22,7,20,9): 9240.06
(22,7,21,9): 9240.06
(22,8,0,9): 10306.3
(22,8,0,16): 17493
(22,8,1,9): 12269.4
(22,8,1,16): 20825
(22,8,2,9): 14723.3
(22,8,2,16): 24990
(22,8,3,9): 16686.4
(22,8,3,16): 28322
(22,8,4,9): 19140.3
(22,8,4,16): 32487
(22,8,5,9): 21103.4
(22,8,5,16): 35819
(22,8,6,9): 16686.4
(22,8,6,16): 28322
(22,8,7,9): 18649.5
(22,8,7,16): 31654
(22,8,8,9): 12269.4
(22,8,8,16): 20825
(22,8,9,9): 14232.5
(22,8,9,16): 24157
(22,8,10,9): 5889.31
(22,8,10,16): 9996
(22,8,11,9): 7852.41
(22,8,11,16): 13328
(22,8,12,9): 10306.3
(22,8,12,16): 17493
(22,8,13,9): 12269.4
(22,8,13,16): 20825
(22,8,14,9): 14723.3
(22,8,14,16): 24990
(22,8,15,9): 16686.4
(22,8,15,16): 28322
(22,8,16,9): 19140.3
(22,8,16,16): 32487
(22,8,17,9): 21103.4
(22,8,17,16): 35819
(22,8,18,9): 14723.3
(22,8,18,16): 24990
(22,8,19,9): 16686.4
(22,8,19,16): 28322
(22,8,20,9): 13250.9
(22,8,20,16): 22491
(22,8,21,9): 13250.9
(22,8,21,16): 22491
(22,9,0,5): 17493
(22,9,1,5): 20825
(22,9,2,5): 24990
(22,9,3,5): 28322
(22,9,4,5): 32487
(22,9,5,5): 35819
(22,9,6,5): 28322
(22,9,7,5): 31654
(22,9,8,5): 20825
(22,9,9,5): 24157
(22,9,10,5): 9996
(22,9,11,5): 13328
(22,9,12,5): 17493
(22,9,13,5): 20825
(22,9,14,5): 24990
(22,9,15,5): 28322
(22,9,16,5): 32487
(22,9,17,5): 35819
(22,9,18,5): 24990
(22,9,19,5): 28322
(22,9,20,5): 22491
(22,9,21,5): 22491
(22,10,0,12): 17493
(22,10,1,12): 20825
(22,10,2,12): 24990
(22,10,3,12): 28322
(22,10,4,12): 32487
(22,10,5,12): 35819
(22,10,6,12): 28322
(22,10,7,12): 31654
(22,10,8,12): 20825
(22,10,9,12): 24157
(22,10,10,12): 9996
(22,10,11,12): 13328
(22,10,12,12): 17493
(22,10,13,12): 20825
(22,10,14,12): 24990
(22,10,15,12): 28322
(22,10,16,12): 32487
(22,10,17,12): 35819
(22,10,18,12): 24990
(22,10,19,12): 28322
(22,10,20,12): 22491
(22,10,21,12): 22491
(22,11,0,18): 2997.04
(22,11,1,18): 3567.91
(22,11,2,18): 4281.49
(22,11,3,18): 4852.36
(22,11,4,18): 5565.94
(22,11,5,18): 6136.81
(22,11,6,18): 4852.36
(22,11,7,18): 5423.22
(22,11,8,18): 3567.91
(22,11,9,18): 4138.78
(22,11,10,18): 1712.6
(22,11,11,18): 2283.46
(22,11,12,18): 2997.04
(22,11,13,18): 3567.91
(22,11,14,18): 4281.49
(22,11,15,18): 4852.36
(22,11,16,18): 5565.94
(22,11,17,18): 6136.81
(22,11,18,18): 4281.49
(22,11,19,18): 4852.36
(22,11,20,18): 3853.34
(22,11,21,18): 3853.34
(22,12,0,13): 17493
(22,12,0,18): 14496
(22,12,1,13): 20825
(22,12,1,18): 17257.1
(22,12,2,13): 24990
(22,12,2,18): 20708.5
(22,12,3,13): 28322
(22,12,3,18): 23469.6
(22,12,4,13): 32487
(22,12,4,18): 26921.1
(22,12,5,13): 35819
(22,12,5,18): 29682.2
(22,12,6,13): 28322
(22,12,6,18): 23469.6
(22,12,7,13): 31654
(22,12,7,18): 26230.8
(22,12,8,13): 20825
(22,12,8,18): 17257.1
(22,12,9,13): 24157
(22,12,9,18): 20018.2
(22,12,10,13): 9996
(22,12,10,18): 8283.4
(22,12,11,13): 13328
(22,12,11,18): 11044.5
(22,12,12,13): 17493
(22,12,12,18): 14496
(22,12,13,13): 20825
(22,12,13,18): 17257.1
(22,12,14,13): 24990
(22,12,14,18): 20708.5
(22,12,15,13): 28322
(22,12,15,18): 23469.6
(22,12,16,13): 32487
(22,12,16,18): 26921.1
(22,12,17,13): 35819
(22,12,17,18): 29682.2
(22,12,18,13): 24990
(22,12,18,18): 20708.5
(22,12,19,13): 28322
(22,12,19,18): 23469.6
(22,12,20,13): 22491
(22,12,20,18): 18637.7
(22,12,21,13): 22491
(22,12,21,18): 18637.7
(22,13,0,14): 17493
(22,13,1,14): 20825
(22,13,2,14): 24990
(22,13,3,14): 28322
(22,13,4,14): 32487
(22,13,5,14): 35819
(22,13,6,14): 28322
(22,13,7,14): 31654
(22,13,8,14): 20825
(22,13,9,14): 24157
(22,13,10,14): 9996
(22,13,11,14): 13328
(22,13,12,14): 17493
(22,13,13,14): 20825
(22,13,14,14): 24990
(22,13,15,14): 28322
(22,13,16,14): 32487
(22,13,17,14): 35819
(22,13,18,14): 24990
(22,13,19,14): 28322
(22,13,20,14): 22491
(22,13,21,14): 22491
(22,14,0,20): 15302.2
(22,14,0,21): 2190.83
(22,14,1,20): 18216.9
(22,14,1,21): 2608.13
(22,14,2,20): 21860.2
(22,14,2,21): 3129.76
(22,14,3,20): 24774.9
(22,14,3,21): 3547.06
(22,14,4,20): 28418.3
(22,14,4,21): 4068.69
(22,14,5,20): 31333
(22,14,5,21): 4485.99
(22,14,6,20): 24774.9
(22,14,6,21): 3547.06
(22,14,7,20): 27689.6
(22,14,7,21): 3964.36
(22,14,8,20): 18216.9
(22,14,8,21): 2608.13
(22,14,9,20): 21131.6
(22,14,9,21): 3025.43
(22,14,10,20): 8744.1
(22,14,10,21): 1251.9
(22,14,11,20): 11658.8
(22,14,11,21): 1669.2
(22,14,12,20): 15302.2
(22,14,12,21): 2190.83
(22,14,13,20): 18216.9
(22,14,13,21): 2608.13
(22,14,14,20): 21860.2
(22,14,14,21): 3129.76
(22,14,15,20): 24774.9
(22,14,15,21): 3547.06
(22,14,16,20): 28418.3
(22,14,16,21): 4068.69
(22,14,17,20): 31333
(22,14,17,21): 4485.99
(22,14,18,20): 21860.2
(22,14,18,21): 3129.76
(22,14,19,20): 24774.9
(22,14,19,21): 3547.06
(22,14,20,20): 19674.2
(22,14,20,21): 2816.78
(22,14,21,20): 19674.2
(22,14,21,21): 2816.78
(22,15,0,1): 16230.8
(22,15,0,2): 1262.22
(22,15,1,1): 19322.4
(22,15,1,2): 1502.64
(22,15,2,1): 23186.8
(22,15,2,2): 1803.17
(22,15,3,1): 26278.4
(22,15,3,2): 2043.59
(22,15,4,1): 30142.9
(22,15,4,2): 2344.12
(22,15,5,1): 33234.5
(22,15,5,2): 2584.54
(22,15,6,1): 26278.4
(22,15,6,2): 2043.59
(22,15,7,1): 29370
(22,15,7,2): 2284.02
(22,15,8,1): 19322.4
(22,15,8,2): 1502.64
(22,15,9,1): 22413.9
(22,15,9,2): 1743.06
(22,15,10,1): 9274.73
(22,15,10,2): 721.268
(22,15,11,1): 12366.3
(22,15,11,2): 961.691
(22,15,12,1): 16230.8
(22,15,12,2): 1262.22
(22,15,13,1): 19322.4
(22,15,13,2): 1502.64
(22,15,14,1): 23186.8
(22,15,14,2): 1803.17
(22,15,15,1): 26278.4
(22,15,15,2): 2043.59
(22,15,16,1): 30142.9
(22,15,16,2): 2344.12
(22,15,17,1): 33234.5
(22,15,17,2): 2584.54
(22,15,18,1): 23186.8
(22,15,18,2): 1803.17
(22,15,19,1): 26278.4
(22,15,19,2): 2043.59
(22,15,20,1): 20868.1
(22,15,20,2): 1622.85
(22,15,21,1): 20868.1
(22,15,21,2): 1622.85
(22,16,0,5): 17493
(22,16,1,5): 20825
(22,16,2,5): 24990
(22,16,3,5): 28322
(22,16,4,5): 32487
(22,16,5,5): 35819
(22,16,6,5): 28322
(22,16,7,5): 31654
(22,16,8,5): 20825
(22,16,9,5): 24157
(22,16,10,5): 9996
(22,16,11,5): 13328
(22,16,12,5): 17493
(22,16,13,5): 20825
(22,16,14,5): 24990
(22,16,15,5): 28322
(22,16,16,5): 32487
(22,16,17,5): 35819
(22,16,18,5): 24990
(22,16,19,5): 28322
(22,16,20,5): 22491
(22,16,21,5): 22491
(22,17,0,11): 2997.04
(22,17,0,12): 14496
(22,17,1,11): 3567.91
(22,17,1,12): 17257.1
(22,17,2,11): 4281.49
(22,17,2,12): 20708.5
(22,17,3,11): 4852.36
(22,17,3,12): 23469.6
(22,17,4,11): 5565.94
(22,17,4,12): 26921.1
(22,17,5,11): 6136.81
(22,17,5,12): 29682.2
(22,17,6,11): 4852.36
(22,17,6,12): 23469.6
(22,17,7,11): 5423.22
(22,17,7,12): 26230.8
(22,17,8,11): 3567.91
(22,17,8,12): 17257.1
(22,17,9,11): 4138.78
(22,17,9,12): 20018.2
(22,17,10,11): 1712.6
(22,17,10,12): 8283.4
(22,17,11,11): 2283.46
(22,17,11,12): 11044.5
(22,17,12,11): 2997.04
(22,17,12,12): 14496
(22,17,13,11): 3567.91
(22,17,13,12): 17257.1
(22,17,14,11): 4281.49
(22,17,14,12): 20708.5
(22,17,15,11): 4852.36
(22,17,15,12): 23469.6
(22,17,16,11): 5565.94
(22,17,16,12): 26921.1
(22,17,17,11): 6136.81
(22,17,17,12): 29682.2
(22,17,18,11): 4281.49
(22,17,18,12): 20708.5
(22,17,19,11): 4852.36
(22,17,19,12): 23469.6
(22,17,20,11): 3853.34
(22,17,20,12): 18637.7
(22,17,21,11): 3853.34
(22,17,21,12): 18637.7
(22,18,0,19): 17493
(22,18,1,19): 20825
(22,18,2,19): 24990
(22,18,3,19): 28322
(22,18,4,19): 32487
(22,18,5,19): 35819
(22,18,6,19): 28322
(22,18,7,19): 31654
(22,18,8,19): 20825
(22,18,9,19): 24157
(22,18,10,19): 9996
(22,18,11,19): 13328
(22,18,12,19): 17493
(22,18,13,19): 20825
(22,18,14,19): 24990
(22,18,15,19): 28322
(22,18,16,19): 32487
(22,18,17,19): 35819
(22,18,18,19): 24990
(22,18,19,19): 28322
(22,18,20,19): 22491
(22,18,21,19): 22491
(22,19,0,22): 15302.2
(22,19,0,23): 2190.83
(22,19,1,22): 18216.9
(22,19,1,23): 2608.13
(22,19,2,22): 21860.2
(22,19,2,23): 3129.76
(22,19,3,22): 24774.9
(22,19,3,23): 3547.06
(22,19,4,22): 28418.3
(22,19,4,23): 4068.69
(22,19,5,22): 31333
(22,19,5,23): 4485.99
(22,19,6,22): 24774.9
(22,19,6,23): 3547.06
(22,19,7,22): 27689.6
(22,19,7,23): 3964.36
(22,19,8,22): 18216.9
(22,19,8,23): 2608.13
(22,19,9,22): 21131.6
(22,19,9,23): 3025.43
(22,19,10,22): 8744.1
(22,19,10,23): 1251.9
(22,19,11,22): 11658.8
(22,19,11,23): 1669.2
(22,19,12,22): 15302.2
(22,19,12,23): 2190.83
(22,19,13,22): 18216.9
(22,19,13,23): 2608.13
(22,19,14,22): 21860.2
(22,19,14,23): 3129.76
(22,19,15,22): 24774.9
(22,19,15,23): 3547.06
(22,19,16,22): 28418.3
(22,19,16,23): 4068.69
(22,19,17,22): 31333
(22,19,17,23): 4485.99
(22,19,18,22): 21860.2
(22,19,18,23): 3129.76
(22,19,19,22): 24774.9
(22,19,19,23): 3547.06
(22,19,20,22): 19674.2
(22,19,20,23): 2816.78
(22,19,21,22): 19674.2
(22,19,21,23): 2816.78
(22,20,0,0): 15302.2
(22,20,1,0): 18216.9
(22,20,2,0): 21860.2
(22,20,3,0): 24774.9
(22,20,4,0): 28418.3
(22,20,5,0): 31333
(22,20,6,0): 24774.9
(22,20,7,0): 27689.6
(22,20,8,0): 18216.9
(22,20,9,0): 21131.6
(22,20,10,0): 8744.1
(22,20,11,0): 11658.8
(22,20,12,0): 15302.2
(22,20,13,0): 18216.9
(22,20,14,0): 21860.2
(22,20,15,0): 24774.9
(22,20,16,0): 28418.3
(22,20,17,0): 31333
(22,20,18,0): 21860.2
(22,20,19,0): 24774.9
(22,20,20,0): 19674.2
(22,20,21,0): 19674.2
(22,21,0,0): 2190.83
(22,21,1,0): 2608.13
(22,21,2,0): 3129.76
(22,21,3,0): 3547.06
(22,21,4,0): 4068.69
(22,21,5,0): 4485.99
(22,21,6,0): 3547.06
(22,21,7,0): 3964.36
(22,21,8,0): 2608.13
(22,21,9,0): 3025.43
(22,21,10,0): 1251.9
(22,21,11,0): 1669.2
(22,21,12,0): 2190.83
(22,21,13,0): 2608.13
(22,21,14,0): 3129.76
(22,21,15,0): 3547.06
(22,21,16,0): 4068.69
(22,21,17,0): 4485.99
(22,21,18,0): 3129.76
(22,21,19,0): 3547.06
(22,21,20,0): 2816.78
(22,21,21,0): 2816.78
(22,22,0,15): 15302.2
(22,22,1,15): 18216.9
(22,22,2,15): 21860.2
(22,22,3,15): 24774.9
(22,22,4,15): 28418.3
(22,22,5,15): 31333
(22,22,6,15): 24774.9
(22,22,7,15): 27689.6
(22,22,8,15): 18216.9
(22,22,9,15): 21131.6
(22,22,10,15): 8744.1
(22,22,11,15): 11658.8
(22,22,12,15): 15302.2
(22,22,13,15): 18216.9
(22,22,14,15): 21860.2
(22,22,15,15): 24774.9
(22,22,16,15): 28418.3
(22,22,17,15): 31333
(22,22,18,15): 21860.2
(22,22,19,15): 24774.9
(22,22,20,15): 19674.2
(22,22,21,15): 19674.2
(22,23,0,15): 2190.83
(22,23,1,15): 2608.13
(22,23,2,15): 3129.76
(22,23,3,15): 3547.06
(22,23,4,15): 4068.69
(22,23,5,15): 4485.99
(22,23,6,15): 3547.06
(22,23,7,15): 3964.36
(22,23,8,15): 2608.13
(22,23,9,15): 3025.43
(22,23,10,15): 1251.9
(22,23,11,15): 1669.2
(22,23,12,15): 2190.83
(22,23,13,15): 2608.13
(22,23,14,15): 3129.76
(22,23,15,15): 3547.06
(22,23,16,15): 4068.69
(22,23,17,15): 4485.99
(22,23,18,15): 3129.76
(22,23,19,15): 3547.06
(22,23,20,15): 2816.78
(22,23,21,15): 2816.78
(23,0,0,2): 17493
(23,0,1,2): 20825
(23,0,2,2): 24990
(23,0,3,2): 28322
(23,0,4,2): 32487
(23,0,5,2): 35819
(23,0,6,2): 28322
(23,0,7,2): 31654
(23,0,8,2): 20825
(23,0,9,2): 24157
(23,0,10,2): 9996
(23,0,11,2): 13328
(23,0,12,2): 17493
(23,0,13,2): 20825
(23,0,14,2): 24990
(23,0,15,2): 28322
(23,0,16,2): 32487
(23,0,17,2): 35819
(23,0,18,2): 24990
(23,0,19,2): 28322
(23,0,20,2): 22491
(23,0,21,2): 22491
(23,1,0,3): 16230.8
(23,1,1,3): 19322.4
(23,1,2,3): 23186.8
(23,1,3,3): 26278.4
(23,1,4,3): 30142.9
(23,1,5,3): 33234.5
(23,1,6,3): 26278.4
(23,1,7,3): 29370
(23,1,8,3): 19322.4
(23,1,9,3): 22413.9
(23,1,10,3): 9274.73
(23,1,11,3): 12366.3
(23,1,12,3): 16230.8
(23,1,13,3): 19322.4
(23,1,14,3): 23186.8
(23,1,15,3): 26278.4
(23,1,16,3): 30142.9
(23,1,17,3): 33234.5
(23,1,18,3): 23186.8
(23,1,19,3): 26278.4
(23,1,20,3): 20868.1
(23,1,21,3): 20868.1
(23,2,0,4): 18755.2
(23,2,1,4): 22327.6
(23,2,2,4): 26793.2
(23,2,3,4): 30365.6
(23,2,4,4): 34831.1
(23,2,5,4): 38403.5
(23,2,6,4): 30365.6
(23,2,7,4): 33938
(23,2,8,4): 22327.6
(23,2,9,4): 25900.1
(23,2,10,4): 10717.3
(23,2,11,4): 14289.7
(23,2,12,4): 18755.2
(23,2,13,4): 22327.6
(23,2,14,4): 26793.2
(23,2,15,4): 30365.6
(23,2,16,4): 34831.1
(23,2,17,4): 38403.5
(23,2,18,4): 26793.2
(23,2,19,4): 30365.6
(23,2,20,4): 24113.9
(23,2,21,4): 24113.9
(23,3,0,6): 16230.8
(23,3,1,6): 19322.4
(23,3,2,6): 23186.8
(23,3,3,6): 26278.4
(23,3,4,6): 30142.9
(23,3,5,6): 33234.5
(23,3,6,6): 26278.4
(23,3,7,6): 29370
(23,3,8,6): 19322.4
(23,3,9,6): 22413.9
(23,3,10,6): 9274.73
(23,3,11,6): 12366.3
(23,3,12,6): 16230.8
(23,3,13,6): 19322.4
(23,3,14,6): 23186.8
(23,3,15,6): 26278.4
(23,3,16,6): 30142.9
(23,3,17,6): 33234.5
(23,3,18,6): 23186.8
(23,3,19,6): 26278.4
(23,3,20,6): 20868.1
(23,3,21,6): 20868.1
(23,4,0,6): 18755.2
(23,4,1,6): 22327.6
(23,4,2,6): 26793.2
(23,4,3,6): 30365.6
(23,4,4,6): 34831.1
(23,4,5,6): 38403.5
(23,4,6,6): 30365.6
(23,4,7,6): 33938
(23,4,8,6): 22327.6
(23,4,9,6): 25900.1
(23,4,10,6): 10717.3
(23,4,11,6): 14289.7
(23,4,12,6): 18755.2
(23,4,13,6): 22327.6
(23,4,14,6): 26793.2
(23,4,15,6): 30365.6
(23,4,16,6): 34831.1
(23,4,17,6): 38403.5
(23,4,18,6): 26793.2
(23,4,19,6): 30365.6
(23,4,20,6): 24113.9
(23,4,21,6): 24113.9
(23,5,0,7): 7186.71
(23,5,0,8): 27799.3
(23,5,1,7): 8555.61
(23,5,1,8): 33094.4
(23,5,2,7): 10266.7
(23,5,2,8): 39713.3
(23,5,3,7): 11635.6
(23,5,3,8): 45008.4
(23,5,4,7): 13346.7
(23,5,4,8): 51627.3
(23,5,5,7): 14715.6
(23,5,5,8): 56922.4
(23,5,6,7): 11635.6
(23,5,6,8): 45008.4
(23,5,7,7): 13004.5
(23,5,7,8): 50303.5
(23,5,8,7): 8555.61
(23,5,8,8): 33094.4
(23,5,9,7): 9924.51
(23,5,9,8): 38389.5
(23,5,10,7): 4106.69
(23,5,10,8): 15885.3
(23,5,11,7): 5475.59
(23,5,11,8): 21180.4
(23,5,12,7): 7186.71
(23,5,12,8): 27799.3
(23,5,13,7): 8555.61
(23,5,13,8): 33094.4
(23,5,14,7): 10266.7
(23,5,14,8): 39713.3
(23,5,15,7): 11635.6
(23,5,15,8): 45008.4
(23,5,16,7): 13346.7
(23,5,16,8): 51627.3
(23,5,17,7): 14715.6
(23,5,17,8): 56922.4
(23,5,18,7): 10266.7
(23,5,18,8): 39713.3
(23,5,19,7): 11635.6
(23,5,19,8): 45008.4
(23,5,20,7): 9240.06
(23,5,20,8): 35741.9
(23,5,21,7): 9240.06
(23,5,21,8): 35741.9
(23,6,0,10): 17493
(23,6,0,17): 17493
(23,6,1,10): 20825
(23,6,1,17): 20825
(23,6,2,10): 24990
(23,6,2,17): 24990
(23,6,3,10): 28322
(23,6,3,17): 28322
(23,6,4,10): 32487
(23,6,4,17): 32487
(23,6,5,10): 35819
(23,6,5,17): 35819
(23,6,6,10): 28322
(23,6,6,17): 28322
(23,6,7,10): 31654
(23,6,7,17): 31654
(23,6,8,10): 20825
(23,6,8,17): 20825
(23,6,9,10): 24157
(23,6,9,17): 24157
(23,6,10,10): 9996
(23,6,10,17): 9996
(23,6,11,10): 13328
(23,6,11,17): 13328
(23,6,12,10): 17493
(23,6,12,17): 17493
(23,6,13,10): 20825
(23,6,13,17): 20825
(23,6,14,10): 24990
(23,6,14,17): 24990
(23,6,15,10): 28322
(23,6,15,17): 28322
(23,6,16,10): 32487
(23,6,16,17): 32487
(23,6,17,10): 35819
(23,6,17,17): 35819
(23,6,18,10): 24990
(23,6,18,17): 24990
(23,6,19,10): 28322
(23,6,19,17): 28322
(23,6,20,10): 22491
(23,6,20,17): 22491
(23,6,21,10): 22491
(23,6,21,17): 22491
(23,7,0,9): 7186.71
(23,7,1,9): 8555.61
(23,7,2,9): 10266.7
(23,7,3,9): 11635.6
(23,7,4,9): 13346.7
(23,7,5,9): 14715.6
(23,7,6,9): 11635.6
(23,7,7,9): 13004.5
(23,7,8,9): 8555.61
(23,7,9,9): 9924.51
(23,7,10,9): 4106.69
(23,7,11,9): 5475.59
(23,7,12,9): 7186.71
(23,7,13,9): 8555.61
(23,7,14,9): 10266.7
(23,7,15,9): 11635.6
(23,7,16,9): 13346.7
(23,7,17,9): 14715.6
(23,7,18,9): 10266.7
(23,7,19,9): 11635.6
(23,7,20,9): 9240.06
(23,7,21,9): 9240.06
(23,8,0,9): 10306.3
(23,8,0,16): 17493
(23,8,1,9): 12269.4
(23,8,1,16): 20825
(23,8,2,9): 14723.3
(23,8,2,16): 24990
(23,8,3,9): 16686.4
(23,8,3,16): 28322
(23,8,4,9): 19140.3
(23,8,4,16): 32487
(23,8,5,9): 21103.4
(23,8,5,16): 35819
(23,8,6,9): 16686.4
(23,8,6,16): 28322
(23,8,7,9): 18649.5
(23,8,7,16): 31654
(23,8,8,9): 12269.4
(23,8,8,16): 20825
(23,8,9,9): 14232.5
(23,8,9,16): 24157
(23,8,10,9): 5889.31
(23,8,10,16): 9996
(23,8,11,9): 7852.41
(23,8,11,16): 13328
(23,8,12,9): 10306.3
(23,8,12,16): 17493
(23,8,13,9): 12269.4
(23,8,13,16): 20825
(23,8,14,9): 14723.3
(23,8,14,16): 24990
(23,8,15,9): 16686.4
(23,8,15,16): 28322
(23,8,16,9): 19140.3
(23,8,16,16): 32487
(23,8,17,9): 21103.4
(23,8,17,16): 35819
(23,8,18,9): 14723.3
(23,8,18,16): 24990
(23,8,19,9): 16686.4
(23,8,19,16): 28322
(23,8,20,9): 13250.9
(23,8,20,16): 22491
(23,8,21,9): 13250.9
(23,8,21,16): 22491
(23,9,0,5): 17493
(23,9,1,5): 20825
(23,9,2,5): 24990
(23,9,3,5): 28322
(23,9,4,5): 32487
(23,9,5,5): 35819
(23,9,6,5): 28322
(23,9,7,5): 31654
(23,9,8,5): 20825
(23,9,9,5): 24157
(23,9,10,5): 9996
(23,9,11,5): 13328
(23,9,12,5): 17493
(23,9,13,5): 20825
(23,9,14,5): 24990
(23,9,15,5): 28322
(23,9,16,5): 32487
(23,9,17,5): 35819
(23,9,18,5): 24990
(23,9,19,5): 28322
(23,9,20,5): 22491
(23,9,21,5): 22491
(23,10,0,12): 17493
(23,10,1,12): 20825
(23,10,2,12): 24990
(23,10,3,12): 28322
(23,10,4,12): 32487
(23,10,5,12): 35819
(23,10,6,12): 28322
(23,10,7,12): 31654
(23,10,8,12): 20825
(23,10,9,12): 24157
(23,10,10,12): 9996
(23,10,11,12): 13328
(23,10,12,12): 17493
(23,10,13,12): 20825
(23,10,14,12): 24990
(23,10,15,12): 28322
(23,10,16,12): 32487
(23,10,17,12): 35819
(23,10,18,12): 24990
(23,10,19,12): 28322
(23,10,20,12): 22491
(23,10,21,12): 22491
(23,11,0,18): 2997.04
(23,11,1,18): 3567.91
(23,11,2,18): 4281.49
(23,11,3,18): 4852.36
(23,11,4,18): 5565.94
(23,11,5,18): 6136.81
(23,11,6,18): 4852.36
(23,11,7,18): 5423.22
(23,11,8,18): 3567.91
(23,11,9,18): 4138.78
(23,11,10,18): 1712.6
(23,11,11,18): 2283.46
(23,11,12,18): 2997.04
(23,11,13,18): 3567.91
(23,11,14,18): 4281.49
(23,11,15,18): 4852.36
(23,11,16,18): 5565.94
(23,11,17,18): 6136.81
(23,11,18,18): 4281.49
(23,11,19,18): 4852.36
(23,11,20,18): 3853.34
(23,11,21,18): 3853.34
(23,12,0,13): 17493
(23,12,0,18): 14496
(23,12,1,13): 20825
(23,12,1,18): 17257.1
(23,12,2,13): 24990
(23,12,2,18): 20708.5
(23,12,3,13): 28322
(23,12,3,18): 23469.6
(23,12,4,13): 32487
(23,12,4,18): 26921.1
(23,12,5,13): 35819
(23,12,5,18): 29682.2
(23,12,6,13): 28322
(23,12,6,18): 23469.6
(23,12,7,13): 31654
(23,12,7,18): 26230.8
(23,12,8,13): 20825
(23,12,8,18): 17257.1
(23,12,9,13): 24157
(23,12,9,18): 20018.2
(23,12,10,13): 9996
(23,12,10,18): 8283.4
(23,12,11,13): 13328
(23,12,11,18): 11044.5
(23,12,12,13): 17493
(23,12,12,18): 14496
(23,12,13,13): 20825
(23,12,13,18): 17257.1
(23,12,14,13): 24990
(23,12,14,18): 20708.5
(23,12,15,13): 28322
(23,12,15,18): 23469.6
(23,12,16,13): 32487
(23,12,16,18): 26921.1
(23,12,17,13): 35819
(23,12,17,18): 29682.2
(23,12,18,13): 24990
(23,12,18,18): 20708.5
(23,12,19,13): 28322
(23,12,19,18): 23469.6
(23,12,20,13): 22491
(23,12,20,18): 18637.7
(23,12,21,13): 22491
(23,12,21,18): 18637.7
(23,13,0,14): 17493
(23,13,1,14): 20825
(23,13,2,14): 24990
(23,13,3,14): 28322
(23,13,4,14): 32487
(23,13,5,14): 35819
(23,13,6,14): 28322
(23,13,7,14): 31654
(23,13,8,14): 20825
(23,13,9,14): 24157
(23,13,10,14): 9996
(23,13,11,14): 13328
(23,13,12,14): 17493
(23,13,13,14): 20825
(23,13,14,14): 24990
(23,13,15,14): 28322
(23,13,16,14): 32487
(23,13,17,14): 35819
(23,13,18,14): 24990
(23,13,19,14): 28322
(23,13,20,14): 22491
(23,13,21,14): 22491
(23,14,0,20): 15302.2
(23,14,0,21): 2190.83
(23,14,1,20): 18216.9
(23,14,1,21): 2608.13
(23,14,2,20): 21860.2
(23,14,2,21): 3129.76
(23,14,3,20): 24774.9
(23,14,3,21): 3547.06
(23,14,4,20): 28418.3
(23,14,4,21): 4068.69
(23,14,5,20): 31333
(23,14,5,21): 4485.99
(23,14,6,20): 24774.9
(23,14,6,21): 3547.06
(23,14,7,20): 27689.6
(23,14,7,21): 3964.36
(23,14,8,20): 18216.9
(23,14,8,21): 2608.13
(23,14,9,20): 21131.6
(23,14,9,21): 3025.43
(23,14,10,20): 8744.1
(23,14,10,21): 1251.9
(23,14,11,20): 11658.8
(23,14,11,21): 1669.2
(23,14,12,20): 15302.2
(23,14,12,21): 2190.83
(23,14,13,20): 18216.9
(23,14,13,21): 2608.13
(23,14,14,20): 21860.2
(23,14,14,21): 3129.76
(23,14,15,20): 24774.9
(23,14,15,21): 3547.06
(23,14,16,20): 28418.3
(23,14,16,21): 4068.69
(23,14,17,20): 31333
(23,14,17,21): 4485.99
(23,14,18,20): 21860.2
(23,14,18,21): 3129.76
(23,14,19,20): 24774.9
(23,14,19,21): 3547.06
(23,14,20,20): 19674.2
(23,14,20,21): 2816.78
(23,14,21,20): 19674.2
(23,14,21,21): 2816.78
(23,15,0,1): 16230.8
(23,15,0,2): 1262.22
(23,15,1,1): 19322.4
(23,15,1,2): 1502.64
(23,15,2,1): 23186.8
(23,15,2,2): 1803.17
(23,15,3,1): 26278.4
(23,15,3,2): 2043.59
(23,15,4,1): 30142.9
(23,15,4,2): 2344.12
(23,15,5,1): 33234.5
(23,15,5,2): 2584.54
(23,15,6,1): 26278.4
(23,15,6,2): 2043.59
(23,15,7,1): 29370
(23,15,7,2): 2284.02
(23,15,8,1): 19322.4
(23,15,8,2): 1502.64
(23,15,9,1): 22413.9
(23,15,9,2): 1743.06
(23,15,10,1): 9274.73
(23,15,10,2): 721.268
(23,15,11,1): 12366.3
(23,15,11,2): 961.691
(23,15,12,1): 16230.8
(23,15,12,2): 1262.22
(23,15,13,1): 19322.4
(23,15,13,2): 1502.64
(23,15,14,1): 23186.8
(23,15,14,2): 1803.17
(23,15,15,1): 26278.4
(23,15,15,2): 2043.59
(23,15,16,1): 30142.9
(23,15,16,2): 2344.12
(23,15,17,1): 33234.5
(23,15,17,2): 2584.54
(23,15,18,1): 23186.8
(23,15,18,2): 1803.17
(23,15,19,1): 26278.4
(23,15,19,2): 2043.59
(23,15,20,1): 20868.1
(23,15,20,2): 1622.85
(23,15,21,1): 20868.1
(23,15,21,2): 1622.85
(23,16,0,5): 17493
(23,16,1,5): 20825
(23,16,2,5): 24990
(23,16,3,5): 28322
(23,16,4,5): 32487
(23,16,5,5): 35819
(23,16,6,5): 28322
(23,16,7,5): 31654
(23,16,8,5): 20825
(23,16,9,5): 24157
(23,16,10,5): 9996
(23,16,11,5): 13328
(23,16,12,5): 17493
(23,16,13,5): 20825
(23,16,14,5): 24990
(23,16,15,5): 28322
(23,16,16,5): 32487
(23,16,17,5): 35819
(23,16,18,5): 24990
(23,16,19,5): 28322
(23,16,20,5): 22491
(23,16,21,5): 22491
(23,17,0,11): 2997.04
(23,17,0,12): 14496
(23,17,1,11): 3567.91
(23,17,1,12): 17257.1
(23,17,2,11): 4281.49
(23,17,2,12): 20708.5
(23,17,3,11): 4852.36
(23,17,3,12): 23469.6
(23,17,4,11): 5565.94
(23,17,4,12): 26921.1
(23,17,5,11): 6136.81
(23,17,5,12): 29682.2
(23,17,6,11): 4852.36
(23,17,6,12): 23469.6
(23,17,7,11): 5423.22
(23,17,7,12): 26230.8
(23,17,8,11): 3567.91
(23,17,8,12): 17257.1
(23,17,9,11): 4138.78
(23,17,9,12): 20018.2
(23,17,10,11): 1712.6
(23,17,10,12): 8283.4
(23,17,11,11): 2283.46
(23,17,11,12): 11044.5
(23,17,12,11): 2997.04
(23,17,12,12): 14496
(23,17,13,11): 3567.91
(23,17,13,12): 17257.1
(23,17,14,11): 4281.49
(23,17,14,12): 20708.5
(23,17,15,11): 4852.36
(23,17,15,12): 23469.6
(23,17,16,11): 5565.94
(23,17,16,12): 26921.1
(23,17,17,11): 6136.81
(23,17,17,12): 29682.2
(23,17,18,11): 4281.49
(23,17,18,12): 20708.5
(23,17,19,11): 4852.36
(23,17,19,12): 23469.6
(23,17,20,11): 3853.34
(23,17,20,12): 18637.7
(23,17,21,11): 3853.34
(23,17,21,12): 18637.7
(23,18,0,19): 17493
(23,18,1,19): 20825
(23,18,2,19): 24990
(23,18,3,19): 28322
(23,18,4,19): 32487
(23,18,5,19): 35819
(23,18,6,19): 28322
(23,18,7,19): 31654
(23,18,8,19): 20825
(23,18,9,19): 24157
(23,18,10,19): 9996
(23,18,11,19): 13328
(23,18,12,19): 17493
(23,18,13,19): 20825
(23,18,14,19): 24990
(23,18,15,19): 28322
(23,18,16,19): 32487
(23,18,17,19): 35819
(23,18,18,19): 24990
(23,18,19,19): 28322
(23,18,20,19): 22491
(23,18,21,19): 22491
(23,19,0,22): 15302.2
(23,19,0,23): 2190.83
(23,19,1,22): 18216.9
(23,19,1,23): 2608.13
(23,19,2,22): 21860.2
(23,19,2,23): 3129.76
(23,19,3,22): 24774.9
(23,19,3,23): 3547.06
(23,19,4,22): 28418.3
(23,19,4,23): 4068.69
(23,19,5,22): 31333
(23,19,5,23): 4485.99
(23,19,6,22): 24774.9
(23,19,6,23): 3547.06
(23,19,7,22): 27689.6
(23,19,7,23): 3964.36
(23,19,8,22): 18216.9
(23,19,8,23): 2608.13
(23,19,9,22): 21131.6
(23,19,9,23): 3025.43
(23,19,10,22): 8744.1
(23,19,10,23): 1251.9
(23,19,11,22): 11658.8
(23,19,11,23): 1669.2
(23,19,12,22): 15302.2
(23,19,12,23): 2190.83
(23,19,13,22): 18216.9
(23,19,13,23): 2608.13
(23,19,14,22): 21860.2
(23,19,14,23): 3129.76
(23,19,15,22): 24774.9
(23,19,15,23): 3547.06
(23,19,16,22): 28418.3
(23,19,16,23): 4068.69
(23,19,17,22): 31333
(23,19,17,23): 4485.99
(23,19,18,22): 21860.2
(23,19,18,23): 3129.76
(23,19,19,22): 24774.9
(23,19,19,23): 3547.06
(23,19,20,22): 19674.2
(23,19,20,23): 2816.78
(23,19,21,22): 19674.2
(23,19,21,23): 2816.78
(23,20,0,0): 15302.2
(23,20,1,0): 18216.9
(23,20,2,0): 21860.2
(23,20,3,0): 24774.9
(23,20,4,0): 28418.3
(23,20,5,0): 31333
(23,20,6,0): 24774.9
(23,20,7,0): 27689.6
(23,20,8,0): 18216.9
(23,20,9,0): 21131.6
(23,20,10,0): 8744.1
(23,20,11,0): 11658.8
(23,20,12,0): 15302.2
(23,20,13,0): 18216.9
(23,20,14,0): 21860.2
(23,20,15,0): 24774.9
(23,20,16,0): 28418.3
(23,20,17,0): 31333
(23,20,18,0): 21860.2
(23,20,19,0): 24774.9
(23,20,20,0): 19674.2
(23,20,21,0): 19674.2
(23,21,0,0): 2190.83
(23,21,1,0): 2608.13
(23,21,2,0): 3129.76
(23,21,3,0): 3547.06
(23,21,4,0): 4068.69
(23,21,5,0): 4485.99
(23,21,6,0): 3547.06
(23,21,7,0): 3964.36
(23,21,8,0): 2608.13
(23,21,9,0): 3025.43
(23,21,10,0): 1251.9
(23,21,11,0): 1669.2
(23,21,12,0): 2190.83
(23,21,13,0): 2608.13
(23,21,14,0): 3129.76
(23,21,15,0): 3547.06
(23,21,16,0): 4068.69
(23,21,17,0): 4485.99
(23,21,18,0): 3129.76
(23,21,19,0): 3547.06
(23,21,20,0): 2816.78
(23,21,21,0): 2816.78
(23,22,0,15): 15302.2
(23,22,1,15): 18216.9
(23,22,2,15): 21860.2
(23,22,3,15): 24774.9
(23,22,4,15): 28418.3
(23,22,5,15): 31333
(23,22,6,15): 24774.9
(23,22,7,15): 27689.6
(23,22,8,15): 18216.9
(23,22,9,15): 21131.6
(23,22,10,15): 8744.1
(23,22,11,15): 11658.8
(23,22,12,15): 15302.2
(23,22,13,15): 18216.9
(23,22,14,15): 21860.2
(23,22,15,15): 24774.9
(23,22,16,15): 28418.3
(23,22,17,15): 31333
(23,22,18,15): 21860.2
(23,22,19,15): 24774.9
(23,22,20,15): 19674.2
(23,22,21,15): 19674.2
(23,23,0,15): 2190.83
(23,23,1,15): 2608.13
(23,23,2,15): 3129.76
(23,23,3,15): 3547.06
(23,23,4,15): 4068.69
(23,23,5,15): 4485.99
(23,23,6,15): 3547.06
(23,23,7,15): 3964.36
(23,23,8,15): 2608.13
(23,23,9,15): 3025.43
(23,23,10,15): 1251.9
(23,23,11,15): 1669.2
(23,23,12,15): 2190.83
(23,23,13,15): 2608.13
(23,23,14,15): 3129.76
(23,23,15,15): 3547.06
(23,23,16,15): 4068.69
(23,23,17,15): 4485.99
(23,23,18,15): 3129.76
(23,23,19,15): 3547.06
(23,23,20,15): 2816.78
(23,23,21,15): 2816.78
